4.89145e-07	-1.09342e-24	-8.59317e-09	1.84325e-26	1.04953e-08	-3.10851e-25	-7.02979e-08	1.56576e-25	2.30258e-09	6.52013e-25	2.92669e-07	8.32939e-26	-2.29757e-08	5.11907e-26	-6.17152e-10	1.94242e-25	8.71801e-08	-2.23249e-26	-6.53964e-09	1.45707e-26	1.66030e-10	5.52914e-26	2.48159e-08	6.00558e-27	-1.80444e-09	4.02042e-27	-4.69690e-11	1.60907e-26	7.22183e-09	-1.69744e-27	-5.57136e-10	1.24134e-27	1.25856e-11	4.70064e-27	2.10974e-09	4.54839e-28	-1.58482e-10	3.53109e-28	-3.37342e-12	1.33408e-27	5.98761e-10	-1.21914e-28	-4.47950e-11	9.98063e-29	9.08079e-13	3.78944e-28	1.70078e-10	3.28153e-29	-1.23009e-11	2.74073e-29	-2.58896e-13	1.10707e-28	4.96876e-11	-9.34752e-30	-3.84931e-12	8.57651e-30	6.93730e-14	3.24910e-29	1.45826e-11	2.50473e-30	-1.09562e-12	2.44111e-30	-1.85957e-14	9.22368e-30	4.13977e-12	-6.71399e-31	-3.09544e-13	6.89684e-31	5.00985e-15	2.62121e-30	1.17645e-12	1.80869e-31	-8.44501e-14	1.88161e-31	-1.44370e-15	7.70148e-31	3.45657e-13	-5.20754e-32	-2.69366e-14	6.00166e-32	3.86850e-16	2.27502e-31	1.02107e-13	1.39540e-32	-7.67327e-15	1.70966e-32	-1.03705e-16	6.46082e-32	2.89974e-14	-3.74073e-33	-2.16660e-15	4.82734e-33	2.79715e-17	1.83727e-32	8.24603e-15	1.00888e-33	-5.85424e-16	1.30436e-33	-8.18062e-18	5.44188e-33	2.44242e-15	-2.94804e-34	-1.91930e-16	4.27633e-34	2.19208e-18	1.62237e-33	7.28151e-16	7.89957e-35	-5.47378e-17	1.21959e-34	-5.87714e-19	4.60979e-34	2.06896e-16	-2.11792e-35	-1.54426e-17	3.44071e-35	1.58770e-19	1.31209e-34	5.88892e-17	5.72117e-36	-4.11344e-18	9.16501e-36	-4.73683e-20	3.93046e-35	1.76407e-17	-1.70544e-36	-1.40245e-18	3.12476e-36	1.26930e-20	1.18686e-35	5.32685e-18	4.56997e-37	-4.00618e-19	8.92603e-37	-3.40362e-21	3.37477e-36	1.51466e-18	-1.22543e-37	-1.12888e-19	2.51522e-37	9.21497e-22	9.61794e-37	4.31672e-19	3.31752e-38	-2.94200e-20	6.55498e-38	-2.82367e-22	2.92755e-37	1.31394e-19	-1.01577e-38	-1.06180e-20	2.36576e-38	7.56654e-23	9.00011e-38	4.03943e-20	2.72195e-39	-3.03978e-21	6.77284e-39	-2.02943e-23	2.56171e-38	1.14975e-20	-7.30053e-40	-8.55048e-22	1.90510e-39	5.51170e-24	7.31453e-39	3.28290e-21	1.98263e-40	-2.14876e-22	4.78759e-40	-1.75252e-24	2.28037e-39	1.02347e-21	-6.29986e-41	-8.47234e-23	1.88769e-40	4.69633e-25	7.19810e-40	3.23065e-22	1.68821e-41	-2.43314e-23	5.42120e-41	-1.26008e-25	2.05187e-40	9.20920e-23	-4.52965e-42	-6.82234e-24	1.52006e-41	3.43996e-26	5.87803e-41	2.63818e-23	1.23651e-42	-1.58790e-24	3.53796e-42	-1.15905e-26	1.91257e-41	8.58399e-24	-4.16413e-43	-7.40880e-25	1.65073e-42	3.10580e-27	6.31821e-42	2.83573e-24	1.11583e-43	-2.14035e-25	4.76884e-43	-8.32732e-28	1.80429e-42	8.09800e-25	-2.99177e-44	-6.02354e-26	1.34209e-43	2.25127e-28	5.15261e-43	2.31259e-25	8.08807e-45	-1.52986e-26	3.40863e-44	-6.77763e-29	1.60136e-43	7.18723e-26	-2.43459e-45	-5.54548e-27	1.23557e-44	1.81544e-29	4.92274e-44	2.20942e-26	6.52124e-46	-1.60898e-27	3.58492e-45	-4.84126e-30	1.38247e-44	6.20482e-27	-1.73900e-46	-5.21920e-28	1.16287e-45	1.21066e-30	3.30340e-45	1.48263e-27	4.34765e-47	-5.06904e-31	1.12942e-48	-1.36436e-33	1.76596e-51	9.19614e-34	-5.92606e-51
-1.09342e-24	4.90444e-07	8.38837e-25	-1.04950e-08	-2.58948e-26	1.59632e-09	1.57415e-25	-7.04815e-08	-2.24770e-25	-2.93434e-07	-6.55291e-25	-4.27742e-10	5.14407e-26	-2.30358e-08	6.02444e-26	-8.74081e-08	-1.95188e-25	1.14646e-10	1.46416e-26	-6.55674e-09	-1.62073e-26	-2.48808e-08	-5.55603e-26	-3.08407e-11	4.03997e-27	-1.80916e-09	4.58496e-27	-7.24071e-09	-1.61689e-26	8.71695e-12	1.24737e-27	-5.58593e-10	-1.22857e-27	-2.11526e-09	-4.72349e-27	-2.33576e-12	3.54825e-28	-1.58897e-10	3.29302e-28	-6.00326e-10	-1.34056e-27	6.26068e-13	1.00292e-28	-4.49122e-11	-8.86437e-29	-1.70522e-10	-3.80786e-28	-1.68518e-13	2.75405e-29	-1.23331e-11	2.52726e-29	-4.98176e-11	-1.11246e-28	4.80027e-14	8.61821e-30	-3.85937e-12	-6.77197e-30	-1.46208e-11	-3.26490e-29	-1.28626e-14	2.45298e-30	-1.09848e-12	1.81525e-30	-4.15060e-12	-9.26853e-30	3.44786e-15	6.93037e-31	-3.10353e-13	-4.89045e-31	-1.17953e-12	-2.63396e-30	-9.28822e-16	1.89075e-31	-8.46710e-14	1.40929e-31	-3.46561e-13	-7.73892e-31	2.67425e-16	6.03084e-32	-2.70071e-14	-3.77631e-32	-1.02374e-13	-2.28608e-31	-7.16587e-17	1.71797e-32	-7.69333e-15	1.01234e-32	-2.90733e-14	-6.49223e-32	1.92099e-17	4.85081e-33	-2.17227e-15	-2.73049e-33	-8.26759e-15	-1.84620e-32	-5.18096e-18	1.31070e-33	-5.86955e-16	7.98566e-34	-2.44881e-15	-5.46834e-33	1.51392e-18	4.29712e-34	-1.92432e-16	-2.13984e-34	-7.30056e-16	-1.63026e-33	-4.05670e-19	1.22552e-34	-5.48810e-17	5.73707e-35	-2.07437e-16	-4.63220e-34	1.08763e-19	3.45744e-35	-1.54830e-17	-1.54987e-35	-5.90432e-17	-1.31847e-34	-2.93801e-20	9.20957e-36	-4.12419e-18	4.62394e-36	-1.76868e-17	-3.94957e-35	8.75804e-21	3.13995e-36	-1.40612e-18	-1.23905e-36	-5.34078e-18	-1.19263e-35	-2.34683e-21	8.96942e-37	-4.01665e-19	3.32250e-37	-1.51862e-18	-3.39117e-36	6.29300e-22	2.52745e-37	-1.13183e-19	-8.99535e-38	-4.32801e-19	-9.66471e-37	-1.70366e-22	6.58685e-38	-2.94970e-20	2.75638e-38	-1.31738e-19	-2.94179e-37	5.21635e-23	2.37726e-38	-1.06457e-20	-7.38621e-39	-4.04999e-20	-9.04387e-38	-1.39781e-23	6.80576e-39	-3.04773e-21	1.98106e-39	-1.15275e-20	-2.57417e-38	3.74907e-24	1.91437e-39	-8.57284e-22	-5.38034e-40	-3.29149e-21	-7.35009e-39	-1.01815e-24	4.81087e-40	-2.15438e-22	1.71076e-40	-1.02615e-21	-2.29146e-39	3.23519e-25	1.89687e-40	-8.49449e-23	-4.58440e-41	-3.23910e-22	-7.23310e-40	-8.66952e-26	5.44756e-41	-2.43950e-23	1.23005e-41	-9.23328e-23	-2.06185e-40	2.32613e-26	1.52745e-41	-6.84019e-24	-3.35798e-42	-2.64507e-23	-5.90661e-41	-6.34992e-27	3.55516e-42	-1.59206e-24	1.13142e-42	-8.60643e-24	-1.92187e-41	2.13842e-27	1.65876e-42	-7.42818e-25	-3.03178e-43	-2.84315e-24	-6.34892e-42	-5.73015e-28	4.79202e-43	-2.14595e-25	8.12885e-44	-8.11918e-25	-1.81306e-42	1.53637e-28	1.34861e-43	-6.03930e-26	-2.19762e-44	-2.31864e-25	-5.17766e-43	-4.15350e-29	3.42520e-44	-1.53386e-26	6.61610e-45	-7.20603e-26	-1.60915e-43	1.25025e-29	1.24158e-44	-5.55998e-27	-1.77217e-45	-2.21520e-26	-4.94668e-44	-3.34888e-30	3.60235e-45	-1.61319e-27	4.72588e-46	-6.22104e-27	-1.38920e-44	8.93030e-31	1.16853e-45	-5.23285e-28	-1.18180e-46	-1.48651e-27	-3.31946e-45	-2.23244e-31	1.13491e-48	-5.08230e-31	1.33184e-49	-9.29547e-34	-2.05892e-51	-5.50164e-35
-8.59317e-09	8.38837e-25	1.67478e-07	-2.04767e-26	-2.12007e-10	7.42766e-27	1.23808e-09	-1.20833e-25	-4.48765e-08	-5.02988e-25	-5.15367e-09	-1.99028e-27	4.04557e-10	-3.94842e-26	1.20281e-08	-1.49820e-25	-1.53506e-09	5.33444e-28	1.15149e-10	-1.12384e-26	-3.23587e-09	-4.26462e-26	-4.36954e-10	-1.43501e-28	3.17724e-11	-3.10094e-27	9.15410e-10	-1.24107e-26	-1.27161e-10	4.05598e-29	9.80997e-12	-9.57440e-28	-2.45289e-10	-3.62559e-27	-3.71479e-11	-1.08682e-29	2.79053e-12	-2.72352e-28	6.57468e-11	-1.02897e-27	-1.05429e-11	2.91308e-30	7.88744e-13	-7.69804e-29	-1.76982e-11	-2.92279e-28	-2.99470e-12	-7.84109e-31	2.16593e-13	-2.11392e-29	5.04580e-12	-8.53883e-29	-8.74892e-13	2.23355e-31	6.77780e-14	-6.61504e-30	-1.35206e-12	-2.50603e-29	-2.56768e-13	-5.98496e-32	1.92915e-14	-1.88282e-30	3.62424e-13	-7.11421e-30	-7.28924e-14	1.60428e-32	5.45039e-15	-5.31951e-31	-9.76403e-14	-2.02174e-30	-2.07148e-14	-4.32179e-33	1.48698e-15	-1.45128e-31	2.81371e-14	-5.94013e-31	-6.08628e-15	1.24432e-33	4.74296e-16	-4.62906e-32	-7.53958e-15	-1.75471e-31	-1.79789e-15	-3.33427e-34	1.35110e-16	-1.31865e-32	2.02118e-15	-4.98322e-32	-5.10582e-16	8.93834e-35	3.81492e-17	-3.72331e-33	-5.45155e-16	-1.41708e-32	-1.45195e-16	-2.41069e-35	1.03080e-17	-1.00605e-33	1.59437e-16	-4.19731e-33	-4.30058e-17	7.04423e-36	3.37948e-18	-3.29833e-34	-4.27230e-17	-1.25133e-33	-1.28212e-17	-1.88757e-36	9.63814e-19	-9.40671e-35	1.14543e-17	-3.55552e-34	-3.64300e-18	5.06070e-37	2.71911e-19	-2.65381e-35	-3.09438e-18	-1.01201e-34	-1.03691e-18	-1.36705e-37	7.24288e-20	-7.06895e-36	9.23192e-19	-3.03156e-35	-3.10614e-19	4.07510e-38	2.46942e-20	-2.41012e-36	-2.47382e-19	-9.15420e-36	-9.37943e-20	-1.09198e-38	7.05401e-21	-6.88462e-37	6.63354e-20	-2.60295e-36	-2.66699e-20	2.92812e-39	1.98771e-21	-1.93998e-37	-1.79597e-20	-7.41830e-37	-7.60081e-21	-7.92709e-40	5.18023e-22	-5.05584e-38	5.50324e-21	-2.25801e-37	-2.31357e-21	2.42716e-40	1.86960e-22	-1.82470e-38	-1.47469e-21	-6.94177e-38	-7.11256e-22	-6.50400e-41	5.35240e-23	-5.22387e-39	3.95529e-22	-1.97584e-38	-2.02446e-22	1.74444e-41	1.50556e-23	-1.46940e-39	-1.07421e-22	-5.64168e-39	-5.78048e-23	-4.73742e-42	3.78351e-24	-3.69266e-40	3.41561e-23	-1.75884e-39	-1.80212e-23	1.50533e-42	1.49180e-24	-1.45597e-40	-9.15298e-24	-5.55188e-40	-5.68848e-24	-4.03391e-43	4.28423e-25	-4.18136e-41	2.45585e-24	-1.58260e-40	-1.62154e-24	1.08234e-43	1.20127e-25	-1.17242e-41	-6.70437e-25	-4.53371e-41	-4.64526e-25	-2.95461e-44	2.79596e-26	-2.72882e-42	2.25894e-25	-1.47516e-41	-1.51145e-25	9.95003e-45	1.30453e-26	-1.27320e-42	-6.05310e-26	-4.87322e-42	-4.99312e-26	-2.66623e-45	3.76869e-27	-3.67819e-43	1.62297e-26	-1.39164e-42	-1.42588e-26	7.14872e-46	1.06062e-27	-1.03515e-43	-4.38765e-27	-3.97419e-43	-4.07197e-27	-1.93261e-46	2.69375e-28	-2.62907e-44	1.32094e-27	-1.23513e-43	-1.26552e-27	5.81737e-47	9.76439e-29	-9.52992e-45	-3.53823e-28	-3.79690e-44	-3.89032e-28	-1.55823e-47	2.83307e-29	-2.76504e-45	9.43545e-29	-1.06630e-44	-1.09253e-28	4.15527e-48	9.18988e-30	-8.96921e-46	-2.35953e-29	-2.54791e-45	-2.61059e-29	-1.03882e-48	8.92549e-33	-8.71116e-49	2.65909e-32	-1.58869e-51	-1.61924e-35	-1.96083e-54
1.84325e-26	-1.04950e-08	-2.04767e-26	2.58936e-10	3.70946e-28	3.75866e-13	-2.64629e-27	1.51209e-09	5.48682e-27	6.29427e-09	1.10179e-26	-1.00715e-13	-8.64977e-28	4.94094e-10	-1.47061e-27	1.87480e-09	3.28211e-27	2.69942e-14	-2.46201e-28	1.40634e-10	3.95634e-28	5.33661e-10	9.34257e-28	-7.26166e-15	-6.79329e-29	3.88042e-11	-1.11922e-28	1.55304e-10	2.71884e-28	2.05247e-15	-2.09748e-29	1.19811e-11	2.99902e-29	4.53695e-11	7.94265e-29	-5.49970e-16	-5.96646e-30	3.40813e-12	-8.03853e-30	1.28762e-11	2.25419e-29	1.47412e-16	-1.68642e-30	9.63308e-13	2.16386e-30	3.65748e-12	6.40300e-30	-3.96787e-17	-4.63100e-31	2.64529e-13	-6.16924e-31	1.06852e-12	1.87062e-30	1.13026e-17	-1.44917e-31	8.27786e-14	1.65309e-31	3.13596e-13	5.49000e-31	-3.02860e-18	-4.12473e-32	2.35610e-14	-4.43117e-32	8.90249e-14	1.55852e-31	8.11824e-19	-1.16536e-32	6.65667e-15	1.19380e-32	2.52994e-14	4.42905e-32	-2.18698e-19	-3.17934e-33	1.81608e-15	-3.44019e-33	7.43330e-15	1.30132e-32	6.29671e-20	-1.01410e-33	5.79267e-16	9.21826e-34	2.19579e-15	3.84408e-33	-1.68726e-20	-2.88880e-34	1.65012e-16	-2.47120e-34	6.23584e-16	1.09168e-33	4.52311e-21	-8.15673e-35	4.65924e-17	6.66534e-35	1.77329e-16	3.10443e-34	-1.21989e-21	-2.20398e-35	1.25894e-17	-1.94936e-35	5.25238e-17	9.19512e-35	3.56462e-22	-7.22570e-36	4.12742e-18	5.22352e-36	1.56588e-17	2.74131e-35	-9.55178e-23	-2.06074e-36	1.17713e-18	-1.40046e-36	4.44927e-18	7.78914e-36	2.56089e-23	-5.81376e-37	3.32090e-19	3.78334e-37	1.26640e-18	2.21704e-36	-6.91776e-24	-1.54861e-37	8.84587e-20	-1.12874e-37	3.79360e-19	6.64129e-37	2.06214e-24	-5.27990e-38	3.01595e-20	3.02461e-38	1.14553e-19	2.00543e-37	-5.52579e-25	-1.50823e-38	8.61520e-21	-8.11049e-39	3.25725e-20	5.70233e-38	1.48173e-25	-4.24995e-39	2.42763e-21	2.19584e-39	9.28303e-21	1.62514e-38	-4.01138e-26	-1.10759e-39	6.32672e-22	-6.72854e-40	2.82561e-21	4.94667e-39	1.22823e-26	-3.99741e-40	2.28337e-22	1.80303e-40	8.68671e-22	1.52075e-39	-3.29125e-27	-1.14440e-40	6.53699e-23	-4.83593e-41	2.47251e-22	4.32852e-40	8.82746e-28	-3.21905e-41	1.83876e-23	1.31338e-41	7.05982e-23	1.23593e-40	-2.39730e-28	-8.08957e-42	4.62087e-24	-4.17609e-42	2.20096e-23	3.85313e-41	7.61749e-29	-3.18963e-42	1.82196e-24	1.11909e-42	6.94745e-24	1.21626e-41	-2.04130e-29	-9.16018e-43	5.23242e-25	-3.00265e-43	1.98042e-24	3.46704e-42	5.47703e-30	-2.56845e-43	1.46713e-25	8.19709e-44	5.67334e-25	9.93208e-43	-1.49513e-30	-5.97807e-44	3.41476e-26	-2.76189e-44	1.84597e-25	3.23166e-43	5.03506e-31	-2.78923e-44	1.59325e-26	7.40081e-45	6.09819e-26	1.06758e-43	-1.34920e-31	-8.05789e-45	4.60278e-27	-1.98432e-45	1.74146e-26	3.04870e-44	3.61750e-32	-2.26772e-45	1.29535e-27	5.36455e-46	4.97318e-27	8.70634e-45	-9.77970e-33	-5.75955e-46	3.28993e-28	-1.61504e-46	1.54560e-27	2.70582e-45	2.94380e-33	-2.08774e-46	1.19254e-28	4.32601e-47	4.75132e-28	8.31794e-46	-7.88552e-34	-6.05743e-47	3.46009e-29	-1.15362e-47	1.33433e-28	2.33596e-46	2.10405e-34	-1.96490e-47	1.12238e-29	2.88487e-48	3.18837e-29	5.58175e-47	-5.30665e-35	-1.90837e-50	1.09009e-32	-3.25113e-51	1.99714e-35	3.46212e-53	1.86132e-36
1.04953e-08	-2.58948e-26	-2.12007e-10	3.70946e-28	2.58935e-10	-9.10754e-27	-1.51213e-09	3.70074e-27	5.68083e-11	1.54125e-26	6.29443e-09	2.44041e-27	-4.94106e-10	1.21013e-27	-1.52261e-11	4.59182e-27	1.87484e-09	-6.54091e-28	-1.40637e-10	3.44449e-28	4.09623e-12	1.30708e-27	5.33674e-10	1.75956e-28	-3.88052e-11	9.50418e-29	-1.15880e-12	3.80381e-28	1.55308e-10	-4.97330e-29	-1.19814e-11	2.93449e-29	3.10507e-13	1.11122e-28	4.53707e-11	1.33262e-29	-3.40821e-12	8.34740e-30	-8.32276e-14	3.15373e-29	1.28765e-11	-3.57192e-30	-9.63332e-13	2.35940e-30	2.24038e-14	8.95815e-30	3.65757e-12	9.61448e-31	-2.64536e-13	6.47902e-31	-6.38738e-15	2.61710e-30	1.06855e-12	-2.73871e-31	-8.27806e-14	2.02747e-31	1.71154e-15	7.68081e-31	3.13604e-13	7.33855e-32	-2.35616e-14	5.77072e-32	-4.58786e-16	2.18046e-31	8.90272e-14	-1.96712e-32	-6.65684e-15	1.63040e-32	1.23601e-16	6.19648e-32	2.53000e-14	5.29923e-33	-1.81613e-15	4.44807e-33	-3.56183e-17	1.82061e-32	7.43348e-15	-1.52575e-33	-5.79281e-16	1.41878e-33	9.54421e-18	5.37808e-33	2.19585e-15	4.08836e-34	-1.65016e-16	4.04158e-34	-2.55858e-18	1.52732e-33	6.23600e-16	-1.09599e-34	-4.65935e-17	1.14117e-34	6.90102e-19	4.34326e-34	1.77334e-16	2.95590e-35	-1.25897e-17	3.08348e-35	-2.01829e-19	1.28645e-34	5.25251e-17	-8.63738e-36	-4.12752e-18	1.01091e-35	5.40822e-20	3.83524e-35	1.56591e-17	2.31448e-36	-1.17716e-18	2.88309e-36	-1.44998e-20	1.08974e-35	4.44938e-18	-6.20525e-37	-3.32098e-19	8.13376e-37	3.91712e-21	3.10175e-36	1.26643e-18	1.67623e-37	-8.84609e-20	2.16659e-37	-1.16865e-21	9.29152e-37	3.79369e-19	-4.99674e-38	-3.01603e-20	7.38686e-38	3.13156e-22	2.80570e-37	1.14556e-19	1.33894e-38	-8.61541e-21	2.11009e-38	-8.39727e-23	7.97787e-38	3.25733e-20	-3.59036e-39	-2.42769e-21	5.94591e-39	2.27348e-23	2.27366e-38	9.28326e-21	9.71992e-40	-6.32688e-22	1.54958e-39	-6.96645e-24	6.92066e-39	2.82568e-21	-2.97610e-40	-2.28343e-22	5.59259e-40	1.86679e-24	2.12761e-39	8.68692e-22	7.97498e-41	-6.53715e-23	1.60108e-40	-5.00692e-25	6.05583e-40	2.47257e-22	-2.13897e-41	-1.83881e-23	4.50362e-41	1.35982e-25	1.72914e-40	7.06000e-23	5.80886e-42	-4.62099e-24	1.13177e-41	-4.32375e-26	5.39074e-41	2.20102e-23	-1.84578e-42	-1.82201e-24	4.46246e-42	1.15866e-26	1.70161e-41	6.94762e-24	4.94624e-43	-5.23255e-25	1.28156e-42	-3.10882e-27	4.85058e-42	1.98047e-24	-1.32713e-43	-1.46717e-25	3.59339e-43	8.48694e-28	1.38955e-42	5.67348e-25	3.62284e-44	-3.41484e-26	8.36365e-44	-2.85955e-28	4.52127e-43	1.84601e-25	-1.22004e-44	-1.59329e-26	3.90229e-44	7.66250e-29	1.49361e-43	6.09834e-26	3.26923e-45	-4.60289e-27	1.12734e-44	-2.05448e-29	4.26530e-44	1.74150e-26	-8.76551e-46	-1.29538e-27	3.17266e-45	5.55424e-30	1.21806e-44	4.97331e-27	2.36970e-46	-3.29001e-28	8.05792e-46	-1.67215e-30	3.78558e-45	1.54564e-27	-7.13306e-47	-1.19257e-28	2.92086e-46	4.47897e-31	1.16372e-45	4.75144e-28	1.91064e-47	-3.46017e-29	8.47467e-47	-1.19442e-31	3.26814e-46	1.33437e-28	-5.09506e-48	-1.12241e-29	2.74900e-47	2.98688e-32	7.80916e-47	3.18845e-29	1.27381e-48	-1.09011e-32	2.66991e-50	-3.36609e-35	4.00310e-53	1.97766e-35	-1.74713e-52
-3.10851e-25	1.59632e-09	7.42766e-27	3.75866e-13	-9.10754e-27	1.96392e-09	4.49484e-26	-2.25523e-10	-1.99028e-27	-9.39913e-10	-1.87061e-25	-5.26242e-10	1.46827e-26	-7.38211e-11	5.33447e-28	-2.80123e-10	-5.57118e-26	1.41046e-10	4.17908e-27	-2.10133e-11	-1.43511e-28	-7.97392e-11	-1.58583e-26	-3.79426e-11	1.15311e-27	-5.79810e-12	4.05985e-29	-2.32054e-11	-4.61501e-27	1.07243e-11	3.56031e-28	-1.79021e-12	-1.08786e-29	-6.77909e-12	-1.34820e-27	-2.87363e-12	1.01276e-28	-5.09240e-13	2.91588e-30	-1.92396e-12	-3.82630e-28	7.70238e-13	2.86257e-29	-1.43937e-13	-7.84915e-31	-5.46499e-13	-1.08686e-28	-2.07324e-13	7.86075e-30	-3.95258e-14	2.23782e-31	-1.59658e-13	-3.17522e-29	5.90566e-14	2.45985e-30	-1.23687e-14	-5.99638e-32	-4.68574e-14	-9.31883e-30	-1.58246e-14	7.00140e-31	-3.52048e-15	1.60735e-32	-1.33021e-14	-2.64547e-30	4.24183e-15	1.97810e-31	-9.94636e-16	-4.33036e-33	-3.78021e-15	-7.51796e-31	-1.14271e-15	5.39668e-32	-2.71358e-16	1.24789e-33	-1.11068e-15	-2.20888e-31	3.29007e-16	1.72135e-32	-8.65536e-17	-3.34381e-34	-3.28094e-16	-6.52503e-32	-8.81601e-17	4.90350e-33	-2.46560e-17	8.96398e-35	-9.31756e-17	-1.85304e-32	2.36335e-17	1.38454e-33	-6.96180e-18	-2.41777e-35	-2.64964e-17	-5.26952e-33	-6.37402e-18	3.74107e-34	-1.88110e-18	7.07107e-36	-7.84807e-18	-1.56080e-33	1.86254e-18	1.22651e-34	-6.16717e-19	-1.89477e-36	-2.33972e-18	-4.65316e-34	-4.99087e-19	3.49795e-35	-1.75885e-19	5.08001e-37	-6.64807e-19	-1.32214e-34	1.33808e-19	9.86839e-36	-4.96207e-20	-1.37236e-37	-1.89225e-19	-3.76324e-35	-3.61457e-20	2.62864e-36	-1.32174e-20	4.09437e-38	-5.66837e-20	-1.12731e-35	1.07748e-20	8.96220e-37	-4.50641e-21	-1.09714e-38	-1.71164e-20	-3.40405e-36	-2.88726e-21	2.56009e-37	-1.28728e-21	2.94198e-39	-4.86696e-21	-9.67925e-37	7.74214e-22	7.21395e-38	-3.62735e-22	-7.96513e-40	-1.38706e-21	-2.75854e-37	-2.09597e-22	1.88005e-38	-9.45335e-23	2.44069e-40	-4.22201e-22	-8.39658e-38	6.41756e-23	6.78528e-39	-3.41180e-23	-6.54028e-41	-1.29796e-22	-2.58134e-38	-1.71970e-23	1.94253e-39	-9.76753e-24	1.75417e-41	-3.69441e-23	-7.34731e-39	4.61240e-24	5.46407e-40	-2.74747e-24	-4.76414e-42	-1.05487e-23	-2.09790e-39	-1.25260e-24	1.37314e-40	-6.90448e-25	1.51483e-42	-3.28866e-24	-6.54038e-40	3.98019e-25	5.41414e-41	-2.72236e-25	-4.05936e-43	-1.03808e-24	-2.06450e-40	-1.06659e-25	1.55487e-41	-7.81825e-26	1.08917e-43	-2.95913e-25	-5.88502e-41	2.86178e-26	4.35973e-42	-2.19218e-26	-2.97340e-44	-8.47708e-26	-1.68589e-41	-7.81217e-27	1.01473e-42	-5.10231e-27	1.00184e-44	-2.75824e-26	-5.48548e-42	2.63085e-27	4.73450e-43	-2.38062e-27	-2.68456e-45	-9.11188e-27	-1.81214e-42	-7.04967e-28	1.36776e-43	-6.87744e-28	7.19787e-46	-2.60208e-27	-5.17492e-43	1.89017e-28	3.84927e-44	-1.93551e-28	-1.94593e-46	-7.43090e-28	-1.47783e-43	-5.10996e-29	9.77637e-45	-4.91580e-29	5.85837e-47	-2.30943e-28	-4.59291e-44	1.53815e-29	3.54377e-45	-1.78189e-29	-1.56921e-47	-7.09939e-29	-1.41190e-44	-4.12005e-30	1.02820e-45	-5.17004e-30	4.18463e-48	-1.99375e-29	-3.96511e-45	1.09868e-30	3.33526e-46	-1.67705e-30	-1.04645e-48	-4.76404e-30	-9.47457e-46	-2.74680e-31	3.23931e-49	-1.62880e-33	1.17931e-51	-1.06850e-36	-5.87667e-52	3.83768e-35
-7.02979e-08	1.57415e-25	1.23808e-09	-2.64629e-27	-1.51213e-09	4.49484e-26	2.07924e-05	-2.25408e-26	-3.31750e-10	-9.38647e-26	7.73439e-06	-1.20441e-26	-3.80695e-06	-7.36949e-27	8.89178e-11	-2.79634e-26	1.56447e-05	3.22813e-27	-1.21808e-06	-2.09762e-27	-2.39212e-11	-7.95984e-27	4.63984e-06	-8.68394e-28	-3.38004e-07	-5.78786e-28	6.76718e-12	-2.31644e-27	1.35307e-06	2.45447e-28	-1.04395e-07	-1.78705e-28	-1.81330e-12	-6.76711e-28	3.95322e-07	-6.57688e-29	-2.96965e-08	-5.08341e-29	4.86034e-13	-1.92056e-28	1.12196e-07	1.76285e-29	-8.39373e-09	-1.43683e-29	-1.30834e-13	-5.45534e-29	3.18693e-08	-4.74502e-30	-2.30496e-09	-3.94560e-30	3.73011e-14	-1.59376e-29	9.31051e-09	1.35163e-30	-7.21286e-10	-1.23469e-30	-9.99509e-15	-4.67746e-30	2.73250e-09	-3.62179e-31	-2.05298e-10	-3.51426e-31	2.67922e-15	-1.32786e-30	7.75713e-10	9.70829e-32	-5.80025e-11	-9.92879e-32	-7.21807e-16	-3.77354e-31	2.20444e-10	-2.61532e-32	-1.58243e-11	-2.70879e-32	2.08004e-16	-1.10872e-31	6.47696e-11	7.53000e-33	-5.04740e-12	-8.64007e-33	-5.57364e-17	-3.27515e-32	1.91329e-11	-2.01772e-33	-1.43782e-12	-2.46125e-33	1.49416e-17	-9.30110e-33	5.43356e-12	5.40902e-34	-4.05980e-13	-6.94951e-34	-4.03007e-18	-2.64496e-33	1.54515e-12	-1.45882e-34	-1.09697e-13	-1.87778e-34	1.17864e-18	-7.83421e-34	4.57663e-13	4.26280e-35	-3.59640e-14	-6.15627e-35	-3.15830e-19	-2.33559e-34	1.36442e-13	-1.14226e-35	-1.02568e-14	-1.75575e-35	8.46763e-20	-6.63632e-35	3.87684e-14	3.06247e-36	-2.89364e-15	-4.95330e-36	-2.28753e-20	-1.88891e-35	1.10347e-14	-8.27269e-37	-7.70779e-16	-1.31941e-36	6.82471e-21	-5.65835e-36	3.30553e-15	2.46604e-37	-2.62793e-16	-4.49845e-37	-1.82877e-21	-1.70862e-36	9.98149e-16	-6.60808e-38	-7.50680e-17	-1.28500e-37	4.90385e-22	-4.85836e-37	2.83818e-16	1.77195e-38	-2.11530e-17	-3.62094e-38	-1.32767e-22	-1.38461e-37	8.08871e-17	-4.79706e-39	-5.51275e-18	-9.43665e-39	4.06828e-23	-4.21455e-38	2.46208e-17	1.46879e-39	-1.98960e-18	-3.40578e-39	-1.09017e-23	-1.29567e-38	7.56911e-18	-3.93588e-40	-5.69597e-19	-9.75028e-40	2.92395e-24	-3.68788e-39	2.15441e-18	1.05564e-40	-1.60220e-19	-2.74262e-40	-7.94112e-25	-1.05301e-39	6.15153e-19	-2.86684e-41	-4.02637e-20	-6.89228e-41	2.52499e-25	-3.28285e-40	1.91779e-19	9.10947e-42	-1.58755e-20	-2.71755e-41	-6.76635e-26	-1.03625e-40	6.05362e-20	-2.44111e-42	-4.55924e-21	-7.80444e-42	1.81549e-26	-2.95391e-41	1.72563e-20	6.54977e-43	-1.27838e-21	-2.18831e-42	-4.95621e-27	-8.46210e-42	4.94343e-21	-1.78797e-43	-2.97543e-22	-5.09330e-43	1.66993e-27	-2.75336e-42	1.60847e-21	6.02124e-44	-1.38827e-22	-2.37642e-43	-4.47476e-28	-9.09578e-43	5.31362e-22	-1.61346e-44	-4.01060e-23	-6.86529e-44	1.19978e-28	-2.59748e-43	1.51741e-22	4.32603e-45	-1.12870e-23	-1.93209e-44	-3.24357e-29	-7.41777e-44	4.33335e-23	-1.16952e-45	-2.86666e-24	-4.90711e-45	9.76504e-30	-2.30535e-44	1.34675e-23	3.52037e-46	-1.03912e-24	-1.77875e-45	-2.61564e-30	-7.08685e-45	4.14003e-24	-9.42957e-47	-3.01493e-25	-5.16091e-46	6.97517e-31	-1.99023e-45	1.16266e-24	2.51456e-47	-9.77978e-26	-1.67409e-46	-1.74428e-31	-4.75563e-46	2.77817e-25	-6.28661e-48	-9.49841e-29	-1.62593e-49	1.96573e-34	-2.54037e-52	1.72318e-31	8.57018e-52
1.56576e-25	-7.04815e-08	-1.20833e-25	1.51209e-09	3.70074e-27	-2.25523e-10	-2.25408e-26	2.07924e-05	3.23778e-26	-7.73428e-06	9.38337e-26	6.04299e-11	-7.36600e-27	-3.80694e-06	-8.67810e-27	-1.56447e-05	2.79497e-26	-1.61968e-11	-2.09659e-27	-1.21808e-06	2.33464e-27	-4.63983e-06	7.95590e-27	4.35706e-12	-5.78499e-28	-3.38004e-07	-6.60455e-28	-1.35307e-06	2.31530e-27	-1.23150e-12	-1.78616e-28	-1.04395e-07	1.76973e-28	-3.95321e-07	6.76376e-28	3.29987e-13	-5.08089e-29	-2.96964e-08	-4.74354e-29	-1.12196e-07	1.91961e-28	-8.84487e-14	-1.43612e-29	-8.39371e-09	1.27690e-29	-3.18692e-08	5.45263e-29	2.38076e-14	-3.94364e-30	-2.30495e-09	-3.64047e-30	-9.31049e-09	1.59297e-29	-6.78165e-15	-1.23408e-30	-7.21284e-10	9.75489e-31	-2.73250e-09	4.67514e-30	1.81719e-15	-3.51252e-31	-2.05297e-10	-2.61484e-31	-7.75712e-10	1.32720e-30	-4.87102e-16	-9.92387e-32	-5.80024e-11	7.04461e-32	-2.20444e-10	3.77167e-31	1.31221e-16	-2.70745e-32	-1.58243e-11	-2.03006e-32	-6.47694e-11	1.10817e-31	-3.77809e-17	-8.63579e-33	-5.04739e-12	5.43970e-33	-1.91329e-11	3.27352e-32	1.01237e-17	-2.46003e-33	-1.43782e-12	-1.45826e-33	-5.43355e-12	9.29649e-33	-2.71391e-18	-6.94606e-34	-4.05979e-13	3.93322e-34	-1.54514e-12	2.64365e-33	7.31948e-19	-1.87685e-34	-1.09697e-13	-1.15032e-34	-4.57662e-13	7.83033e-34	-2.13881e-19	-6.15322e-35	-3.59640e-14	3.08240e-35	-1.36441e-13	2.33443e-34	5.73116e-20	-1.75488e-35	-1.02568e-14	-8.26414e-36	-3.87683e-14	6.63304e-35	-1.53656e-20	-4.95085e-36	-2.89364e-15	2.23255e-36	-1.10347e-14	1.88797e-35	4.15072e-21	-1.31876e-36	-7.70778e-16	-6.66070e-37	-3.30552e-15	5.65555e-36	-1.23730e-21	-4.49623e-37	-2.62792e-16	1.78483e-37	-9.98147e-16	1.70777e-36	3.31552e-22	-1.28437e-37	-7.50679e-17	-4.78601e-38	-2.83818e-16	4.85596e-37	-8.89053e-23	-3.61915e-38	-2.11530e-17	1.29576e-38	-8.08869e-17	1.38393e-37	2.40687e-23	-9.43198e-39	-5.51274e-18	-3.97051e-39	-2.46207e-17	4.21246e-38	-7.36947e-24	-3.40409e-39	-1.98960e-18	1.06397e-39	-7.56909e-18	1.29503e-38	1.97478e-24	-9.74545e-40	-5.69595e-19	-2.85368e-40	-2.15440e-18	3.68606e-39	-5.29656e-25	-2.74126e-40	-1.60219e-19	7.75029e-41	-6.15152e-19	1.05249e-39	1.43840e-25	-6.88887e-41	-4.02636e-20	-2.46431e-41	-1.91779e-19	3.28123e-40	-4.57057e-26	-2.71621e-41	-1.58755e-20	6.60375e-42	-6.05360e-20	1.03574e-40	1.22480e-26	-7.80057e-42	-4.55923e-21	-1.77186e-42	-1.72562e-20	2.95244e-41	-3.28627e-27	-2.18722e-42	-1.27837e-21	4.83711e-43	-4.94342e-21	8.45791e-42	8.97095e-28	-5.09077e-43	-2.97542e-22	-1.62980e-43	-1.60847e-21	2.75200e-42	-3.02109e-28	-2.37524e-43	-1.38826e-22	4.36722e-44	-5.31361e-22	9.09128e-43	8.09535e-29	-6.86189e-44	-4.01059e-23	-1.17095e-44	-1.51741e-22	2.59620e-43	-2.17054e-29	-1.93113e-44	-1.12869e-23	3.16563e-45	-4.33334e-23	7.41410e-44	5.86793e-30	-4.90468e-45	-2.86666e-24	-9.53037e-46	-1.34675e-23	2.30420e-44	-1.76638e-30	-1.77786e-45	-1.03911e-24	2.55278e-46	-4.14003e-24	7.08334e-45	4.73425e-31	-5.15835e-46	-3.01492e-25	-6.80755e-47	-1.16266e-24	1.98924e-45	-1.27324e-31	-1.67326e-46	-9.77976e-26	1.70237e-47	-2.77816e-25	4.75327e-46	3.58706e-32	-1.62512e-49	-9.49839e-29	-1.91849e-50	-1.74016e-31	2.94825e-52	-1.61584e-32
2.30258e-09	-2.24770e-25	-4.48765e-08	5.48682e-27	5.68083e-11	-1.99028e-27	-3.31750e-10	3.23778e-26	2.15125e-05	1.34778e-25	1.38095e-09	5.33304e-28	-1.08403e-10	1.05800e-26	-5.76593e-06	4.01449e-26	4.11326e-10	-1.42939e-28	-3.08547e-11	3.01138e-27	1.55119e-06	1.14272e-26	1.17084e-10	3.84518e-29	-8.51355e-12	8.30912e-28	-4.38822e-07	3.32551e-27	3.40733e-11	-1.08682e-29	-2.62863e-12	2.56551e-28	1.17585e-07	9.71495e-28	9.95397e-12	2.91219e-30	-7.47735e-13	7.29780e-29	-3.15172e-08	2.75718e-28	2.82501e-12	-7.80574e-31	-2.11348e-13	2.06273e-29	8.48400e-09	7.83175e-29	8.02443e-13	2.10106e-31	-5.80371e-14	5.66434e-30	-2.41882e-09	2.28802e-29	2.34431e-13	-5.98492e-32	-1.81614e-14	1.77253e-30	6.48138e-10	6.71502e-30	6.88023e-14	1.60370e-32	-5.16924e-15	5.04511e-31	-1.73736e-10	1.90629e-30	1.95319e-14	-4.29876e-33	-1.46046e-15	1.42539e-31	4.68060e-11	5.41734e-31	5.55062e-15	1.15804e-33	-3.98445e-16	3.88877e-32	-1.34882e-11	1.59169e-31	1.63085e-15	-3.33422e-34	-1.27090e-16	1.24038e-32	3.61427e-12	4.70184e-32	4.81752e-16	8.93432e-35	-3.62033e-17	3.53339e-33	-9.68900e-13	1.33528e-32	1.36813e-16	-2.39507e-35	-1.02223e-17	9.97680e-34	2.61332e-13	3.79714e-33	3.89056e-17	6.45956e-36	-2.76209e-18	2.69577e-34	-7.64299e-14	1.12469e-33	1.15236e-17	-1.88753e-36	-9.05547e-19	8.83802e-35	2.04802e-14	3.35300e-34	3.43549e-18	5.05784e-37	-2.58259e-19	2.52057e-35	-5.49089e-15	9.52719e-35	9.76159e-19	-1.35604e-37	-7.28597e-20	7.11102e-36	1.48336e-15	2.71174e-35	2.77846e-19	3.66308e-38	-1.94076e-20	1.89416e-36	-4.42553e-16	8.12320e-36	8.32306e-20	-1.09194e-38	-6.61693e-21	6.45803e-37	1.18588e-16	2.45291e-36	2.51326e-20	2.92600e-39	-1.89016e-21	1.84477e-37	-3.17993e-17	6.97473e-37	7.14633e-21	-7.84604e-40	-5.32617e-22	5.19827e-38	8.60936e-18	1.98777e-37	2.03667e-21	2.12410e-40	-1.38807e-22	1.35474e-38	-2.63810e-18	6.05046e-38	6.19932e-22	-6.50368e-41	-5.00967e-23	4.88938e-39	7.06927e-19	1.86008e-38	1.90584e-22	1.74278e-41	-1.43420e-23	1.39976e-39	-1.89605e-19	5.29437e-39	5.42463e-23	-4.67430e-42	-4.03421e-24	3.93733e-40	5.14947e-20	1.51171e-39	1.54891e-23	1.26941e-42	-1.01381e-24	9.89465e-41	-1.63735e-20	4.71291e-40	4.82886e-24	-4.03360e-43	-3.99734e-25	3.90135e-41	4.38768e-21	1.48765e-40	1.52425e-24	1.08090e-43	-1.14798e-25	1.12041e-41	-1.17727e-21	4.24066e-41	4.34500e-25	-2.90019e-44	-3.21885e-26	3.14156e-42	3.21389e-22	1.21483e-41	1.24472e-25	7.91701e-45	-7.49190e-27	7.31200e-43	-1.08287e-22	3.95276e-42	4.05001e-26	-2.66616e-45	-3.49555e-27	3.41161e-43	2.90169e-23	1.30580e-42	1.33793e-26	7.14428e-46	-1.00984e-27	9.85589e-44	-7.78004e-24	3.72898e-43	3.82072e-27	-1.91553e-46	-2.84197e-28	2.77373e-44	2.10332e-24	1.06490e-43	1.09110e-27	5.17853e-47	-7.21804e-29	7.04471e-45	-6.33220e-25	3.30958e-44	3.39101e-28	-1.55879e-47	-2.61642e-29	2.55359e-45	1.69613e-25	1.01740e-44	1.04243e-28	4.17534e-48	-7.59135e-30	7.40906e-46	-4.52309e-26	2.85720e-45	2.92750e-29	-1.11342e-48	-2.46247e-30	2.40334e-46	1.13109e-26	6.82724e-46	6.99521e-30	2.78356e-49	-2.39163e-33	2.33420e-49	-1.27469e-29	4.25696e-52	4.33883e-36	5.25413e-55
6.52013e-25	-2.93434e-07	-5.02988e-25	6.29427e-09	1.54125e-26	-9.39913e-10	-9.38647e-26	-7.73428e-06	1.34778e-25	8.83971e-05	3.90742e-25	2.51854e-10	-3.06735e-26	1.10317e-05	-3.61241e-26	4.33930e-05	1.16388e-25	-6.75033e-11	-8.73062e-27	3.31198e-06	9.71834e-27	1.25904e-05	3.31300e-26	1.81590e-11	-2.40899e-27	9.16293e-07	-2.74926e-27	3.66761e-06	9.64136e-27	-5.13253e-12	-7.43794e-28	2.82956e-07	7.36679e-28	1.07149e-06	2.81657e-27	1.37529e-12	-2.11578e-28	8.04897e-08	-1.97458e-28	3.04098e-07	7.99364e-28	-3.68628e-13	-5.98027e-29	2.27505e-08	5.31530e-29	8.63788e-08	2.27059e-28	9.92230e-14	-1.64221e-29	6.24738e-09	-1.51541e-29	2.52353e-08	6.63345e-29	-2.82639e-14	-5.13894e-30	1.95498e-09	4.06064e-30	7.40620e-09	1.94682e-29	7.57350e-15	-1.46268e-30	5.56441e-10	-1.08847e-30	2.10250e-09	5.52672e-30	-2.03010e-15	-4.13250e-31	1.57211e-10	2.93244e-31	5.97495e-10	1.57060e-30	5.46889e-16	-1.12744e-31	4.28904e-11	-8.45046e-32	1.75552e-10	4.61463e-31	-1.57459e-16	-3.59612e-32	1.36805e-11	2.26437e-32	5.18581e-11	1.36316e-31	4.21926e-17	-1.02440e-32	3.89709e-12	-6.07024e-33	1.47272e-11	3.87125e-32	-1.13108e-17	-2.89248e-33	1.10037e-12	1.63727e-33	4.18798e-12	1.10087e-32	3.05054e-18	-7.81559e-34	2.97324e-13	-4.78840e-34	1.24045e-12	3.26071e-33	-8.91392e-19	-2.56233e-34	9.74773e-14	1.28310e-34	3.69813e-13	9.72104e-34	2.38858e-19	-7.30766e-35	2.78002e-14	-3.44009e-35	1.05078e-13	2.76213e-34	-6.40392e-20	-2.06163e-35	7.84296e-15	9.29339e-36	2.99086e-14	7.86189e-35	1.72990e-20	-5.49157e-36	2.08913e-15	-2.77263e-36	8.95933e-15	2.35509e-35	-5.15672e-21	-1.87232e-36	7.12277e-16	7.42964e-37	2.70539e-15	7.11150e-36	1.38181e-21	-5.34837e-37	2.03465e-16	-1.99226e-37	7.69265e-16	2.02212e-36	-3.70531e-22	-1.50709e-37	5.73334e-17	5.39384e-38	2.19237e-16	5.76296e-37	1.00311e-22	-3.92767e-38	1.49418e-17	-1.65279e-38	6.67324e-17	1.75415e-37	-3.07138e-23	-1.41753e-38	5.39265e-18	4.42896e-39	2.05154e-17	5.39276e-38	8.23031e-24	-4.05820e-39	1.54384e-18	-1.18789e-39	5.83933e-18	1.53495e-38	-2.20745e-24	-1.14152e-39	4.34261e-19	3.22619e-40	1.66732e-18	4.38278e-39	5.99484e-25	-2.86867e-40	1.09131e-19	-1.02581e-40	5.19801e-19	1.36637e-39	-1.90488e-25	-1.13108e-40	4.30292e-20	2.74892e-41	1.64078e-19	4.31302e-40	5.10460e-26	-3.24832e-41	1.23574e-20	-7.37569e-42	4.67716e-20	1.22946e-40	-1.36962e-26	-9.10804e-42	3.46492e-21	2.01353e-42	1.33987e-20	3.52204e-41	3.73883e-27	-2.11990e-42	8.06463e-22	-6.78430e-43	4.35962e-21	1.14599e-41	-1.25910e-27	-9.89098e-43	3.76277e-22	1.81793e-43	1.44021e-21	3.78579e-42	3.37390e-28	-2.85743e-43	1.08704e-22	-4.87427e-44	4.11281e-22	1.08111e-42	-9.04615e-29	-8.04162e-44	3.05923e-23	1.31775e-44	1.17452e-22	3.08738e-43	2.44557e-29	-2.04241e-44	7.76983e-24	-3.96718e-45	3.65024e-23	9.59517e-44	-7.36124e-30	-7.40339e-45	2.81643e-24	1.06264e-45	1.12212e-23	2.94965e-44	1.97098e-30	-2.14804e-45	8.17169e-25	-2.83376e-46	3.15130e-24	8.28362e-45	-5.22677e-31	-6.96779e-46	2.65072e-25	7.08639e-47	7.52997e-25	1.97936e-45	1.19728e-31	-6.76733e-49	2.57446e-28	-7.98606e-50	4.71654e-31	1.22771e-51	4.37656e-32
2.92669e-07	-6.55291e-25	-5.15367e-09	1.10179e-26	6.29443e-09	-1.87061e-25	7.73439e-06	9.38337e-26	1.38095e-09	3.90742e-25	8.83967e-05	5.01240e-26	-1.10316e-05	3.06779e-26	-3.70131e-10	1.16407e-25	4.33929e-05	-1.34345e-26	-3.31197e-06	8.73205e-27	9.95751e-11	3.31354e-26	1.25904e-05	3.61399e-27	-9.16291e-07	2.40938e-27	-2.81692e-11	9.64295e-27	3.66760e-06	-1.02148e-27	-2.82955e-07	7.43917e-28	7.54809e-12	2.81703e-27	1.07149e-06	2.73710e-28	-8.04894e-08	2.11613e-28	-2.02318e-12	7.99496e-28	3.04097e-07	-7.33643e-29	-2.27504e-08	5.98126e-29	5.44611e-13	2.27096e-28	8.63785e-08	1.97473e-29	-6.24736e-09	1.64248e-29	-1.55270e-13	6.63455e-29	2.52352e-08	-5.62508e-30	-1.95498e-09	5.13979e-30	4.16058e-14	1.94715e-29	7.40618e-09	1.50728e-30	-5.56439e-10	1.46292e-30	-1.11526e-14	5.52763e-30	2.10250e-09	-4.04030e-31	-1.57210e-10	4.13318e-31	3.00461e-15	1.57086e-30	5.97493e-10	1.08842e-31	-4.28903e-11	1.12762e-31	-8.65842e-16	4.61539e-31	1.75552e-10	-3.13376e-32	-1.36805e-11	3.59671e-32	2.32010e-16	1.36339e-31	5.18579e-11	8.39716e-33	-3.89708e-12	1.02457e-32	-6.21963e-17	3.87189e-32	1.47271e-11	-2.25107e-33	-1.10037e-12	2.89296e-33	1.67756e-17	1.10105e-32	4.18797e-12	6.07119e-34	-2.97323e-13	7.81688e-34	-4.90625e-18	3.26125e-33	1.24045e-12	-1.77405e-34	-9.74770e-14	2.56275e-34	1.31468e-18	9.72265e-34	3.69812e-13	4.75375e-35	-2.78001e-14	7.30887e-35	-3.52475e-19	2.76259e-34	1.05078e-13	-1.27451e-35	-7.84294e-15	2.06197e-35	9.52210e-20	7.86319e-35	2.99085e-14	3.44284e-36	-2.08912e-15	5.49247e-36	-2.84087e-20	2.35547e-35	8.95931e-15	-1.02629e-36	-7.12275e-16	1.87263e-36	7.61249e-21	7.11268e-36	2.70538e-15	2.75008e-37	-2.03465e-16	5.34925e-37	-2.04129e-21	2.02245e-36	7.69262e-16	-7.37430e-38	-5.73332e-17	1.50734e-37	5.52658e-22	5.76391e-37	2.19237e-16	1.99639e-38	-1.49418e-17	3.92831e-38	-1.69347e-22	1.75444e-37	6.67322e-17	-6.11266e-39	-5.39263e-18	1.41777e-38	4.53796e-23	5.39365e-38	2.05153e-17	1.63800e-39	-1.54384e-18	4.05887e-39	-1.21713e-23	1.53520e-38	5.83931e-18	-4.39326e-40	-4.34260e-19	1.14170e-39	3.30559e-24	4.38350e-39	1.66731e-18	1.19309e-40	-1.09131e-19	2.86914e-40	-1.05106e-24	1.36660e-39	5.19800e-19	-3.79109e-41	-4.30291e-20	1.13127e-40	2.81658e-25	4.31373e-40	1.64077e-19	1.01592e-41	-1.23574e-20	3.24885e-41	-7.55721e-26	1.22966e-40	4.67714e-20	-2.72582e-42	-3.46491e-21	9.10954e-42	2.06308e-26	3.52263e-41	1.33987e-20	7.44101e-43	-8.06461e-22	2.12025e-42	-6.95127e-27	1.14618e-41	4.35961e-21	-2.50586e-43	-3.76276e-22	9.89261e-43	1.86267e-27	3.78642e-42	1.44021e-21	6.71474e-44	-1.08703e-22	2.85790e-43	-4.99422e-28	1.08129e-42	4.11279e-22	-1.80036e-44	-3.05922e-23	8.04294e-44	1.35018e-28	3.08789e-43	1.17451e-22	4.86718e-45	-7.76981e-24	2.04275e-44	-4.06481e-29	9.59676e-44	3.65023e-23	-1.46507e-45	-2.81642e-24	7.40461e-45	1.08879e-29	2.95013e-44	1.12212e-23	3.92430e-46	-8.17166e-25	2.14840e-45	-2.90350e-30	8.28499e-45	3.15129e-24	-1.04648e-46	-2.65071e-25	6.96894e-46	7.26079e-31	1.97969e-45	7.52995e-25	2.61630e-47	-2.57445e-28	6.76845e-49	-8.18260e-34	1.05756e-51	4.67051e-31	-3.56662e-51
8.32939e-26	-4.27742e-10	-1.99028e-27	-1.00715e-13	2.44041e-27	-5.26242e-10	-1.20441e-26	6.04299e-11	5.33304e-28	2.51854e-10	5.01240e-26	8.75523e-07	-3.93430e-27	1.97807e-11	-1.42940e-28	7.50602e-11	1.49282e-26	-2.34662e-07	-1.11980e-27	5.63061e-12	3.84546e-29	2.13665e-11	4.24930e-27	6.31262e-08	-3.08980e-28	1.55363e-12	-1.08786e-29	6.21800e-12	1.23661e-27	-1.78423e-08	-9.54001e-29	4.79695e-13	2.91497e-30	1.81649e-12	3.61257e-28	4.78093e-09	-2.71374e-29	1.36453e-13	-7.81323e-31	5.15534e-13	1.02528e-28	-1.28147e-09	-7.67039e-30	3.85686e-14	2.10322e-31	1.46437e-13	2.91229e-29	3.44930e-10	-2.10632e-30	1.05911e-14	-5.99634e-32	4.27811e-14	8.50816e-30	-9.82541e-11	-6.59128e-31	3.31426e-15	1.60676e-32	1.25557e-14	2.49702e-30	2.63278e-11	-1.87606e-31	9.43328e-16	-4.30698e-33	3.56435e-15	7.08865e-31	-7.05725e-12	-5.30041e-32	2.66517e-16	1.16034e-33	1.01293e-15	2.01447e-31	1.90116e-12	-1.44606e-32	7.27117e-17	-3.34377e-34	2.97611e-16	5.91879e-32	-5.47378e-13	-4.61243e-33	2.31925e-17	8.95990e-35	8.79144e-17	1.74841e-32	1.46674e-13	-1.31392e-33	6.60669e-18	-2.40194e-35	2.49668e-17	4.96532e-33	-3.93198e-14	-3.70994e-34	1.86545e-18	6.47853e-36	7.09984e-18	1.41199e-33	1.06046e-14	-1.00244e-34	5.04051e-19	-1.89473e-36	2.10293e-18	4.18223e-34	-3.09876e-15	-3.28648e-35	1.65252e-19	5.07712e-37	6.26939e-19	1.24684e-34	8.30344e-16	-9.37292e-36	4.71293e-20	-1.36121e-37	1.78138e-19	3.54275e-35	-2.22620e-16	-2.64428e-36	1.32961e-20	3.67731e-38	5.07037e-20	1.00838e-35	6.01366e-17	-7.04356e-37	3.54167e-21	-1.09710e-38	1.51887e-20	3.02067e-36	-1.79264e-17	-2.40146e-37	1.20751e-21	2.93984e-39	4.58642e-21	9.12132e-37	4.80361e-18	-6.85989e-38	3.44932e-22	-7.88318e-40	1.30413e-21	2.59360e-37	-1.28808e-18	-1.93301e-38	9.71966e-23	2.13429e-40	3.71670e-22	7.39165e-38	3.48713e-19	-5.03768e-39	2.53307e-23	-6.53996e-41	1.13131e-22	2.24990e-38	-1.06771e-19	-1.81815e-39	9.14209e-24	1.75250e-41	3.47795e-23	6.91683e-39	2.86111e-20	-5.20511e-40	2.61726e-24	-4.70039e-42	9.89934e-24	1.96875e-39	-7.67378e-21	-1.46412e-40	7.36197e-25	1.27657e-42	2.82658e-24	5.62141e-40	2.08399e-21	-3.67939e-41	1.85009e-25	-4.05905e-43	8.81213e-25	1.75253e-40	-6.62195e-22	-1.45074e-41	7.29469e-26	1.08772e-43	2.78159e-25	5.53194e-41	1.77452e-22	-4.16634e-42	2.09494e-26	-2.91849e-44	7.92913e-26	1.57692e-41	-4.76123e-23	-1.16821e-42	5.87405e-27	7.96735e-45	2.27147e-26	4.51742e-42	1.29973e-23	-2.71902e-43	1.36719e-27	-2.68449e-45	7.39082e-27	1.46986e-42	-4.37702e-24	-1.26863e-43	6.37899e-28	7.19339e-46	2.44157e-27	4.85571e-43	1.17287e-24	-3.66498e-44	1.84284e-28	-1.92870e-46	6.97239e-28	1.38664e-43	-3.14472e-25	-1.03143e-44	5.18628e-29	5.21420e-47	1.99114e-28	3.95992e-44	8.50157e-26	-2.61962e-45	1.31721e-29	-1.56978e-47	6.18821e-29	1.23069e-44	-2.55906e-26	-9.49569e-46	4.77469e-30	4.20477e-48	1.90230e-29	3.78326e-45	6.85464e-27	-2.75511e-46	1.38544e-30	-1.12129e-48	5.34195e-30	1.06247e-45	-1.82791e-27	-8.93699e-47	4.49715e-31	2.80402e-49	1.27515e-30	2.53875e-46	4.56993e-28	-8.67987e-50	4.38737e-34	-3.16001e-52	-3.18615e-33	1.57468e-52	-6.43093e-32
-2.29757e-08	5.14407e-26	4.04557e-10	-8.64977e-28	-4.94106e-10	1.46827e-26	-3.80695e-06	-7.36600e-27	-1.08403e-10	-3.06735e-26	-1.10316e-05	-3.93430e-27	2.25636e-05	-2.40824e-27	2.90549e-11	-9.13800e-27	6.95943e-07	1.05449e-27	-3.25606e-06	-6.85471e-28	-7.81654e-12	-2.60115e-27	1.36220e-05	-2.83667e-28	-1.03559e-06	-1.89138e-28	2.21125e-12	-7.56978e-28	4.16607e-06	8.01771e-29	-3.22152e-07	-5.83979e-29	-5.92517e-13	-2.21139e-28	1.22020e-06	-2.14839e-29	-9.16711e-08	-1.66118e-29	1.58817e-13	-6.27609e-29	3.46347e-07	5.75847e-30	-2.59114e-08	-4.69533e-30	-4.27514e-14	-1.78272e-29	9.83801e-08	-1.55000e-30	-7.11539e-09	-1.28936e-30	1.21886e-14	-5.20816e-30	2.87415e-08	4.41521e-31	-2.22660e-09	-4.03477e-31	-3.26601e-15	-1.52852e-30	8.43521e-09	-1.18308e-31	-6.33752e-10	-1.14840e-31	8.75467e-16	-4.33923e-31	2.39462e-09	3.17129e-32	-1.79053e-10	-3.24458e-32	-2.35859e-16	-1.23313e-31	6.80510e-10	-8.54315e-33	-4.88496e-11	-8.85190e-33	6.79677e-17	-3.62311e-32	1.99943e-10	2.45973e-33	-1.55813e-11	-2.82344e-33	-1.82125e-17	-1.07027e-32	5.90632e-11	-6.59105e-34	-4.43855e-12	-8.04297e-34	4.88235e-18	-3.03946e-33	1.67734e-11	1.76690e-34	-1.25326e-12	-2.27099e-34	-1.31687e-18	-8.64333e-34	4.76986e-12	-4.76536e-35	-3.38634e-13	-6.13630e-35	3.85135e-19	-2.56010e-34	1.41280e-12	1.39248e-35	-1.11021e-13	-2.01178e-35	-1.03201e-19	-7.63234e-35	4.21194e-13	-3.73128e-36	-3.16627e-14	-5.73751e-36	2.76689e-20	-2.16865e-35	1.19678e-13	1.00038e-36	-8.93266e-15	-1.61866e-36	-7.47475e-21	-6.17266e-36	3.40641e-14	-2.70234e-37	-2.37939e-15	-4.31163e-37	2.23005e-21	-1.84906e-36	1.02041e-14	8.05549e-38	-8.11240e-16	-1.47003e-37	-5.97572e-22	-5.58350e-37	3.08128e-15	-2.15858e-38	-2.31734e-16	-4.19919e-38	1.60239e-22	-1.58764e-37	8.76145e-16	5.78820e-39	-6.52992e-17	-1.18327e-38	-4.33831e-23	-4.52470e-38	2.49698e-16	-1.56700e-39	-1.70178e-17	-3.08375e-39	1.32936e-23	-1.37725e-38	7.60041e-17	4.79791e-40	-6.14189e-18	-1.11296e-39	-3.56225e-24	-4.23405e-39	2.33658e-17	-1.28569e-40	-1.75834e-18	-3.18624e-40	9.55434e-25	-1.20514e-39	6.65064e-18	3.44833e-41	-4.94597e-19	-8.96245e-41	-2.59485e-25	-3.44108e-40	1.89897e-18	-9.36475e-42	-1.24294e-19	-2.25229e-41	8.25070e-26	-1.07279e-40	5.92022e-19	2.97568e-42	-4.90077e-20	-8.88054e-42	-2.21098e-26	-3.38630e-41	1.86875e-19	-7.97408e-43	-1.40743e-20	-2.55037e-42	5.93233e-27	-9.65291e-42	5.32700e-20	2.13953e-43	-3.94634e-21	-7.15105e-43	-1.61950e-27	-2.76528e-42	1.52603e-20	-5.84055e-44	-9.18512e-22	-1.66441e-43	5.45667e-28	-8.99757e-43	4.96535e-21	1.96688e-44	-4.28557e-22	-7.76576e-44	-1.46218e-28	-2.97236e-43	1.64031e-21	-5.27049e-45	-1.23807e-22	-2.24347e-44	3.92041e-29	-8.48817e-44	4.68423e-22	1.41313e-45	-3.48428e-23	-6.31376e-45	-1.05987e-29	-2.42401e-44	1.33770e-22	-3.82032e-46	-8.84936e-24	-1.60357e-45	3.19084e-30	-7.53352e-45	4.15740e-23	1.14996e-46	-3.20775e-24	-5.81267e-46	-8.54690e-31	-2.31587e-45	1.27803e-23	-3.08024e-47	-9.30706e-25	-1.68651e-46	2.27921e-31	-6.50377e-46	3.58913e-24	8.21399e-48	-3.01901e-25	-5.47066e-47	-5.69964e-32	-1.55407e-46	8.57618e-25	-2.05357e-48	-2.93215e-28	-5.31327e-50	6.42325e-35	-8.30209e-53	5.31944e-31	2.79948e-52
5.11907e-26	-2.30358e-08	-3.94842e-26	4.94094e-10	1.21013e-27	-7.38211e-11	-7.36949e-27	-3.80694e-06	1.05800e-26	1.10317e-05	3.06779e-26	1.97807e-11	-2.40824e-27	2.25636e-05	-2.83572e-27	-6.95933e-07	9.13787e-27	-5.30173e-12	-6.85457e-28	-3.25606e-06	7.62883e-28	-1.36220e-05	2.60110e-27	1.42621e-12	-1.89134e-28	-1.03559e-06	-2.15815e-28	-4.16607e-06	7.56961e-28	-4.03111e-13	-5.83966e-29	-3.22152e-07	5.78289e-29	-1.22020e-06	2.21134e-28	1.08016e-13	-1.66114e-29	-9.16711e-08	-1.55003e-29	-3.46346e-07	6.27595e-29	-2.89522e-14	-4.69522e-30	-2.59113e-08	4.17248e-30	-9.83801e-08	1.78268e-29	7.79301e-15	-1.28933e-30	-7.11539e-09	-1.18959e-30	-2.87415e-08	5.20805e-30	-2.21986e-15	-4.03468e-31	-2.22660e-09	3.18758e-31	-8.43521e-09	1.52849e-30	5.94826e-16	-1.14838e-31	-6.33752e-10	-8.54444e-32	-2.39462e-09	4.33913e-31	-1.59445e-16	-3.24450e-32	-1.79053e-10	2.30195e-32	-6.80510e-10	1.23311e-31	4.29529e-17	-8.85170e-33	-4.88496e-11	-6.63356e-33	-1.99943e-10	3.62303e-32	-1.23669e-17	-2.82338e-33	-1.55813e-11	1.77752e-33	-5.90632e-11	1.07024e-32	3.31382e-18	-8.04279e-34	-4.43855e-12	-4.76510e-34	-1.67734e-11	3.03939e-33	-8.88353e-19	-2.27094e-34	-1.25326e-12	1.28525e-34	-4.76986e-12	8.64313e-34	2.39591e-19	-6.13616e-35	-3.38634e-13	-3.75887e-35	-1.41280e-12	2.56004e-34	-7.00103e-20	-2.01173e-35	-1.11021e-13	1.00723e-35	-4.21194e-13	7.63217e-35	1.87600e-20	-5.73738e-36	-3.16627e-14	-2.70045e-36	-1.19678e-13	2.16860e-35	-5.02966e-21	-1.61863e-36	-8.93266e-15	7.29525e-37	-3.40641e-14	6.17252e-36	1.35867e-21	-4.31153e-37	-2.37939e-15	-2.17650e-37	-1.02041e-14	1.84902e-36	-4.05011e-22	-1.46999e-37	-8.11240e-16	5.83223e-38	-3.08128e-15	5.58337e-37	1.08528e-22	-4.19910e-38	-2.31734e-16	-1.56391e-38	-8.76145e-16	1.58760e-37	-2.91016e-23	-1.18324e-38	-6.52992e-17	4.23413e-39	-2.49698e-16	4.52460e-38	7.87848e-24	-3.08368e-39	-1.70178e-17	-1.29743e-39	-7.60041e-17	1.37722e-38	-2.41227e-24	-1.11293e-39	-6.14189e-18	3.47671e-40	-2.33658e-17	4.23395e-39	6.46412e-25	-3.18617e-40	-1.75834e-18	-9.32490e-41	-6.65063e-18	1.20512e-39	-1.73374e-25	-8.96225e-41	-4.94597e-19	2.53254e-41	-1.89897e-18	3.44100e-40	4.70837e-26	-2.25224e-41	-1.24294e-19	-8.05257e-42	-5.92022e-19	1.07276e-40	-1.49610e-26	-8.88034e-42	-4.90076e-20	2.15789e-42	-1.86875e-19	3.38623e-41	4.00917e-27	-2.55031e-42	-1.40743e-20	-5.78987e-43	-5.32700e-20	9.65269e-42	-1.07571e-27	-7.15089e-43	-3.94634e-21	1.58061e-43	-1.52603e-20	2.76522e-42	2.93649e-28	-1.66437e-43	-9.18512e-22	-5.32564e-44	-4.96535e-21	8.99737e-43	-9.88902e-29	-7.76559e-44	-4.28557e-22	1.42707e-44	-1.64031e-21	2.97230e-43	2.64988e-29	-2.24342e-44	-1.23807e-22	-3.82627e-45	-4.68423e-22	8.48798e-44	-7.10490e-30	-6.31362e-45	-3.48428e-23	1.03442e-45	-1.33770e-22	2.42396e-44	1.92082e-30	-1.60353e-45	-8.84936e-24	-3.11421e-46	-4.15740e-23	7.53335e-45	-5.78393e-31	-5.81254e-46	-3.20774e-24	8.34165e-47	-1.27803e-23	2.31582e-45	1.55817e-31	-1.68647e-46	-9.30705e-25	-2.22448e-47	-3.58913e-24	6.50362e-46	-4.48758e-32	-5.47054e-47	-3.01901e-25	5.56277e-48	-8.57618e-25	1.55403e-46	2.36862e-32	-5.31315e-50	-2.93215e-28	-6.26901e-51	-5.37186e-31	9.63900e-53	-4.98688e-32
-6.17152e-10	6.02444e-26	1.20281e-08	-1.47061e-27	-1.52261e-11	5.33447e-28	8.89178e-11	-8.67810e-27	-5.76593e-06	-3.61241e-26	-3.70131e-10	-1.42940e-28	2.90549e-11	-2.83572e-27	2.30517e-05	-1.07599e-26	-1.10246e-10	3.83114e-29	8.26988e-12	-8.07130e-28	-6.20152e-06	-3.06280e-27	-3.13816e-11	-1.03061e-29	2.28186e-12	-2.22706e-28	1.75437e-06	-8.91326e-28	-9.13256e-12	2.91296e-30	7.04542e-13	-6.87624e-29	-4.70094e-07	-2.60386e-28	-2.66793e-12	-7.80545e-31	2.00413e-13	-1.95600e-29	1.26003e-07	-7.38997e-29	-7.57179e-13	2.09215e-31	5.66468e-14	-5.52865e-30	-3.39183e-08	-2.09912e-29	-2.15076e-13	-5.63139e-32	1.55555e-14	-1.51819e-30	9.67022e-09	-6.13250e-30	-6.28338e-14	1.60412e-32	4.86774e-15	-4.75086e-31	-2.59120e-09	-1.79980e-30	-1.84408e-14	-4.29834e-33	1.38549e-15	-1.35222e-31	6.94582e-10	-5.10935e-31	-5.23506e-15	1.15218e-33	3.91442e-16	-3.82042e-32	-1.87127e-10	-1.45199e-31	-1.48771e-15	-3.10387e-34	1.06794e-16	-1.04229e-32	5.39245e-11	-4.26614e-32	-4.37111e-16	8.93660e-35	3.40634e-17	-3.32455e-33	-1.44495e-11	-1.26022e-32	-1.29122e-16	-2.39464e-35	9.70344e-18	-9.47043e-34	3.87358e-12	-3.57890e-33	-3.66695e-17	6.41942e-36	2.73984e-18	-2.67405e-34	-1.04478e-12	-1.01773e-33	-1.04277e-17	-1.73133e-36	7.40314e-19	-7.22537e-35	3.05560e-13	-3.01446e-34	-3.08863e-18	5.05909e-37	2.42711e-19	-2.36882e-35	-8.18781e-14	-8.98693e-35	-9.20804e-19	-1.35564e-37	6.92202e-20	-6.75580e-36	2.19521e-14	-2.55354e-35	-2.61637e-19	3.63454e-38	1.95283e-20	-1.90594e-36	-5.93035e-15	-7.26818e-36	-7.44700e-20	-9.81803e-39	5.20176e-21	-5.07685e-37	1.76929e-15	-2.17723e-36	-2.23080e-20	2.92669e-39	1.77351e-21	-1.73092e-37	-4.74105e-16	-6.57445e-37	-6.73621e-21	-7.84247e-40	5.06612e-22	-4.94447e-38	1.27131e-16	-1.86941e-37	-1.91541e-21	2.10295e-40	1.42755e-22	-1.39327e-38	-3.44195e-17	-5.32775e-38	-5.45883e-22	-5.69315e-41	3.72039e-23	-3.63106e-39	1.05469e-17	-1.62168e-38	-1.66158e-22	1.74316e-41	1.34273e-23	-1.31048e-39	-2.82623e-18	-4.98551e-39	-5.10817e-23	-4.67111e-42	3.84404e-24	-3.75173e-40	7.58026e-19	-1.41903e-39	-1.45394e-23	1.25284e-42	1.08127e-24	-1.05531e-40	-2.05871e-19	-4.05180e-40	-4.15149e-24	-3.40237e-43	2.71728e-25	-2.65203e-41	6.54597e-20	-1.26318e-40	-1.29426e-24	1.08111e-43	1.07139e-25	-1.04567e-41	-1.75416e-20	-3.98730e-41	-4.08541e-25	-2.89711e-44	3.07689e-26	-3.00301e-42	4.70662e-21	-1.13661e-41	-1.16457e-25	7.77327e-45	8.62738e-27	-8.42021e-43	-1.28489e-21	-3.25607e-42	-3.33618e-26	-2.12197e-45	2.00803e-27	-1.95981e-43	4.32924e-22	-1.05945e-42	-1.08551e-26	7.14601e-46	9.36900e-28	-9.14402e-44	-1.16007e-22	-3.49990e-43	-3.58601e-27	-1.91486e-46	2.70664e-28	-2.64164e-44	3.11039e-23	-9.99465e-44	-1.02406e-27	5.13414e-47	7.61724e-29	-7.43433e-45	-8.40888e-24	-2.85423e-44	-2.92445e-28	-1.38798e-47	1.93463e-29	-1.88817e-45	2.53156e-24	-8.87056e-45	-9.08881e-29	4.17798e-48	7.01269e-30	-6.84429e-46	-6.78097e-25	-2.72689e-45	-2.79399e-29	-1.11910e-48	2.03468e-30	-1.98583e-46	1.80829e-25	-7.65805e-46	-7.84647e-30	2.98427e-49	6.60008e-31	-6.44160e-47	-4.52201e-26	-1.82988e-46	-1.87490e-30	-7.46067e-50	6.41020e-34	-6.25627e-50	5.09611e-29	-1.14098e-52	-1.16292e-36	-1.40825e-55
1.94242e-25	-8.74081e-08	-1.49820e-25	1.87480e-09	4.59182e-27	-2.80123e-10	-2.79634e-26	-1.56447e-05	4.01449e-26	4.33930e-05	1.16407e-25	7.50602e-11	-9.13800e-27	-6.95933e-07	-1.07599e-26	1.16524e-04	3.46734e-26	-2.01180e-11	-2.60095e-27	1.31641e-05	2.89470e-27	5.17020e-05	9.86980e-27	5.41192e-12	-7.17665e-28	3.82168e-06	-8.18893e-28	1.53248e-05	2.87227e-27	-1.52965e-12	-2.21585e-28	1.18329e-06	2.19427e-28	4.48124e-06	8.39087e-28	4.09878e-13	-6.30316e-29	3.36643e-07	-5.88148e-29	1.27187e-06	2.38140e-28	-1.09862e-13	-1.78159e-29	9.51528e-08	1.58321e-29	3.61276e-07	6.76434e-29	2.95715e-14	-4.89234e-30	2.61294e-08	-4.51379e-30	1.05546e-07	1.97618e-29	-8.42350e-15	-1.53095e-30	8.17663e-09	1.20950e-30	3.09762e-08	5.79981e-30	2.25713e-15	-4.35750e-31	2.32729e-09	-3.24212e-31	8.79363e-09	1.64647e-30	-6.05031e-16	-1.23112e-31	6.57527e-10	8.73455e-32	2.49900e-09	4.67899e-31	1.62990e-16	-3.35876e-32	1.79388e-10	-2.51705e-32	7.34240e-10	1.37475e-31	-4.69277e-17	-1.07133e-32	5.72183e-11	6.74464e-33	2.16894e-10	4.06102e-32	1.25747e-17	-3.05182e-33	1.62994e-11	-1.80808e-33	6.15959e-11	1.15329e-32	-3.37096e-18	-8.61703e-34	4.60226e-12	4.87677e-34	1.75161e-11	3.27962e-33	9.09154e-19	-2.32835e-34	1.24355e-12	-1.42627e-34	5.18815e-12	9.71402e-34	-2.65662e-19	-7.63347e-35	4.07695e-13	3.82184e-35	1.54673e-12	2.89601e-34	7.11869e-20	-2.17704e-35	1.16273e-13	-1.02466e-35	4.39486e-13	8.22870e-35	-1.90856e-20	-6.14184e-36	3.28029e-14	2.76812e-36	1.25092e-13	2.34215e-35	5.15562e-21	-1.63600e-36	8.73770e-15	-8.25855e-37	3.74721e-14	7.01607e-36	-1.53686e-21	-5.57785e-37	2.97907e-15	2.21299e-37	1.13152e-14	2.11860e-36	4.11822e-22	-1.59334e-37	8.50985e-16	-5.93413e-38	3.21742e-15	6.02413e-37	-1.10429e-22	-4.48979e-38	2.39795e-16	1.60661e-38	9.16951e-16	1.71685e-37	2.98958e-23	-1.17010e-38	6.24936e-17	-4.92301e-39	2.79106e-16	5.22582e-38	-9.15364e-24	-4.22299e-39	2.25545e-17	1.31921e-39	8.58048e-17	1.60656e-38	2.45288e-24	-1.20898e-39	6.45705e-18	-3.53826e-40	2.44227e-17	4.57279e-39	-6.57887e-25	-3.40071e-40	1.81628e-18	9.60951e-41	6.97349e-18	1.30568e-39	1.78664e-25	-8.54608e-41	4.56437e-19	-3.05548e-41	2.17405e-18	4.07057e-40	-5.67711e-26	-3.36963e-41	1.79968e-19	8.18793e-42	6.86249e-19	1.28490e-40	1.52133e-26	-9.67711e-42	5.16844e-20	-2.19692e-42	1.95620e-19	3.66269e-41	-4.08189e-27	-2.71339e-42	1.44919e-20	5.99749e-43	5.60397e-20	1.04926e-41	1.11428e-27	-6.31543e-43	3.37300e-21	-2.02077e-43	1.82340e-20	3.41403e-42	-3.75250e-28	-2.94664e-43	1.57377e-21	5.41488e-44	6.02362e-21	1.12783e-42	1.00553e-28	-8.51261e-44	4.54649e-22	-1.45185e-44	1.72016e-21	3.22075e-43	-2.69602e-29	-2.39569e-44	1.27951e-22	3.92503e-45	4.91237e-22	9.19766e-44	7.28833e-30	-6.08457e-45	3.24970e-23	-1.18166e-45	1.52670e-22	2.85851e-44	-2.19311e-30	-2.20555e-45	1.17796e-23	3.16517e-46	4.69322e-23	8.78734e-45	5.84171e-31	-6.39927e-46	3.41778e-24	-8.44062e-47	1.31802e-23	2.46779e-45	-1.43571e-31	-2.07579e-46	1.10865e-24	2.11075e-47	3.14938e-24	5.89674e-46	-9.88715e-33	-2.01606e-49	1.07676e-27	-2.37872e-50	1.97268e-30	3.65750e-52	1.83120e-31
8.71801e-08	-1.95188e-25	-1.53506e-09	3.28211e-27	1.87484e-09	-5.57118e-26	1.56447e-05	2.79497e-26	4.11326e-10	1.16388e-25	4.33929e-05	1.49282e-26	6.95943e-07	9.13787e-27	-1.10246e-10	3.46734e-26	1.16524e-04	-4.00115e-27	-1.31641e-05	2.60097e-27	2.96592e-11	9.86987e-27	5.17020e-05	1.07634e-27	-3.82168e-06	7.17671e-28	-8.39041e-12	2.87229e-27	1.53248e-05	-3.04222e-28	-1.18329e-06	2.21587e-28	2.24826e-12	8.39094e-28	4.48124e-06	8.15180e-29	-3.36643e-07	6.30322e-29	-6.02618e-13	2.38142e-28	1.27187e-06	-2.18498e-29	-9.51528e-08	1.78161e-29	1.62217e-13	6.76439e-29	3.61276e-07	5.88128e-30	-2.61294e-08	4.89238e-30	-4.62485e-14	1.97620e-29	1.05546e-07	-1.67530e-30	-8.17663e-09	1.53096e-30	1.23926e-14	5.79986e-30	3.09761e-08	4.48907e-31	-2.32729e-09	4.35754e-31	-3.32188e-15	1.64649e-30	8.79363e-09	-1.20331e-31	-6.57527e-10	1.23113e-31	8.94946e-16	4.67903e-31	2.49900e-09	3.24160e-32	-1.79388e-10	3.35879e-32	-2.57898e-16	1.37476e-31	7.34240e-10	-9.33315e-33	-5.72183e-11	1.07133e-32	6.91059e-17	4.06105e-32	2.16894e-10	2.50089e-33	-1.62994e-11	3.05184e-33	-1.85257e-17	1.15330e-32	6.15959e-11	-6.70428e-34	-4.60226e-12	8.61710e-34	4.99675e-18	3.27964e-33	1.75161e-11	1.80816e-34	-1.24355e-12	2.32837e-34	-1.46136e-18	9.71410e-34	5.18815e-12	-5.28358e-35	-4.07695e-13	7.63353e-35	3.91588e-19	2.89603e-34	1.54673e-12	1.41579e-35	-1.16273e-13	2.17705e-35	-1.04987e-19	8.22877e-35	4.39486e-13	-3.79582e-36	-3.28029e-14	6.14189e-36	2.83623e-20	2.34217e-35	1.25092e-13	1.02537e-36	-8.73769e-15	1.63601e-36	-8.46174e-21	7.01613e-36	3.74721e-14	-3.05656e-37	-2.97907e-15	5.57790e-37	2.26744e-21	2.11862e-36	1.13152e-14	8.19047e-38	-8.50985e-16	1.59335e-37	-6.08013e-22	6.02417e-37	3.21742e-15	-2.19626e-38	-2.39794e-16	4.48982e-38	1.64614e-22	1.71686e-37	9.16951e-16	5.94578e-39	-6.24936e-17	1.17011e-38	-5.04413e-23	5.22587e-38	2.79105e-16	-1.82051e-39	-2.25545e-17	4.22303e-39	1.35167e-23	1.60658e-38	8.58048e-17	4.87838e-40	-6.45705e-18	1.20899e-39	-3.62531e-24	4.57282e-39	2.44227e-17	-1.30843e-40	-1.81628e-18	3.40073e-40	9.84595e-25	1.30569e-39	6.97349e-18	3.55334e-41	-4.56437e-19	8.54615e-41	-3.13066e-25	4.07061e-40	2.17405e-18	-1.12908e-41	-1.79968e-19	3.36965e-41	8.38939e-26	1.28491e-40	6.86249e-19	3.02567e-42	-5.16844e-20	9.67719e-42	-2.25097e-26	3.66272e-41	1.95620e-19	-8.11820e-43	-1.44919e-20	2.71341e-42	6.14505e-27	1.04927e-41	5.60397e-20	2.21613e-43	-3.37300e-21	6.31548e-43	-2.07049e-27	3.41406e-42	1.82340e-20	-7.46311e-44	-1.57376e-21	2.94666e-43	5.54811e-28	1.12784e-42	6.02362e-21	1.99983e-44	-4.54649e-22	8.51268e-44	-1.48757e-28	3.22077e-43	1.72016e-21	-5.36196e-45	-1.27951e-22	2.39571e-44	4.02160e-29	9.19774e-44	4.91237e-22	1.44957e-45	-3.24970e-23	6.08462e-45	-1.21074e-29	2.85854e-44	1.52670e-22	-4.36337e-46	-1.17796e-23	2.20557e-45	3.24305e-30	8.78741e-45	4.69322e-23	1.16876e-46	-3.41778e-24	6.39932e-46	-8.64829e-31	2.46781e-45	1.31802e-23	-3.11670e-47	-1.10865e-24	2.07580e-46	2.16268e-31	5.89679e-46	3.14938e-24	7.79202e-48	-1.07676e-27	2.01608e-49	-2.43725e-34	3.15017e-52	1.95343e-30	-1.06223e-51
-2.23249e-26	1.14646e-10	5.33444e-28	2.69942e-14	-6.54091e-28	1.41046e-10	3.22813e-27	-1.61968e-11	-1.42939e-28	-6.75033e-11	-1.34345e-26	-2.34662e-07	1.05449e-27	-5.30173e-12	3.83114e-29	-2.01180e-11	-4.00115e-27	9.38508e-07	3.00135e-28	-1.50915e-12	-1.03068e-29	-5.72676e-12	-1.13892e-27	-2.52467e-07	8.28145e-29	-4.16411e-13	2.91573e-30	-1.66658e-12	-3.31444e-28	7.13583e-08	2.55696e-29	-1.28570e-13	-7.81286e-31	-4.86865e-13	-9.68260e-29	-1.91209e-08	7.27350e-30	-3.65729e-14	2.09414e-31	-1.38176e-13	-2.74800e-29	5.12509e-09	2.05586e-30	-1.03374e-14	-5.63715e-32	-3.92488e-14	-7.80567e-30	-1.37951e-09	5.64548e-31	-2.83869e-15	1.60717e-32	-1.14664e-14	-2.28040e-30	3.92957e-10	1.76663e-31	-8.88305e-16	-4.30652e-33	-3.36523e-15	-6.69266e-31	-1.05296e-10	5.02831e-32	-2.52836e-16	1.15438e-33	-9.55335e-16	-1.89994e-31	2.82248e-11	1.42064e-32	-7.14334e-17	-3.11000e-34	-2.71490e-16	-5.39930e-32	-7.60349e-12	3.87582e-33	-1.94886e-17	8.96214e-35	-7.97674e-17	-1.58639e-32	2.18918e-12	1.23625e-33	-6.21616e-18	-2.40148e-35	-2.35633e-17	-4.68618e-33	-5.86610e-13	3.52163e-34	-1.77076e-18	6.43780e-36	-6.69174e-18	-1.33083e-33	1.57255e-13	9.94357e-35	-4.99987e-19	-1.73641e-36	-1.90294e-18	-3.78449e-34	-4.24122e-14	2.68679e-35	-1.35098e-19	5.07835e-37	-5.63638e-19	-1.12094e-34	1.23932e-14	8.80859e-36	-4.42917e-20	-1.36080e-37	-1.68036e-19	-3.34183e-35	-3.32088e-15	2.51218e-36	-1.26318e-20	3.64839e-38	-4.77455e-20	-9.49546e-36	8.90347e-16	7.08734e-37	-3.56369e-21	-9.85611e-39	-1.35899e-20	-2.70271e-36	-2.40510e-16	1.88785e-37	-9.49258e-22	2.94052e-39	-4.07094e-21	-8.09615e-37	7.16947e-17	6.43653e-38	-3.23644e-22	-7.87952e-40	-1.22928e-21	-2.44474e-37	-1.92116e-17	1.83862e-38	-9.24505e-23	2.11289e-40	-3.49539e-22	-6.95150e-38	5.15155e-18	5.18096e-39	-2.60511e-23	-5.72044e-41	-9.96170e-23	-1.98115e-38	-1.39464e-18	1.35023e-39	-6.78927e-24	1.75287e-41	-3.03219e-23	-6.03031e-39	4.27019e-19	4.87309e-40	-2.45031e-24	-4.69714e-42	-9.32179e-24	-1.85388e-39	-1.14427e-19	1.39510e-40	-7.01491e-25	1.25982e-42	-2.65327e-24	-5.27674e-40	3.06905e-20	3.92422e-41	-1.97320e-25	-3.42154e-43	-7.57596e-25	-1.50668e-40	-8.33472e-21	9.86170e-42	-4.95870e-26	1.08793e-43	-2.36187e-25	-4.69721e-41	2.64838e-21	3.88836e-42	-1.95516e-26	-2.91537e-44	-7.45537e-26	-1.48270e-41	-7.09700e-22	1.11668e-42	-5.61496e-27	7.82230e-45	-2.12521e-26	-4.22654e-42	1.90420e-22	3.13110e-43	-1.57439e-27	-2.13545e-45	-6.08812e-27	-1.21078e-42	-5.19815e-23	7.28765e-44	-3.66441e-28	7.19510e-46	-1.98093e-27	-3.93960e-43	1.75055e-23	3.40025e-44	-1.70973e-28	-1.92801e-46	-6.54403e-28	-1.30145e-43	-4.69079e-24	9.82307e-45	-4.93928e-29	5.16941e-47	-1.86878e-28	-3.71656e-44	1.25770e-24	2.76449e-45	-1.39005e-29	-1.39754e-47	-5.33677e-29	-1.06136e-44	-3.40012e-25	7.02125e-46	-3.53049e-30	4.20740e-48	-1.65859e-29	-3.29856e-45	1.02347e-25	2.54508e-46	-1.27985e-30	-1.12698e-48	-5.09823e-30	-1.01401e-45	-2.74144e-26	7.38439e-47	-3.71712e-31	3.00535e-49	-1.43027e-30	-2.84768e-46	7.31053e-27	2.39534e-47	-1.21808e-31	-7.51548e-50	-3.36554e-31	-6.80450e-47	-1.82770e-27	2.32642e-50	-1.26143e-34	8.46963e-53	1.27457e-32	-4.22054e-53	2.57199e-31
-6.53964e-09	1.46416e-26	1.15149e-10	-2.46201e-28	-1.40637e-10	4.17908e-27	-1.21808e-06	-2.09659e-27	-3.08547e-11	-8.73062e-27	-3.31197e-06	-1.11980e-27	-3.25606e-06	-6.85457e-28	8.26988e-12	-2.60095e-27	-1.31641e-05	3.00135e-28	2.27596e-05	-1.95106e-28	-2.22482e-12	-7.40367e-28	1.75437e-07	-8.07390e-29	-3.09458e-06	-5.38345e-29	6.29387e-13	-2.15459e-28	1.38473e-05	2.28204e-29	-1.11988e-06	-1.66218e-29	-1.68648e-13	-6.29428e-29	4.26040e-06	-6.11486e-30	-3.20772e-07	-4.72822e-30	4.52040e-14	-1.78637e-29	1.21220e-06	1.63901e-30	-9.06986e-08	-1.33643e-30	-1.21683e-14	-5.07416e-30	3.44368e-07	-4.41169e-31	-2.49067e-08	-3.66991e-31	3.46922e-15	-1.48240e-30	1.00607e-07	1.25668e-31	-7.79402e-09	-1.14842e-31	-9.29602e-16	-4.35064e-31	2.95267e-08	-3.36736e-32	-2.21839e-09	-3.26871e-32	2.49184e-16	-1.23508e-31	8.38215e-09	9.02629e-33	-6.26760e-10	-9.23505e-33	-6.71323e-17	-3.50987e-32	2.38206e-09	-2.43160e-33	-1.70993e-10	-2.51952e-33	1.93456e-17	-1.03125e-32	6.99882e-10	7.00102e-34	-5.45409e-11	-8.03638e-34	-5.18382e-18	-3.04631e-33	2.06745e-10	-1.87598e-34	-1.55367e-11	-2.28927e-34	1.38966e-18	-8.65121e-34	5.87136e-11	5.02904e-35	-4.38691e-12	-6.46393e-35	-3.74820e-19	-2.46015e-34	1.66964e-11	-1.35634e-35	-1.18536e-12	-1.74658e-35	1.09621e-19	-7.28682e-35	4.94538e-12	3.96334e-36	-3.88618e-13	-5.72612e-36	-2.93741e-20	-2.17240e-35	1.47435e-12	-1.06202e-36	-1.10832e-13	-1.63307e-36	7.87540e-21	-6.17263e-36	4.18921e-13	2.84733e-37	-3.12679e-14	-4.60720e-37	-2.12753e-21	-1.75693e-36	1.19238e-13	-7.69153e-38	-8.32883e-15	-1.22722e-37	6.34738e-22	-5.26299e-37	3.57186e-14	2.29280e-38	-2.83967e-15	-4.18414e-38	-1.70087e-22	-1.58923e-37	1.07857e-14	-6.14386e-39	-8.11165e-16	-1.19522e-38	4.56087e-23	-4.51890e-38	3.06687e-15	1.64747e-39	-2.28574e-16	-3.36794e-39	-1.23481e-23	-1.28787e-38	8.74044e-16	-4.46007e-40	-5.95693e-17	-8.77729e-40	3.78374e-24	-3.92007e-39	2.66045e-16	1.36561e-40	-2.14991e-17	-3.16781e-40	-1.01392e-24	-1.20514e-39	8.17897e-17	-3.65939e-41	-6.15491e-18	-9.06901e-41	2.71945e-25	-3.43020e-40	2.32799e-17	9.81484e-42	-1.73129e-18	-2.55098e-41	-7.38571e-26	-9.79435e-41	6.64718e-18	-2.66545e-42	-4.35079e-19	-6.41071e-42	2.34839e-26	-3.05348e-41	2.07232e-18	8.46953e-43	-1.71547e-19	-2.52767e-42	-6.29311e-27	-9.63845e-42	6.54137e-19	-2.26962e-43	-4.92659e-20	-7.25913e-43	1.68852e-27	-2.74751e-42	1.86467e-19	6.08965e-44	-1.38138e-20	-2.03541e-43	-4.60957e-28	-7.87084e-43	5.34174e-20	-1.66237e-44	-3.21517e-21	-4.73742e-44	1.55313e-28	-2.56098e-43	1.73807e-20	5.59825e-45	-1.50012e-21	-2.21037e-44	-4.16179e-29	-8.46024e-44	5.74176e-21	-1.50012e-45	-4.33375e-22	-6.38560e-45	1.11587e-29	-2.41599e-44	1.63967e-21	4.02213e-46	-1.21964e-22	-1.79709e-45	-3.01671e-30	-6.89948e-45	4.68250e-22	-1.08736e-46	-3.09764e-23	-4.56424e-46	9.08206e-31	-2.14427e-45	1.45526e-22	3.27307e-47	-1.12284e-23	-1.65446e-46	-2.43270e-31	-6.59168e-46	4.47361e-23	-8.76715e-48	-3.25785e-24	-4.80031e-47	6.48732e-32	-1.85117e-46	1.25634e-23	2.33791e-48	-1.05678e-24	-1.55712e-47	-1.62229e-32	-4.42334e-47	3.00201e-24	-5.84498e-49	-1.02637e-27	-1.51232e-50	1.82825e-35	-2.36303e-53	1.86202e-30	7.96803e-53
1.45707e-26	-6.55674e-09	-1.12384e-26	1.40634e-10	3.44449e-28	-2.10133e-11	-2.09762e-27	-1.21808e-06	3.01138e-27	3.31198e-06	8.73205e-27	5.63061e-12	-6.85471e-28	-3.25606e-06	-8.07130e-28	1.31641e-05	2.60097e-27	-1.50915e-12	-1.95106e-28	2.27596e-05	2.17139e-28	-1.75436e-07	7.40366e-28	4.05973e-13	-5.38344e-29	-3.09458e-06	-6.14274e-29	-1.38473e-05	2.15459e-28	-1.14746e-13	-1.66218e-29	-1.11988e-06	1.64598e-29	-4.26040e-06	6.29427e-29	3.07469e-14	-4.72821e-30	-3.20772e-07	-4.41186e-30	-1.21220e-06	1.78636e-29	-8.24129e-15	-1.33643e-30	-9.06986e-08	1.18761e-30	-3.44368e-07	5.07415e-30	2.21829e-15	-3.66991e-31	-2.49067e-08	-3.38592e-31	-1.00607e-07	1.48240e-30	-6.31886e-16	-1.14842e-31	-7.79402e-09	9.07280e-32	-2.95267e-08	4.35063e-31	1.69318e-16	-3.26871e-32	-2.21839e-09	-2.43200e-32	-8.38215e-09	1.23507e-31	-4.53862e-17	-9.23504e-33	-6.26759e-10	6.55203e-33	-2.38206e-09	3.50987e-32	1.22266e-17	-2.51952e-33	-1.70993e-10	-1.88811e-33	-6.99882e-10	1.03125e-32	-3.52027e-18	-8.03637e-34	-5.45409e-11	5.05934e-34	-2.06745e-10	3.04630e-33	9.43284e-19	-2.28927e-34	-1.55367e-11	-1.35629e-34	-5.87136e-11	8.65120e-34	-2.52871e-19	-6.46392e-35	-4.38691e-12	3.65820e-35	-1.66964e-11	2.46015e-34	6.81999e-20	-1.74657e-35	-1.18536e-12	-1.06989e-35	-4.94538e-12	7.28681e-35	-1.99285e-20	-5.72612e-36	-3.88618e-13	2.86687e-36	-1.47435e-12	2.17239e-35	5.34006e-21	-1.63307e-36	-1.10832e-13	-7.68629e-37	-4.18921e-13	6.17262e-36	-1.43170e-21	-4.60720e-37	-3.12679e-14	2.07645e-37	-1.19238e-13	1.75692e-36	3.86747e-22	-1.22722e-37	-8.32883e-15	-6.19496e-38	-3.57186e-14	5.26299e-37	-1.15287e-22	-4.18413e-38	-2.83967e-15	1.66002e-38	-1.07857e-14	1.58923e-37	3.08927e-23	-1.19522e-38	-8.11165e-16	-4.45135e-39	-3.06687e-15	4.51890e-38	-8.28383e-24	-3.36794e-39	-2.28574e-16	1.20516e-39	-8.74044e-16	1.28787e-38	2.24262e-24	-8.77728e-40	-5.95693e-17	-3.69288e-40	-2.66045e-16	3.92006e-39	-6.86657e-25	-3.16781e-40	-2.14991e-17	9.89574e-41	-8.17897e-17	1.20514e-39	1.84002e-25	-9.06900e-41	-6.15491e-18	-2.65414e-41	-2.32799e-17	3.43020e-40	-4.93511e-26	-2.55098e-41	-1.73129e-18	7.20836e-42	-6.64718e-18	9.79434e-41	1.34025e-26	-6.41070e-42	-4.35079e-19	-2.29200e-42	-2.07232e-18	3.05347e-41	-4.25867e-27	-2.52767e-42	-1.71547e-19	6.14199e-43	-6.54137e-19	9.63844e-42	1.14122e-27	-7.25912e-43	-4.92659e-20	-1.64797e-43	-1.86467e-19	2.74751e-42	-3.06201e-28	-2.03540e-43	-1.38138e-20	4.49888e-44	-5.34174e-20	7.87083e-43	8.35876e-29	-4.73741e-44	-3.21517e-21	-1.51583e-44	-1.73807e-20	2.56098e-43	-2.81492e-29	-2.21037e-44	-1.50012e-21	4.06185e-45	-5.74176e-21	8.46023e-44	7.54293e-30	-6.38559e-45	-4.33375e-22	-1.08907e-45	-1.63967e-21	2.41599e-44	-2.02247e-30	-1.79709e-45	-1.21964e-22	2.94427e-46	-4.68250e-22	6.89947e-45	5.46957e-31	-4.56424e-46	-3.09764e-23	-8.86397e-47	-1.45526e-22	2.14427e-45	-1.65356e-31	-1.65446e-46	-1.12284e-23	2.37428e-47	-4.47361e-23	6.59167e-46	4.74089e-32	-4.80030e-47	-3.25785e-24	-6.33154e-48	-1.25634e-23	1.85117e-46	-2.42795e-32	-1.55712e-47	-1.05678e-24	1.58333e-48	-3.00201e-24	4.42334e-47	4.97090e-32	-1.51232e-50	-1.02637e-27	-1.78435e-51	-1.88037e-30	2.74361e-53	-1.74557e-31
1.66030e-10	-1.62073e-26	-3.23587e-09	3.95634e-28	4.09623e-12	-1.43511e-28	-2.39212e-11	2.33464e-27	1.55119e-06	9.71834e-27	9.95751e-11	3.84546e-29	-7.81654e-12	7.62883e-28	-6.20152e-06	2.89470e-27	2.96592e-11	-1.03068e-29	-2.22482e-12	2.17139e-28	2.32549e-05	8.23976e-28	8.44248e-12	2.77261e-30	-6.13880e-13	5.99139e-29	-6.57867e-06	2.39790e-28	2.45690e-12	-7.83664e-31	-1.89540e-13	1.84989e-29	1.76279e-06	7.00508e-29	7.17743e-13	2.09987e-31	-5.39164e-14	5.26217e-30	-4.72495e-07	1.98810e-29	2.03701e-13	-5.62843e-32	-1.52395e-14	1.48735e-30	1.27189e-07	5.64718e-30	5.78612e-14	1.51499e-32	-4.18484e-15	4.08435e-31	-3.62621e-08	1.64981e-30	1.69040e-14	-4.31550e-33	-1.30955e-15	1.27811e-31	9.71666e-09	4.84195e-31	4.96108e-15	1.15637e-33	-3.72734e-16	3.63784e-32	-2.60459e-09	1.37455e-31	1.40837e-15	-3.09967e-34	-1.05308e-16	1.02779e-32	7.01700e-10	3.90624e-32	4.00234e-16	8.35022e-35	-2.87303e-17	2.80404e-33	-2.02210e-10	1.14771e-32	1.17594e-16	-2.40418e-35	-9.16396e-18	8.94391e-34	5.41838e-11	3.39032e-33	3.47373e-17	6.44221e-36	-2.61048e-18	2.54780e-34	-1.45254e-11	9.62818e-34	9.86507e-18	-1.72700e-36	-7.37089e-19	7.19389e-35	3.91781e-12	2.73797e-34	2.80534e-18	4.65775e-37	-1.99164e-19	1.94381e-35	-1.14581e-12	8.10971e-35	8.30924e-19	-1.36103e-37	-6.52956e-20	6.37276e-36	3.07032e-13	2.41772e-35	2.47721e-19	3.64702e-38	-1.86221e-20	1.81749e-36	-8.23175e-14	6.86970e-36	7.03872e-20	-9.77788e-39	-5.25364e-21	5.12749e-37	2.22380e-14	1.95533e-36	2.00344e-20	2.64131e-39	-1.39941e-21	1.36581e-37	-6.63460e-15	5.85734e-37	6.00145e-21	-7.87358e-40	-4.77122e-22	4.65665e-38	1.77783e-15	1.76870e-37	1.81222e-21	2.10983e-40	-1.36292e-22	1.33019e-38	-4.76725e-16	5.02921e-38	5.15295e-22	-5.65748e-41	-3.84050e-23	3.74828e-39	1.29069e-16	1.43330e-38	1.46857e-22	1.53161e-41	-1.00088e-23	9.76850e-40	-3.95495e-17	4.36276e-39	4.47010e-23	-4.68956e-42	-3.61229e-24	3.52554e-40	1.05980e-17	1.34123e-39	1.37423e-23	1.25665e-42	-1.03415e-24	1.00932e-40	-2.84250e-18	3.81757e-40	3.91150e-24	-3.37046e-43	-2.90891e-25	2.83906e-41	7.71991e-19	1.09004e-40	1.11686e-24	9.15327e-44	-7.31020e-26	7.13466e-42	-2.45465e-19	3.39830e-41	3.48191e-25	-2.90848e-44	-2.88233e-26	2.81312e-42	6.57787e-20	1.07269e-41	1.09908e-25	7.79400e-45	-8.27766e-27	8.07889e-43	-1.76492e-20	3.05778e-42	3.13301e-26	-2.09122e-45	-2.32099e-27	2.26526e-43	4.81815e-21	8.75968e-43	8.97520e-27	5.70866e-46	-5.40213e-28	5.27241e-44	-1.62341e-21	2.85019e-43	2.92031e-27	-1.92247e-46	-2.52051e-28	2.45998e-44	4.35011e-22	9.41565e-44	9.64730e-28	5.15147e-47	-7.28157e-29	7.10671e-45	-1.16636e-22	2.68882e-44	2.75498e-28	-1.38122e-47	-2.04924e-29	2.00003e-45	3.15322e-23	7.67863e-45	7.86755e-29	3.73404e-48	-5.20465e-30	5.07968e-46	-9.49302e-24	2.38642e-45	2.44513e-29	-1.12399e-48	-1.88660e-30	1.84130e-46	2.54278e-24	7.33607e-46	7.51656e-30	3.01068e-49	-5.47384e-31	5.34240e-47	-6.78086e-25	2.06022e-46	2.11091e-30	-8.02848e-50	-1.77560e-31	1.73296e-47	1.69569e-25	4.92286e-47	5.04398e-31	2.00712e-50	-1.72451e-34	1.68310e-50	-1.91097e-28	3.06954e-53	3.12857e-37	3.78855e-56
5.52914e-26	-2.48808e-08	-4.26462e-26	5.33661e-10	1.30708e-27	-7.97392e-11	-7.95984e-27	-4.63983e-06	1.14272e-26	1.25904e-05	3.31354e-26	2.13665e-11	-2.60115e-27	-1.36220e-05	-3.06280e-27	5.17020e-05	9.86987e-27	-5.72676e-12	-7.40367e-28	-1.75436e-07	8.23976e-28	1.19330e-04	2.80946e-27	1.54055e-12	-2.04285e-28	1.29500e-05	-2.33098e-28	5.38562e-05	8.17599e-28	-4.35427e-13	-6.30746e-29	4.22637e-06	6.24598e-29	1.60315e-05	2.38848e-28	1.16675e-13	-1.79421e-29	1.20529e-06	-1.67416e-29	4.55412e-06	6.77870e-29	-3.12732e-14	-5.07134e-30	3.40722e-07	4.50662e-30	1.29366e-06	1.92548e-29	8.41775e-15	-1.39262e-30	9.35645e-08	-1.28485e-30	3.77939e-07	5.62525e-30	-2.39782e-15	-4.35788e-31	2.92790e-08	3.44284e-31	1.10920e-07	1.65093e-30	6.42511e-16	-1.24037e-31	8.33359e-09	-9.22868e-32	3.14883e-08	4.68672e-31	-1.72227e-16	-3.50441e-32	2.35448e-09	2.48629e-32	8.94844e-09	1.33189e-31	4.63963e-17	-9.56078e-33	6.42353e-10	-7.16478e-33	2.62917e-09	3.91326e-32	-1.33583e-17	-3.04955e-33	2.04888e-10	1.91986e-33	7.76657e-10	1.15598e-32	3.57948e-18	-8.68707e-34	5.83651e-11	-5.14670e-34	2.20563e-10	3.28286e-33	-9.59569e-19	-2.45286e-34	1.64798e-11	1.38817e-34	6.27217e-11	9.33551e-34	2.58798e-19	-6.62771e-35	4.45291e-12	-4.05988e-35	1.85778e-11	2.76512e-34	-7.56228e-20	-2.17288e-35	1.45988e-12	1.08789e-35	5.53854e-12	8.24356e-35	2.02639e-20	-6.19699e-36	4.16352e-13	-2.91671e-36	1.57372e-12	2.34232e-35	-5.43288e-21	-1.74829e-36	1.17461e-13	7.87946e-37	4.47929e-13	6.66698e-36	1.46759e-21	-4.65691e-37	3.12880e-14	-2.35079e-37	1.34180e-13	1.99714e-36	-4.37479e-22	-1.58775e-37	1.06675e-14	6.29927e-38	4.05176e-14	6.03064e-37	1.17228e-22	-4.53548e-38	3.04722e-15	-1.68915e-38	1.15210e-14	1.71478e-37	-3.14346e-23	-1.27803e-38	8.58658e-16	4.57320e-39	3.28343e-15	4.88705e-38	8.51007e-24	-3.33071e-39	2.23778e-16	-1.40133e-39	9.99424e-16	1.48754e-38	-2.60566e-24	-1.20208e-39	8.07635e-17	3.75512e-40	3.07251e-16	4.57312e-39	6.98232e-25	-3.44140e-40	2.31215e-17	-1.00716e-40	8.74532e-17	1.30165e-39	-1.87273e-25	-9.68019e-41	6.50375e-18	2.73535e-41	2.49707e-17	3.71665e-40	5.08583e-26	-2.43266e-41	1.63441e-18	-8.69742e-42	7.78485e-18	1.15870e-40	-1.61604e-26	-9.59172e-42	6.44431e-19	2.33069e-42	2.45733e-18	3.65749e-41	4.33057e-27	-2.75461e-42	1.85072e-19	-6.25353e-43	7.00479e-19	1.04259e-41	-1.16194e-27	-7.72373e-43	5.18928e-20	1.70719e-43	2.00667e-19	2.98674e-42	3.17190e-28	-1.79770e-43	1.20781e-20	-5.75212e-44	6.52923e-20	9.71812e-43	-1.06818e-28	-8.38766e-44	5.63535e-21	1.54135e-44	2.15694e-20	3.21040e-43	2.86230e-29	-2.42313e-44	1.62801e-21	-4.13268e-45	6.15958e-21	9.16793e-44	-7.67425e-30	-6.81939e-45	4.58169e-22	1.11726e-45	1.75903e-21	2.61814e-44	2.07396e-30	-1.73199e-45	1.16366e-22	-3.36360e-46	5.46682e-22	8.13682e-45	-6.21594e-31	-6.27816e-46	4.21806e-23	9.00966e-47	1.68055e-22	2.50134e-45	1.54789e-31	-1.82157e-46	1.22384e-23	-2.40262e-47	4.71957e-23	7.02461e-46	2.43865e-33	-5.90877e-47	3.96988e-24	6.00824e-48	1.12773e-23	1.67852e-46	-1.64543e-31	-5.73877e-50	3.85566e-27	-6.77103e-51	7.06378e-30	1.04111e-52	6.55735e-31
2.48159e-08	-5.55603e-26	-4.36954e-10	9.34257e-28	5.33674e-10	-1.58583e-26	4.63984e-06	7.95590e-27	1.17084e-10	3.31300e-26	1.25904e-05	4.24930e-27	1.36220e-05	2.60110e-27	-3.13816e-11	9.86980e-27	5.17020e-05	-1.13892e-27	1.75437e-07	7.40366e-28	8.44248e-12	2.80946e-27	1.19330e-04	3.06379e-28	-1.29500e-05	2.04285e-28	-2.38833e-12	8.17599e-28	5.38562e-05	-8.65964e-29	-4.22637e-06	6.30746e-29	6.39966e-13	2.38848e-28	1.60315e-05	2.32040e-29	-1.20529e-06	1.79421e-29	-1.71535e-13	6.77870e-29	4.55412e-06	-6.21952e-30	-3.40722e-07	5.07135e-30	4.61750e-14	1.92549e-29	1.29366e-06	1.67410e-30	-9.35645e-08	1.39262e-30	-1.31646e-14	5.62525e-30	3.77939e-07	-4.76870e-31	-2.92790e-08	4.35789e-31	3.52755e-15	1.65093e-30	1.10920e-07	1.27781e-31	-8.33359e-09	1.24037e-31	-9.45574e-16	4.68673e-31	3.14883e-08	-3.42519e-32	-2.35448e-09	3.50441e-32	2.54746e-16	1.33189e-31	8.94844e-09	9.22715e-33	-6.42353e-10	9.56079e-33	-7.34106e-17	3.91327e-32	2.62917e-09	-2.65667e-33	-2.04888e-10	3.04955e-33	1.96710e-17	1.15598e-32	7.76657e-10	7.11876e-34	-5.83651e-11	8.68708e-34	-5.27332e-18	3.28287e-33	2.20563e-10	-1.90836e-34	-1.64798e-11	2.45286e-34	1.42233e-18	9.33551e-34	6.27217e-11	5.14689e-35	-4.45291e-12	6.62771e-35	-4.15977e-19	2.76512e-34	1.85778e-11	-1.50396e-35	-1.45988e-12	2.17288e-35	1.11465e-19	8.24356e-35	5.53853e-12	4.03003e-36	-4.16352e-13	6.19699e-36	-2.98847e-20	2.34232e-35	1.57372e-12	-1.08047e-36	-1.17461e-13	1.74829e-36	8.07332e-21	6.66698e-36	4.47929e-13	2.91870e-37	-3.12880e-14	4.65691e-37	-2.40863e-21	1.99714e-36	1.34180e-13	-8.70045e-38	-1.06675e-14	1.58775e-37	6.45426e-22	6.03064e-37	4.05176e-14	2.33140e-38	-3.04722e-15	4.53548e-38	-1.73071e-22	1.71478e-37	1.15210e-14	-6.25162e-39	-8.58658e-16	1.27803e-38	4.68572e-23	4.88706e-38	3.28343e-15	1.69246e-39	-2.23778e-16	3.33071e-39	-1.43581e-23	1.48754e-38	9.99424e-16	-5.18205e-40	-8.07635e-17	1.20208e-39	3.84751e-24	4.57313e-39	3.07251e-16	1.38862e-40	-2.31215e-17	3.44140e-40	-1.03194e-24	1.30165e-39	8.74532e-17	-3.72442e-41	-6.50375e-18	9.68019e-41	2.80265e-25	3.71665e-40	2.49707e-17	1.01145e-41	-1.63441e-18	2.43266e-41	-8.91141e-26	1.15870e-40	7.78485e-18	-3.21392e-42	-6.44431e-19	9.59172e-42	2.38804e-26	3.65749e-41	2.45733e-18	8.61251e-43	-1.85072e-19	2.75461e-42	-6.40739e-27	1.04259e-41	7.00479e-19	-2.31083e-43	-5.18928e-20	7.72373e-43	1.74919e-27	2.98674e-42	2.00667e-19	6.30817e-44	-1.20781e-20	1.79770e-43	-5.89364e-28	9.71812e-43	6.52923e-20	-2.12436e-44	-5.63535e-21	8.38767e-44	1.57927e-28	3.21040e-43	2.15694e-20	5.69247e-45	-1.62801e-21	2.42314e-44	-4.23436e-29	9.16793e-44	6.15958e-21	-1.52627e-45	-4.58169e-22	6.81939e-45	1.14475e-29	2.61814e-44	1.75903e-21	4.12619e-46	-1.16366e-22	1.73199e-45	-3.44636e-30	8.13683e-45	5.46682e-22	-1.24203e-46	-4.21806e-23	6.27816e-46	9.23133e-31	2.50134e-45	1.68055e-22	3.32686e-47	-1.22384e-23	1.82157e-46	-2.46173e-31	7.02461e-46	4.71957e-23	-8.87164e-48	-3.96988e-24	5.90877e-47	6.15607e-32	1.67852e-46	1.12773e-23	2.21798e-48	-3.85566e-27	5.73878e-50	-6.93763e-35	8.96698e-53	6.99485e-30	-3.02362e-52
6.00558e-27	-3.08407e-11	-1.43501e-28	-7.26166e-15	1.75956e-28	-3.79426e-11	-8.68394e-28	4.35706e-12	3.84518e-29	1.81590e-11	3.61399e-27	6.31262e-08	-2.83667e-28	1.42621e-12	-1.03061e-29	5.41192e-12	1.07634e-27	-2.52467e-07	-8.07390e-29	4.05973e-13	2.77261e-30	1.54055e-12	3.06379e-28	9.46741e-07	-2.22778e-29	1.12018e-13	-7.84356e-31	4.48324e-13	8.91612e-29	-2.67591e-07	-6.87845e-30	3.45865e-14	2.10173e-31	1.30971e-13	2.60470e-29	7.17025e-08	-1.95663e-30	9.83843e-15	-5.63342e-32	3.71705e-14	7.39234e-30	-1.92189e-08	-5.53043e-31	2.78084e-15	1.51644e-32	1.05583e-14	2.09979e-30	5.17312e-09	-1.51868e-31	7.63631e-16	-4.32342e-33	3.08456e-15	6.13447e-31	-1.47358e-09	-4.75238e-32	2.38961e-16	1.15849e-33	9.05276e-16	1.80038e-31	3.94854e-10	-1.35266e-32	6.80149e-17	-3.10538e-34	2.56993e-16	5.11099e-32	-1.05842e-10	-3.82165e-33	1.92162e-17	8.36617e-35	7.30331e-17	1.45246e-32	2.85128e-11	-1.04263e-33	5.24259e-18	-2.41089e-35	2.14581e-17	4.26751e-33	-8.20936e-12	-3.32561e-34	1.67220e-18	6.46019e-36	6.33872e-18	1.26062e-33	2.19976e-12	-9.47347e-35	4.76349e-19	-1.73182e-36	1.80013e-18	3.58005e-34	-5.89702e-13	-2.67490e-35	1.34501e-19	4.67109e-37	5.11906e-19	1.01806e-34	1.59044e-13	-7.22769e-36	3.63426e-20	-1.36612e-37	1.51623e-19	3.01543e-35	-4.64739e-14	-2.36959e-36	1.19149e-20	3.66066e-38	4.52030e-20	8.98981e-36	1.24532e-14	-6.75797e-37	3.39807e-21	-9.81449e-39	1.28439e-20	2.55436e-36	-3.33877e-15	-1.90655e-37	9.58662e-22	2.65138e-39	3.65579e-21	7.27051e-37	9.01905e-16	-5.07848e-38	2.55359e-22	-7.91024e-40	1.09512e-21	2.17793e-37	-2.68852e-16	-1.73148e-38	8.70631e-23	2.11966e-40	3.30686e-22	6.57657e-38	7.20426e-17	-4.94605e-39	2.48700e-23	-5.68385e-41	9.40288e-23	1.87001e-38	-1.93181e-17	-1.39372e-39	7.00798e-24	1.53885e-41	2.67978e-23	5.32946e-39	5.22985e-18	-3.63222e-40	1.82637e-24	-4.71538e-42	8.15684e-24	1.62220e-39	-1.60130e-18	-1.31090e-40	6.59154e-25	1.26357e-42	2.50764e-24	4.98711e-40	4.29098e-19	-3.75294e-41	1.88707e-25	-3.38903e-43	7.13753e-25	1.41949e-40	-1.15088e-19	-1.05565e-41	5.30806e-26	9.20423e-44	2.03800e-25	4.05310e-41	3.12549e-20	-2.65288e-42	1.33393e-26	-2.92661e-44	6.35364e-26	1.26359e-41	-9.93133e-21	-1.04600e-42	5.25955e-27	7.84260e-45	2.00556e-26	3.98859e-42	2.66135e-21	-3.00397e-43	1.51047e-27	-2.10426e-45	5.71699e-27	1.13698e-42	-7.14069e-22	-8.42292e-44	4.23525e-28	5.74455e-46	1.63776e-27	3.25711e-43	1.94929e-22	-1.96044e-44	9.85757e-29	-1.93554e-46	5.32886e-28	1.05979e-43	-6.56448e-23	-9.14696e-45	4.59932e-29	5.18651e-47	1.76040e-28	3.50102e-44	1.75903e-23	-2.64249e-45	1.32871e-29	-1.39062e-47	5.02716e-29	9.99786e-45	-4.71633e-24	-7.43671e-46	3.73939e-30	3.75949e-48	1.43562e-29	2.85514e-45	1.27503e-24	-1.88878e-46	9.49855e-31	-1.13183e-48	4.46133e-30	8.87341e-46	-3.83798e-25	-6.84649e-47	3.44695e-31	3.03168e-49	1.36989e-30	2.72777e-46	1.02803e-25	-1.98646e-47	1.01410e-31	-8.08463e-50	3.79142e-31	7.66051e-47	-2.74142e-26	-6.44366e-48	3.75165e-32	2.02173e-50	7.10665e-32	1.83047e-47	6.85380e-27	-6.25828e-51	6.58361e-35	-2.27840e-53	-4.77965e-32	1.13536e-53	-9.64486e-31
-1.80444e-09	4.03997e-27	3.17724e-11	-6.79329e-29	-3.88052e-11	1.15311e-27	-3.38004e-07	-5.78499e-28	-8.51355e-12	-2.40899e-27	-9.16291e-07	-3.08980e-28	-1.03559e-06	-1.89134e-28	2.28186e-12	-7.17665e-28	-3.82168e-06	8.28145e-29	-3.09458e-06	-5.38344e-29	-6.13880e-13	-2.04285e-28	-1.29500e-05	-2.22778e-29	2.41802e-05	-1.48542e-29	1.73663e-13	-5.94503e-29	2.90684e-06	6.29670e-30	-3.74360e-06	-4.58636e-30	-4.65340e-14	-1.73674e-29	1.55178e-05	-1.68724e-30	-1.21574e-06	-1.30463e-30	1.24729e-14	-4.92901e-30	4.61280e-06	4.52241e-31	-3.45828e-07	-3.68754e-31	-3.35753e-15	-1.40008e-30	1.31333e-06	-1.21729e-31	-9.49971e-08	-1.01262e-31	9.57242e-16	-4.09030e-31	3.83731e-07	3.46748e-32	-2.97278e-08	-3.16876e-32	-2.56500e-16	-1.20045e-31	1.12620e-07	-9.29134e-33	-8.46136e-09	-9.01915e-33	6.87557e-17	-3.40787e-32	3.19711e-08	2.49057e-33	-2.39058e-09	-2.54817e-33	-1.85234e-17	-9.68458e-33	9.08563e-09	-6.70936e-34	-6.52201e-10	-6.95196e-34	5.33792e-18	-2.84546e-33	2.66948e-09	1.93175e-34	-2.08029e-10	-2.21743e-34	-1.43034e-18	-8.40549e-34	7.88565e-10	-5.17628e-35	-5.92600e-11	-6.31665e-35	3.83440e-19	-2.38708e-34	2.23945e-10	1.38763e-35	-1.67325e-11	-1.78355e-35	-1.03422e-19	-6.78815e-35	6.36833e-11	-3.74247e-36	-4.52118e-12	-4.81923e-36	3.02470e-20	-2.01061e-35	1.88626e-11	1.09358e-36	-1.48226e-12	-1.57998e-36	-8.10501e-21	-5.99416e-36	5.62345e-12	-2.93036e-37	-4.22735e-13	-4.50603e-37	2.17301e-21	-1.70318e-36	1.59784e-12	7.85647e-38	-1.19262e-13	-1.27124e-37	-5.87038e-22	-4.84778e-37	4.54796e-13	-2.12228e-38	-3.17677e-14	-3.38619e-38	1.75139e-22	-1.45219e-37	1.36238e-13	6.32638e-39	-1.08310e-14	-1.15450e-38	-4.69310e-23	-4.38508e-38	4.11388e-14	-1.69524e-39	-3.09393e-15	-3.29789e-39	1.25845e-23	-1.24687e-38	1.16976e-14	4.54576e-40	-8.71823e-16	-9.29296e-40	-3.40714e-24	-3.55354e-39	3.33377e-15	-1.23064e-40	-2.27208e-16	-2.42187e-40	1.04402e-24	-1.08164e-39	1.01475e-15	3.76804e-41	-8.20017e-17	-8.74075e-41	-2.79765e-25	-3.32527e-40	3.11961e-16	-1.00971e-41	-2.34760e-17	-2.50236e-41	7.50360e-26	-9.46475e-41	8.87940e-17	2.70815e-42	-6.60346e-18	-7.03878e-42	-2.03789e-26	-2.70250e-41	2.53536e-17	-7.35460e-43	-1.65947e-18	-1.76887e-42	6.47977e-27	-8.42527e-42	7.90421e-18	2.33695e-43	-6.54311e-19	-6.97445e-43	-1.73642e-27	-2.65948e-42	2.49500e-18	-6.26243e-44	-1.87909e-19	-2.00297e-43	4.65902e-28	-7.58104e-43	7.11219e-19	1.68028e-44	-5.26884e-20	-5.61617e-44	-1.27189e-28	-2.17175e-43	2.03744e-19	-4.58687e-45	-1.22632e-20	-1.30717e-44	4.28546e-29	-7.06636e-44	6.62934e-20	1.54469e-45	-5.72175e-21	-6.09895e-45	-1.14834e-29	-2.33438e-44	2.19001e-20	-4.13918e-46	-1.65297e-21	-1.76194e-45	3.07894e-30	-6.66630e-45	6.25402e-21	1.10980e-46	-4.65193e-22	-4.95860e-46	-8.32384e-31	-1.90373e-45	1.78599e-21	-3.00028e-47	-1.18150e-22	-1.25938e-46	2.50596e-31	-5.91655e-46	5.55064e-22	9.03117e-48	-4.28273e-23	-4.56506e-47	-6.71240e-32	-1.81880e-46	1.70632e-22	-2.41906e-48	-1.24260e-23	-1.32452e-47	1.79001e-32	-5.10782e-47	4.79193e-23	6.45085e-49	-4.03074e-24	-4.29646e-48	-4.47628e-33	-1.22051e-47	1.14502e-23	-1.61277e-49	-3.91478e-27	-4.17285e-51	5.04457e-36	-6.52018e-54	7.10210e-30	2.19857e-53
4.02042e-27	-1.80916e-09	-3.10094e-27	3.88042e-11	9.50418e-29	-5.79810e-12	-5.78786e-28	-3.38004e-07	8.30912e-28	9.16293e-07	2.40938e-27	1.55363e-12	-1.89138e-28	-1.03559e-06	-2.22706e-28	3.82168e-06	7.17671e-28	-4.16411e-13	-5.38345e-29	-3.09458e-06	5.99139e-29	1.29500e-05	2.04285e-28	1.12018e-13	-1.48542e-29	2.41802e-05	-1.69493e-29	-2.90684e-06	5.94503e-29	-3.16613e-14	-4.58636e-30	-3.74360e-06	4.54166e-30	-1.55178e-05	1.73674e-29	8.48383e-15	-1.30463e-30	-1.21574e-06	-1.21734e-30	-4.61280e-06	4.92901e-30	-2.27398e-15	-3.68754e-31	-3.45828e-07	3.27691e-31	-1.31333e-06	1.40008e-30	6.12083e-16	-1.01262e-31	-9.49971e-08	-9.34256e-32	-3.83731e-07	4.09030e-31	-1.74353e-16	-3.16876e-32	-2.97278e-08	2.50340e-32	-1.12620e-07	1.20045e-31	4.67191e-17	-9.01915e-33	-8.46136e-09	-6.71047e-33	-3.19711e-08	3.40787e-32	-1.25232e-17	-2.54817e-33	-2.39058e-09	1.80786e-33	-9.08563e-09	9.68458e-33	3.37363e-18	-6.95196e-34	-6.52201e-10	-5.20974e-34	-2.66948e-09	2.84546e-33	-9.71330e-19	-2.21743e-34	-2.08029e-10	1.39599e-34	-7.88565e-10	8.40549e-34	2.60276e-19	-6.31665e-35	-5.92600e-11	-3.74233e-35	-2.23945e-10	2.38708e-34	-6.97735e-20	-1.78355e-35	-1.67325e-11	1.00938e-35	-6.36833e-11	6.78815e-35	1.88181e-20	-4.81923e-36	-4.52118e-12	-2.95207e-36	-1.88626e-11	2.01061e-35	-5.49879e-21	-1.57997e-36	-1.48226e-12	7.91038e-37	-5.62345e-12	5.99416e-36	1.47346e-21	-4.50603e-37	-4.22735e-13	-2.12083e-37	-1.59784e-12	1.70318e-36	-3.95043e-22	-1.27124e-37	-1.19262e-13	5.72941e-38	-4.54796e-13	4.84778e-37	1.06713e-22	-3.38619e-38	-3.17677e-14	-1.70934e-38	-1.36238e-13	1.45219e-37	-3.18106e-23	-1.15450e-38	-1.08310e-14	4.58041e-39	-4.11388e-14	4.38508e-38	8.52407e-24	-3.29789e-39	-3.09393e-15	-1.22823e-39	-1.16976e-14	1.24687e-38	-2.28572e-24	-9.29296e-40	-8.71823e-16	3.32533e-40	-3.33377e-15	3.55354e-39	6.18796e-25	-2.42187e-40	-2.27208e-16	-1.01895e-40	-1.01475e-15	1.08164e-39	-1.89466e-25	-8.74075e-41	-8.20017e-17	2.73047e-41	-3.11961e-16	3.32527e-40	5.07708e-26	-2.50236e-41	-2.34760e-17	-7.32342e-42	-8.87940e-17	9.46475e-41	-1.36172e-26	-7.03878e-42	-6.60346e-18	1.98896e-42	-2.53536e-17	2.70250e-41	3.69807e-27	-1.76887e-42	-1.65947e-18	-6.32418e-43	-7.90421e-18	8.42527e-42	-1.17507e-27	-6.97445e-43	-6.54311e-19	1.69472e-43	-2.49500e-18	2.65948e-42	3.14890e-28	-2.00297e-43	-1.87909e-19	-4.54714e-44	-7.11219e-19	7.58104e-43	-8.44886e-29	-5.61617e-44	-5.26884e-20	1.24135e-44	-2.03744e-19	2.17175e-43	2.30639e-29	-1.30717e-44	-1.22632e-20	-4.18255e-45	-6.62934e-20	7.06636e-44	-7.76709e-30	-6.09895e-45	-5.72175e-21	1.12076e-45	-2.19001e-20	2.33438e-44	2.08134e-30	-1.76194e-45	-1.65297e-21	-3.00501e-46	-6.25402e-21	6.66630e-45	-5.58248e-31	-4.95860e-46	-4.65193e-22	8.12396e-47	-1.78599e-21	1.90373e-45	1.51658e-31	-1.25938e-46	-1.18150e-22	-2.44578e-47	-5.55064e-22	5.91655e-46	-4.83822e-32	-4.56506e-47	-4.28273e-23	6.55121e-48	-1.70632e-22	1.81880e-46	2.48486e-32	-1.32452e-47	-1.24260e-23	-1.74702e-48	-4.79193e-23	5.10782e-47	-5.10123e-32	-4.29646e-48	-4.03074e-24	4.36879e-49	-1.14502e-23	1.22051e-47	1.79201e-31	-4.17285e-51	-3.91478e-27	-4.92344e-52	-7.17208e-30	7.57029e-54	-6.65790e-31
-4.69690e-11	4.58496e-27	9.15410e-10	-1.11922e-28	-1.15880e-12	4.05985e-29	6.76718e-12	-6.60455e-28	-4.38822e-07	-2.74926e-27	-2.81692e-11	-1.08786e-29	2.21125e-12	-2.15815e-28	1.75437e-06	-8.18893e-28	-8.39041e-12	2.91573e-30	6.29387e-13	-6.14274e-29	-6.57867e-06	-2.33098e-28	-2.38833e-12	-7.84356e-31	1.73663e-13	-1.69493e-29	2.45603e-05	-6.78352e-29	-6.95042e-13	2.21694e-31	5.36198e-14	-5.23323e-30	-6.58107e-06	-1.98170e-29	-2.03045e-13	-5.94041e-32	1.52526e-14	-1.48864e-30	1.76398e-06	-5.62421e-30	-5.76258e-14	1.59225e-32	4.31116e-15	-4.20764e-31	-4.74839e-07	-1.59755e-30	-1.63686e-14	-4.28583e-33	1.18386e-15	-1.15544e-31	1.35378e-07	-4.66720e-31	-4.78203e-15	1.22083e-33	3.70464e-16	-3.61569e-32	-3.62754e-08	-1.36976e-31	-1.40346e-15	-3.27129e-34	1.05444e-16	-1.02912e-32	9.72378e-09	-3.88852e-32	-3.98419e-16	8.76878e-35	2.97911e-17	-2.90757e-33	-2.61967e-09	-1.10505e-32	-1.13224e-16	-2.36223e-35	8.12764e-18	-7.93247e-34	7.54915e-10	-3.24679e-33	-3.32667e-17	6.80129e-36	2.59243e-18	-2.53018e-34	-2.02286e-10	-9.59101e-34	-9.82699e-18	-1.82246e-36	7.38490e-19	-7.20756e-35	5.42281e-11	-2.72375e-34	-2.79077e-18	4.88557e-37	2.08518e-19	-2.03511e-35	-1.46264e-11	-7.74556e-35	-7.93613e-19	-1.31765e-37	5.63423e-20	-5.49894e-36	4.27768e-12	-2.29419e-35	-2.35063e-19	3.85027e-38	1.84717e-20	-1.80282e-36	-1.14625e-12	-6.83959e-36	-7.00787e-20	-1.03172e-38	5.26807e-21	-5.14157e-37	3.07318e-13	-1.94340e-36	-1.99121e-20	2.76610e-39	1.48622e-21	-1.45054e-37	-8.30218e-14	-5.53152e-37	-5.66761e-21	-7.47211e-40	3.95885e-22	-3.86379e-38	2.47691e-14	-1.65701e-37	-1.69777e-21	2.22739e-40	1.34975e-22	-1.31734e-38	-6.63722e-15	-5.00355e-38	-5.12666e-22	-5.96859e-41	3.85562e-23	-3.76303e-39	1.77977e-15	-1.42273e-38	-1.45774e-22	1.60047e-41	1.08645e-23	-1.06037e-39	-4.81855e-16	-4.05473e-39	-4.15449e-23	-4.33283e-42	2.83144e-24	-2.76345e-40	1.47651e-16	-1.23420e-39	-1.26456e-23	1.32665e-42	1.02189e-24	-9.97355e-41	-3.95658e-17	-3.79427e-40	-3.88762e-24	-3.55499e-43	2.92554e-25	-2.85529e-41	1.06120e-17	-1.07997e-40	-1.10654e-24	9.53483e-44	8.22914e-26	-8.03154e-42	-2.88209e-18	-3.08366e-41	-3.15953e-25	-2.58941e-44	2.06801e-26	-2.01835e-42	9.16402e-19	-9.61358e-42	-9.85011e-26	8.22791e-45	8.15394e-27	-7.95814e-43	-2.45573e-19	-3.03458e-42	-3.10924e-26	-2.20488e-45	2.34170e-27	-2.28547e-43	6.58902e-20	-8.65028e-43	-8.86311e-27	5.91592e-46	6.56595e-28	-6.40829e-44	-1.79877e-20	-2.47806e-43	-2.53903e-27	-1.61494e-46	1.52823e-28	-1.49153e-44	6.06071e-21	-8.06301e-44	-8.26139e-28	5.43854e-47	7.13037e-29	-6.95915e-45	-1.62404e-21	-2.66363e-44	-2.72916e-28	-1.45732e-47	2.05991e-29	-2.01045e-45	4.35439e-22	-7.60652e-45	-7.79367e-29	3.90738e-48	5.79717e-30	-5.65797e-46	-1.17720e-22	-2.17224e-45	-2.22568e-29	-1.05634e-48	1.47237e-30	-1.43701e-46	3.54405e-23	-6.75103e-46	-6.91713e-30	3.17969e-49	5.33708e-31	-5.20892e-47	-9.49301e-24	-2.07533e-46	-2.12639e-30	-8.51703e-50	1.54852e-31	-1.51133e-47	2.53152e-24	-5.82824e-47	-5.97163e-31	2.27121e-50	5.02306e-32	-4.90244e-48	-6.33057e-25	-1.39265e-47	-1.42691e-31	-5.67802e-51	4.87854e-35	-4.76139e-51	7.13429e-28	-8.68353e-54	-8.85053e-38	-1.07176e-56
1.60907e-26	-7.24071e-09	-1.24107e-26	1.55304e-10	3.80381e-28	-2.32054e-11	-2.31644e-27	-1.35307e-06	3.32551e-27	3.66761e-06	9.64295e-27	6.21800e-12	-7.56978e-28	-4.16607e-06	-8.91326e-28	1.53248e-05	2.87229e-27	-1.66658e-12	-2.15459e-28	-1.38473e-05	2.39790e-28	5.38562e-05	8.17599e-28	4.48324e-13	-5.94503e-29	-2.90684e-06	-6.78352e-29	1.26613e-04	2.37935e-28	-1.26716e-13	-1.83557e-29	1.46486e-05	1.81768e-29	5.73316e-05	6.95087e-29	3.39544e-14	-5.22145e-30	4.37612e-06	-4.87208e-30	1.65606e-05	1.97271e-29	-9.10102e-15	-1.47584e-30	1.23996e-06	1.31150e-30	4.70828e-06	5.60347e-30	2.44971e-15	-4.05274e-31	3.40543e-07	-3.73912e-31	1.37557e-06	1.63704e-30	-6.97805e-16	-1.26822e-31	1.06566e-07	1.00192e-31	4.03712e-07	4.80448e-31	1.86981e-16	-3.60969e-32	3.03316e-08	-2.68570e-32	1.14607e-07	1.36391e-31	-5.01209e-17	-1.01984e-32	8.56956e-09	7.23550e-33	3.25695e-08	3.87601e-32	1.35021e-17	-2.78234e-33	2.33796e-09	-2.08507e-33	9.56935e-09	1.13882e-32	-3.88750e-18	-8.87470e-34	7.45727e-10	5.58711e-34	2.82679e-09	3.36408e-33	1.04169e-18	-2.52808e-34	2.12431e-10	-1.49777e-34	8.02780e-10	9.55367e-34	-2.79251e-19	-7.13822e-35	5.99813e-11	4.03980e-35	2.28287e-10	2.71679e-34	7.53145e-20	-1.92877e-35	1.62072e-11	-1.18149e-35	6.76172e-11	8.04695e-35	-2.20075e-20	-6.32345e-36	5.31349e-12	3.16593e-36	2.01585e-11	2.39901e-35	5.89714e-21	-1.80342e-36	1.51539e-12	-8.48808e-37	5.72782e-12	6.81653e-36	-1.58106e-21	-5.08781e-37	4.27520e-13	2.29305e-37	1.63032e-12	1.94020e-36	4.27093e-22	-1.35524e-37	1.13878e-13	-6.84119e-38	4.88374e-13	5.81201e-37	-1.27314e-22	-4.62061e-38	3.88262e-14	1.83319e-38	1.47471e-13	1.75501e-37	3.41154e-23	-1.31990e-38	1.10909e-14	-4.91570e-39	4.19326e-14	4.99029e-38	-9.14800e-24	-3.71927e-39	3.12524e-15	1.33088e-39	1.19506e-14	1.42221e-38	2.47657e-24	-9.69290e-40	8.14479e-16	-4.07811e-40	3.63758e-15	4.32899e-39	-7.58290e-25	-3.49826e-40	2.93953e-16	1.09280e-40	1.11830e-15	1.33085e-39	2.03197e-25	-1.00150e-40	8.41548e-17	-2.93101e-41	3.18302e-16	3.78803e-40	-5.44995e-26	-2.81709e-41	2.36716e-17	7.96030e-42	9.08855e-17	1.08160e-40	1.48006e-26	-7.07944e-42	5.94874e-18	-2.53109e-42	2.83344e-17	3.37200e-41	-4.70293e-27	-2.79135e-42	2.34552e-18	6.78270e-43	8.94389e-18	1.06439e-41	1.26027e-27	-8.01637e-43	6.73603e-19	-1.81988e-43	2.54952e-18	3.03412e-42	-3.38144e-28	-2.24773e-43	1.88873e-19	4.96819e-44	7.30366e-19	8.69189e-43	9.23075e-29	-5.23160e-44	4.39603e-20	-1.67396e-44	2.37643e-19	2.82813e-43	-3.10857e-29	-2.44095e-44	2.05109e-20	4.48557e-45	7.85059e-20	9.34278e-44	8.32959e-30	-7.05172e-45	5.92545e-21	-1.20268e-45	2.24189e-20	2.66802e-44	-2.23263e-30	-1.98455e-45	1.66759e-21	3.25141e-46	6.40229e-21	7.61920e-45	6.00931e-31	-5.04037e-46	4.23534e-22	-9.78862e-47	1.98975e-21	2.36795e-45	-1.71095e-31	-1.82705e-46	1.53524e-22	2.62196e-47	6.11668e-22	7.27930e-46	3.20975e-33	-5.30105e-47	4.45439e-23	-6.99202e-48	1.71777e-22	2.04428e-46	1.58255e-31	-1.71955e-47	1.44491e-23	1.74850e-48	4.10459e-23	4.88477e-47	-6.36232e-31	-1.67008e-50	1.40334e-26	-1.97048e-51	2.57099e-29	3.02981e-53	2.38667e-30
7.22183e-09	-1.61689e-26	-1.27161e-10	2.71884e-28	1.55308e-10	-4.61501e-27	1.35307e-06	2.31530e-27	3.40733e-11	9.64136e-27	3.66760e-06	1.23661e-27	4.16607e-06	7.56961e-28	-9.13256e-12	2.87227e-27	1.53248e-05	-3.31444e-28	1.38473e-05	2.15459e-28	2.45690e-12	8.17599e-28	5.38562e-05	8.91612e-29	2.90684e-06	5.94503e-29	-6.95042e-13	2.37935e-28	1.26613e-04	-2.52009e-29	-1.46486e-05	1.83557e-29	1.86240e-13	6.95087e-29	5.73316e-05	6.75273e-30	-4.37612e-06	5.22145e-30	-4.99195e-14	1.97271e-29	1.65606e-05	-1.80998e-30	-1.23996e-06	1.47584e-30	1.34377e-14	5.60348e-30	4.70828e-06	4.87189e-31	-3.40543e-07	4.05274e-31	-3.83112e-15	1.63704e-30	1.37557e-06	-1.38777e-31	-1.06566e-07	1.26822e-31	1.02657e-15	4.80448e-31	4.03712e-07	3.71862e-32	-3.03316e-08	3.60969e-32	-2.75177e-16	1.36391e-31	1.14607e-07	-9.96786e-33	-8.56956e-09	1.01984e-32	7.41352e-17	3.87601e-32	3.25695e-08	2.68525e-33	-2.33796e-09	2.78234e-33	-2.13637e-17	1.13882e-32	9.56935e-09	-7.73133e-34	-7.45727e-10	8.87470e-34	5.72457e-18	3.36408e-33	2.82679e-09	2.07167e-34	-2.12431e-10	2.52808e-34	-1.53462e-18	9.55367e-34	8.02780e-10	-5.55364e-35	-5.99813e-11	7.13822e-35	4.13920e-19	2.71679e-34	2.28287e-10	1.49783e-35	-1.62072e-11	1.92877e-35	-1.21056e-19	8.04695e-35	6.76172e-11	-4.37677e-36	-5.31349e-12	6.32345e-36	3.24382e-20	2.39901e-35	2.01585e-11	1.17280e-36	-1.51539e-12	1.80342e-36	-8.69692e-21	6.81653e-36	5.72782e-12	-3.14435e-37	-4.27520e-13	5.08781e-37	2.34947e-21	1.94020e-36	1.63032e-12	8.49387e-38	-1.13878e-13	1.35524e-37	-7.00951e-22	5.81201e-37	4.88374e-13	-2.53197e-38	-3.88262e-14	4.62061e-38	1.87829e-22	1.75501e-37	1.47471e-13	6.78476e-39	-1.10909e-14	1.31990e-38	-5.03664e-23	4.99029e-38	4.19326e-14	-1.81932e-39	-3.12524e-15	3.71927e-39	1.36362e-23	1.42221e-38	1.19506e-14	4.92532e-40	-8.14479e-16	9.69290e-40	-4.17844e-24	4.32899e-39	3.63758e-15	-1.50806e-40	-2.93953e-16	3.49826e-40	1.11969e-24	1.33085e-39	1.11830e-15	4.04112e-41	-8.41548e-17	1.00150e-40	-3.00313e-25	3.78803e-40	3.18302e-16	-1.08387e-41	-2.36716e-17	2.81709e-41	8.15616e-26	1.08161e-40	9.08855e-17	2.94349e-42	-5.94874e-18	7.07944e-42	-2.59336e-26	3.37200e-41	2.83344e-17	-9.35303e-43	-2.34552e-18	2.79135e-42	6.94957e-27	1.06439e-41	8.94389e-18	2.50638e-43	-6.73603e-19	8.01637e-43	-1.86465e-27	3.03412e-42	2.54952e-18	-6.72489e-44	-1.88873e-19	2.24773e-43	5.09042e-28	8.69189e-43	7.30366e-19	1.83578e-44	-4.39603e-20	5.23160e-44	-1.71514e-28	2.82813e-43	2.37643e-19	-6.18223e-45	-2.05109e-20	2.44095e-44	4.59593e-29	9.34278e-44	7.85059e-20	1.65660e-45	-5.92545e-21	7.05172e-45	-1.23227e-29	2.66802e-44	2.24189e-20	-4.44170e-46	-1.66759e-21	1.98455e-45	3.33140e-30	7.61920e-45	6.40229e-21	1.20079e-46	-4.23534e-22	5.04037e-46	-1.00295e-30	2.36795e-45	1.98975e-21	-3.61450e-47	-1.53524e-22	1.82705e-46	2.68647e-31	7.27930e-46	6.11668e-22	9.68169e-48	-4.45439e-23	5.30105e-47	-7.16404e-32	2.04428e-46	1.71777e-22	-2.58179e-48	-1.44491e-23	1.71955e-47	1.79152e-32	4.88477e-47	4.10459e-23	6.45469e-49	-1.40334e-26	1.67008e-50	-2.01896e-35	2.60954e-53	2.54590e-29	-8.79921e-53
-1.69744e-27	8.71695e-12	4.05598e-29	2.05247e-15	-4.97330e-29	1.07243e-11	2.45447e-28	-1.23150e-12	-1.08682e-29	-5.13253e-12	-1.02148e-27	-1.78423e-08	8.01771e-29	-4.03111e-13	2.91296e-30	-1.52965e-12	-3.04222e-28	7.13583e-08	2.28204e-29	-1.14746e-13	-7.83664e-31	-4.35427e-13	-8.65964e-29	-2.67591e-07	6.29670e-30	-3.16613e-14	2.21694e-31	-1.26716e-13	-2.52009e-29	9.99006e-07	1.94416e-30	-9.77569e-15	-5.94041e-32	-3.70182e-14	-7.36204e-30	-2.67689e-07	5.53031e-31	-2.78078e-15	1.59226e-32	-1.05060e-14	-2.08941e-30	7.17505e-08	1.56315e-31	-7.85988e-16	-4.28614e-33	-2.98423e-15	-5.93494e-31	-1.93130e-08	4.29247e-32	-2.15836e-16	1.22199e-33	-8.71835e-16	-1.73388e-31	5.50135e-09	1.34324e-32	-6.75412e-17	-3.27441e-34	-2.55871e-16	-5.08868e-32	-1.47412e-09	3.82321e-33	-1.92241e-17	8.77719e-35	-7.26377e-17	-1.44459e-32	3.95142e-10	1.08017e-33	-5.43135e-18	-2.36465e-35	-2.06424e-17	-4.10529e-33	-1.06448e-10	2.94693e-34	-1.48179e-18	6.81426e-36	-6.06502e-18	-1.20619e-33	3.06482e-11	9.39967e-35	-4.72638e-19	-1.82594e-36	-1.79160e-18	-3.56308e-34	-8.21245e-12	2.67763e-35	-1.34638e-19	4.89491e-37	-5.08798e-19	-1.01188e-34	2.20155e-12	7.56047e-36	-3.80159e-20	-1.32026e-37	-1.44687e-19	-2.87749e-35	-5.93764e-13	2.04287e-36	-1.02720e-20	3.86126e-38	-4.28555e-20	-8.52296e-36	1.73502e-13	6.69750e-37	-3.36767e-21	-1.03466e-38	-1.27764e-20	-2.54092e-36	-4.64918e-14	1.91010e-37	-9.60447e-22	2.77401e-39	-3.63027e-21	-7.21976e-37	1.24647e-14	5.38877e-38	-2.70961e-22	-7.49398e-40	-1.03329e-21	-2.05497e-37	-3.36711e-15	1.43541e-38	-7.21757e-23	2.23579e-40	-3.09529e-22	-6.15581e-38	1.00371e-15	4.89394e-39	-2.46079e-23	-5.99110e-41	-9.34666e-23	-1.85883e-38	-2.68959e-16	1.39798e-39	-7.02936e-24	1.60651e-41	-2.65767e-23	-5.28549e-39	7.21209e-17	3.93928e-40	-1.98077e-24	-4.34947e-42	-7.57426e-24	-1.50634e-39	-1.95248e-17	1.02663e-40	-5.16214e-25	1.33278e-42	-2.30549e-24	-4.58507e-40	5.97820e-18	3.70520e-41	-1.86306e-25	-3.57141e-43	-7.08771e-25	-1.40958e-40	-1.60196e-18	1.06075e-41	-5.33370e-26	9.57891e-44	-2.01738e-25	-4.01210e-41	4.29662e-19	2.98373e-42	-1.50029e-26	-2.60153e-44	-5.76029e-26	-1.14559e-41	-1.16685e-19	7.49822e-43	-3.77029e-27	8.27192e-45	-1.79582e-26	-3.57147e-42	3.70769e-20	2.95647e-43	-1.48658e-27	-2.21667e-45	-5.66860e-27	-1.12735e-42	-9.93570e-21	8.49057e-44	-4.26927e-28	5.94759e-46	-1.61588e-27	-3.21360e-43	2.66586e-21	2.38069e-44	-1.19707e-28	-1.62367e-46	-4.62903e-28	-9.20605e-44	-7.27733e-22	5.54107e-45	-2.78619e-29	5.47071e-47	-1.50617e-28	-2.99543e-44	2.45074e-22	2.58534e-45	-1.29997e-29	-1.46594e-47	-4.97567e-29	-9.89544e-45	-6.56703e-23	7.46885e-46	-3.75556e-30	3.93050e-48	-1.42089e-29	-2.82584e-45	1.76076e-23	2.10195e-46	-1.05703e-30	-1.06260e-48	-4.05732e-30	-8.06991e-46	-4.76011e-24	5.33852e-47	-2.68927e-31	3.19904e-49	-1.25945e-30	-2.50802e-46	1.43285e-24	1.93512e-47	-9.89325e-32	-8.56888e-50	-3.81320e-31	-7.70990e-47	-3.83798e-25	5.61463e-48	-3.39262e-32	2.28508e-50	-8.62949e-32	-2.16520e-47	1.02346e-25	1.82127e-48	-2.82580e-32	-5.71430e-51	5.22880e-32	-5.17372e-48	-2.55875e-26	1.76887e-51	-1.37201e-34	6.43978e-54	1.78441e-31	-3.20904e-54	3.60074e-30
-5.57136e-10	1.24737e-27	9.80997e-12	-2.09748e-29	-1.19814e-11	3.56031e-28	-1.04395e-07	-1.78616e-28	-2.62863e-12	-7.43794e-28	-2.82955e-07	-9.54001e-29	-3.22152e-07	-5.83966e-29	7.04542e-13	-2.21585e-28	-1.18329e-06	2.55696e-29	-1.11988e-06	-1.66218e-29	-1.89540e-13	-6.30746e-29	-4.22637e-06	-6.87845e-30	-3.74360e-06	-4.58636e-30	5.36198e-14	-1.83557e-29	-1.46486e-05	1.94416e-30	2.56280e-05	-1.41608e-30	-1.43677e-14	-5.36233e-30	1.36352e-07	-5.20947e-31	-3.63563e-06	-4.02815e-31	3.85110e-15	-1.52187e-30	1.51562e-05	1.39633e-31	-1.18681e-06	-1.13856e-31	-1.03666e-15	-4.32287e-31	4.52706e-06	-3.75848e-32	-3.28163e-07	-3.12653e-32	2.95556e-16	-1.26291e-31	1.32593e-06	1.07061e-32	-1.02732e-07	-9.78380e-33	-7.91963e-17	-3.70647e-32	3.89193e-07	-2.86877e-33	-2.92409e-08	-2.78474e-33	2.12289e-17	-1.05221e-32	1.10486e-07	7.68983e-34	-8.26142e-09	-7.86768e-34	-5.71925e-18	-2.99019e-33	3.13984e-08	-2.07157e-34	-2.25389e-09	-2.14647e-34	1.64812e-18	-8.78559e-34	9.22526e-09	5.96442e-35	-7.18912e-10	-6.84649e-35	-4.41629e-19	-2.59526e-34	2.72514e-09	-1.59822e-35	-2.04792e-10	-1.95032e-35	1.18390e-19	-7.37029e-35	7.73914e-10	4.28442e-36	-5.78245e-11	-5.50686e-36	-3.19323e-20	-2.09590e-35	2.20078e-10	-1.15552e-36	-1.56244e-11	-1.48797e-36	9.33900e-21	-6.20791e-36	6.51859e-11	3.37651e-37	-5.12243e-12	-4.87830e-37	-2.50248e-21	-1.85075e-36	1.94337e-11	-9.04772e-38	-1.46090e-12	-1.39127e-37	6.70934e-22	-5.25869e-37	5.52187e-12	2.42575e-38	-4.12148e-13	-3.92505e-38	-1.81252e-22	-1.49679e-37	1.57170e-12	-6.55270e-39	-1.09784e-13	-1.04551e-38	5.40757e-23	-4.48374e-38	4.70813e-13	1.95332e-39	-3.74301e-14	-3.56462e-39	-1.44903e-23	-1.35393e-38	1.42168e-13	-5.23418e-40	-1.06921e-14	-1.01825e-39	3.88558e-24	-3.84982e-39	4.04248e-14	1.40354e-40	-3.01287e-15	-2.86928e-40	-1.05198e-24	-1.09718e-39	1.15209e-14	-3.79970e-41	-7.85193e-16	-7.47771e-41	3.22351e-25	-3.33965e-40	3.50679e-15	1.16341e-41	-2.83383e-16	-2.69877e-41	-8.63797e-26	-1.02670e-40	1.07808e-15	-3.11757e-42	-8.11288e-17	-7.72622e-42	2.31680e-26	-2.92232e-41	3.06856e-16	8.36162e-43	-2.28204e-17	-2.17328e-42	-6.29216e-27	-8.34417e-42	8.76175e-17	-2.27079e-43	-5.73484e-18	-5.46152e-43	2.00068e-27	-2.60137e-42	2.73155e-17	7.21550e-44	-2.26118e-18	-2.15342e-43	-5.36133e-28	-8.21136e-43	8.62229e-18	-1.93358e-44	-6.49382e-19	-6.18432e-44	1.43851e-28	-2.34071e-43	2.45785e-18	5.18800e-45	-1.82082e-19	-1.73404e-44	-3.92707e-29	-6.70546e-44	7.04103e-19	-1.41623e-45	-4.23796e-20	-4.03598e-45	1.32317e-29	-2.18179e-44	2.29098e-19	4.76936e-46	-1.97734e-20	-1.88310e-45	-3.54558e-30	-7.20760e-45	7.56830e-20	-1.27800e-46	-5.71238e-21	-5.44013e-46	9.50647e-31	-2.05827e-45	2.16128e-20	3.42660e-47	-1.60763e-21	-1.53101e-46	-2.57005e-31	-5.87792e-46	6.17208e-21	-9.26361e-48	-4.08305e-22	-3.88845e-47	7.73734e-32	-1.82678e-46	1.91820e-21	2.78845e-48	-1.48004e-22	-1.40950e-47	-2.07251e-32	-5.61570e-47	5.89674e-22	-7.46905e-49	-4.29422e-23	-4.08956e-48	5.52679e-33	-1.57708e-47	1.65601e-22	1.99175e-49	-1.39295e-23	-1.32657e-48	-1.38209e-33	-3.76841e-48	3.95700e-23	-4.97955e-50	-1.35288e-26	-1.28840e-51	1.55755e-36	-2.01316e-54	2.45436e-29	6.78825e-54
1.24134e-27	-5.58593e-10	-9.57440e-28	1.19811e-11	2.93449e-29	-1.79021e-12	-1.78705e-28	-1.04395e-07	2.56551e-28	2.82956e-07	7.43917e-28	4.79695e-13	-5.83979e-29	-3.22152e-07	-6.87624e-29	1.18329e-06	2.21587e-28	-1.28570e-13	-1.66218e-29	-1.11988e-06	1.84989e-29	4.22637e-06	6.30746e-29	3.45865e-14	-4.58636e-30	-3.74360e-06	-5.23323e-30	1.46486e-05	1.83557e-29	-9.77569e-15	-1.41608e-30	2.56280e-05	1.40227e-30	-1.36352e-07	5.36233e-30	2.61945e-15	-4.02815e-31	-3.63563e-06	-3.75862e-31	-1.51562e-05	1.52187e-30	-7.02109e-16	-1.13856e-31	-1.18681e-06	1.01177e-31	-4.52706e-06	4.32287e-31	1.88985e-16	-3.12653e-32	-3.28163e-07	-2.88459e-32	-1.32593e-06	1.26291e-31	-5.38330e-17	-9.78380e-33	-1.02732e-07	7.72945e-33	-3.89193e-07	3.70647e-32	1.44249e-17	-2.78474e-33	-2.92409e-08	-2.07191e-33	-1.10486e-07	1.05221e-32	-3.86663e-18	-7.86768e-34	-8.26142e-09	5.58192e-34	-3.13984e-08	2.99019e-33	1.04163e-18	-2.14647e-34	-2.25389e-09	-1.60855e-34	-9.22526e-09	8.78559e-34	-2.99906e-19	-6.84649e-35	-7.18912e-10	4.31024e-35	-2.72514e-09	2.59526e-34	8.03622e-20	-1.95032e-35	-2.04792e-10	-1.15547e-35	-7.73914e-10	7.37029e-35	-2.15431e-20	-5.50686e-36	-5.78245e-11	3.11655e-36	-2.20078e-10	2.09590e-35	5.81023e-21	-1.48797e-36	-1.56244e-11	-9.11475e-37	-6.51859e-11	6.20791e-36	-1.69779e-21	-4.87830e-37	-5.12243e-12	2.44239e-37	-1.94337e-11	1.85075e-36	4.54942e-22	-1.39127e-37	-1.46090e-12	-6.54823e-38	-5.52187e-12	5.25869e-37	-1.21973e-22	-3.92505e-38	-4.12148e-13	1.76900e-38	-1.57170e-12	1.49679e-37	3.29486e-23	-1.04551e-38	-1.09784e-13	-5.27772e-39	-4.70813e-13	4.48374e-38	-9.82177e-24	-3.56462e-39	-3.74301e-14	1.41424e-39	-1.42168e-13	1.35393e-38	2.63187e-24	-1.01825e-39	-1.06921e-14	-3.79227e-40	-4.04248e-14	3.84982e-39	-7.05733e-25	-2.86928e-40	-3.01287e-15	1.02672e-40	-1.15209e-14	1.09718e-39	1.91058e-25	-7.47771e-41	-7.85193e-16	-3.14610e-41	-3.50679e-15	3.33965e-40	-5.84991e-26	-2.69877e-41	-2.83383e-16	8.43055e-42	-1.07808e-15	1.02670e-40	1.56759e-26	-7.72622e-42	-8.11288e-17	-2.26116e-42	-3.06856e-16	2.92232e-41	-4.20443e-27	-2.17328e-42	-2.28204e-17	6.14107e-43	-8.76175e-17	8.34417e-42	1.14181e-27	-5.46152e-43	-5.73484e-18	-1.95264e-43	-2.73155e-17	2.60137e-42	-3.62813e-28	-2.15342e-43	-2.26118e-18	5.23259e-44	-8.62229e-18	8.21136e-43	9.72249e-29	-6.18432e-44	-6.49382e-19	-1.40397e-44	-2.45785e-18	2.34071e-43	-2.60865e-29	-1.73404e-44	-1.82082e-19	3.83277e-45	-7.04103e-19	6.70546e-44	7.12118e-30	-4.03598e-45	-4.23796e-20	-1.29140e-45	-2.29098e-19	2.18179e-44	-2.39819e-30	-1.88310e-45	-1.97734e-20	3.46044e-46	-7.56830e-20	7.20760e-45	6.42805e-31	-5.44013e-46	-5.71238e-21	-9.27819e-47	-2.16128e-20	2.05827e-45	-1.73034e-31	-1.53101e-46	-1.60763e-21	2.50834e-47	-6.17208e-21	5.87792e-46	4.93308e-32	-3.88845e-47	-4.08305e-22	-7.55155e-48	-1.91820e-21	1.82678e-46	-2.42892e-32	-1.40950e-47	-1.48004e-22	2.02274e-48	-5.89674e-22	5.61570e-47	4.75927e-32	-4.08956e-48	-4.29422e-23	-5.39407e-49	-1.65601e-22	1.57708e-47	-1.66082e-31	-1.32657e-48	-1.39295e-23	1.34890e-49	-3.95700e-23	3.76841e-48	6.16734e-31	-1.28840e-51	-1.35288e-26	-1.52015e-52	-2.47855e-29	2.33739e-54	-2.30085e-30
1.25856e-11	-1.22857e-27	-2.45289e-10	2.99902e-29	3.10507e-13	-1.08786e-29	-1.81330e-12	1.76973e-28	1.17585e-07	7.36679e-28	7.54809e-12	2.91497e-30	-5.92517e-13	5.78289e-29	-4.70094e-07	2.19427e-28	2.24826e-12	-7.81286e-31	-1.68648e-13	1.64598e-29	1.76279e-06	6.24598e-29	6.39966e-13	2.10173e-31	-4.65340e-14	4.54166e-30	-6.58107e-06	1.81768e-29	1.86240e-13	-5.94041e-32	-1.43677e-14	1.40227e-30	2.60257e-05	5.31006e-30	5.44071e-14	1.59177e-32	-4.08702e-15	3.98888e-31	-6.97587e-06	1.50704e-30	1.54412e-14	-4.26652e-33	-1.15520e-15	1.12746e-31	1.87781e-06	4.28073e-31	4.38605e-15	1.14841e-33	-3.17223e-16	3.09606e-32	-5.35370e-07	1.25060e-31	1.28137e-15	-3.27128e-34	-9.92680e-17	9.68843e-33	1.43456e-07	3.67034e-32	3.76065e-16	8.76561e-35	-2.82544e-17	2.75759e-33	-3.84539e-08	1.04195e-32	1.06759e-16	-2.34964e-35	-7.98268e-18	7.79099e-34	1.03598e-08	2.96105e-33	3.03390e-17	6.32972e-36	-2.17785e-18	2.12555e-34	-2.98541e-09	8.69995e-34	8.91400e-18	-1.82244e-36	-6.94656e-19	6.77975e-35	7.99965e-10	2.56997e-34	2.63320e-18	4.88339e-37	-1.97882e-19	1.93131e-35	-2.14452e-10	7.29845e-35	7.47802e-19	-1.30911e-37	-5.58736e-20	5.45319e-36	5.78421e-11	2.07547e-35	2.12653e-19	3.53071e-38	-1.50972e-20	1.47347e-36	-1.69167e-11	6.14740e-36	6.29865e-20	-1.03170e-38	-4.94960e-21	4.83075e-37	4.53300e-12	1.83271e-36	1.87780e-20	2.76455e-39	-1.41161e-21	1.37771e-37	-1.21533e-12	5.20744e-37	5.33556e-21	-7.41193e-40	-3.98242e-22	3.88679e-38	3.28320e-13	1.48220e-37	1.51867e-21	2.00219e-40	-1.06080e-22	1.03532e-38	-9.79526e-14	4.44004e-38	4.54928e-22	-5.96841e-41	-3.61673e-23	3.52988e-39	2.62477e-14	1.34073e-38	1.37372e-22	1.59932e-41	-1.03313e-23	1.00833e-39	-7.03832e-15	3.81230e-39	3.90609e-23	-4.28854e-42	-2.91121e-24	2.84131e-40	1.90556e-15	1.08649e-39	1.11322e-23	1.16101e-42	-7.58700e-25	7.40482e-41	-5.83906e-16	3.30710e-40	3.38847e-24	-3.55483e-43	-2.73822e-25	2.67247e-41	1.56468e-16	1.01670e-40	1.04171e-24	9.52580e-44	-7.83916e-26	7.65092e-42	-4.19664e-17	2.89383e-41	2.96503e-25	-2.55491e-44	-2.20505e-26	2.15210e-42	1.13976e-17	8.26284e-42	8.46613e-26	6.93846e-45	-5.54135e-27	5.40829e-43	-3.62403e-18	2.57601e-42	2.63939e-26	-2.20471e-45	-2.18489e-27	2.13243e-43	9.71150e-19	8.13132e-43	8.33138e-27	5.90809e-46	-6.27472e-28	6.12404e-44	-2.60571e-19	2.31789e-43	2.37492e-27	-1.58520e-46	-1.75938e-28	1.71714e-44	7.11348e-20	6.64010e-44	6.80347e-28	4.32733e-47	-4.09498e-29	3.99664e-45	-2.39678e-20	2.16053e-44	2.21369e-28	-1.45729e-47	-1.91062e-29	1.86474e-45	6.42246e-21	7.13734e-45	7.31295e-29	3.90497e-48	-5.51965e-30	5.38710e-46	-1.72200e-21	2.03821e-45	2.08836e-29	-1.04701e-48	-1.55338e-30	1.51608e-46	4.65539e-22	5.82063e-46	5.96384e-30	2.83052e-49	-3.94528e-31	3.85055e-47	-1.40154e-22	1.80898e-46	1.85348e-30	-8.52016e-50	-1.43010e-31	1.39576e-47	3.75413e-23	5.56096e-47	5.69778e-31	2.28219e-50	-4.14934e-32	4.04970e-48	-1.00112e-23	1.56171e-47	1.60013e-31	-6.08583e-51	-1.34596e-32	1.31364e-48	2.50351e-24	3.73168e-48	3.82349e-32	1.52146e-51	-1.30723e-35	1.27584e-51	-2.82135e-27	2.32680e-54	2.37155e-38	2.87184e-57
4.70064e-27	-2.11526e-09	-3.62559e-27	4.53695e-11	1.11122e-28	-6.77909e-12	-6.76711e-28	-3.95321e-07	9.71495e-28	1.07149e-06	2.81703e-27	1.81649e-12	-2.21139e-28	-1.22020e-06	-2.60386e-28	4.48124e-06	8.39094e-28	-4.86865e-13	-6.29428e-29	-4.26040e-06	7.00508e-29	1.60315e-05	2.38848e-28	1.30971e-13	-1.73674e-29	-1.55178e-05	-1.98170e-29	5.73316e-05	6.95087e-29	-3.70182e-14	-5.36233e-30	-1.36352e-07	5.31006e-30	1.33893e-04	2.03058e-29	9.91922e-15	-1.52536e-30	1.50721e-05	-1.42330e-30	5.89082e-05	5.76296e-30	-2.65872e-15	-4.31144e-31	4.48030e-06	3.83133e-31	1.70398e-05	1.63696e-30	7.15642e-16	-1.18394e-31	1.23344e-06	-1.09232e-31	4.98277e-06	4.78234e-31	-2.03852e-16	-3.70488e-32	3.86034e-07	2.92696e-32	1.46245e-06	1.40355e-31	5.46236e-17	-1.05451e-32	1.09876e-07	-7.84582e-33	4.15166e-07	3.98445e-32	-1.46420e-17	-2.97930e-33	3.10433e-08	2.11374e-33	1.17983e-07	1.13231e-32	3.94442e-18	-8.12817e-34	8.46927e-09	-6.09118e-34	3.46650e-08	3.32689e-33	-1.13567e-18	-2.59260e-34	2.70140e-09	1.63218e-34	1.02400e-08	9.82762e-34	3.04312e-19	-7.38538e-35	7.69531e-10	-4.37550e-35	2.90807e-09	2.79095e-34	-8.15785e-20	-2.08532e-35	2.17283e-10	1.18016e-35	8.26971e-10	7.93665e-35	2.20019e-20	-5.63459e-36	5.87105e-11	-3.45153e-36	2.44944e-10	2.35079e-35	-6.42913e-21	-1.84729e-36	1.92482e-11	9.24875e-37	7.30243e-11	7.00832e-36	1.72275e-21	-5.26841e-37	5.48950e-12	-2.47966e-37	2.07491e-11	1.99134e-36	-4.61880e-22	-1.48632e-37	1.54869e-12	6.69878e-38	5.90584e-12	5.66798e-37	1.24768e-22	-3.95911e-38	4.12525e-13	-1.99854e-38	1.76914e-12	1.69788e-37	-3.71926e-23	-1.34984e-38	1.40648e-13	5.35537e-39	5.34215e-13	5.12699e-38	9.96627e-24	-3.85587e-39	4.01768e-14	-1.43604e-39	1.51901e-13	1.45783e-38	-2.67244e-24	-1.08652e-39	1.13212e-14	3.88794e-40	4.32912e-14	4.15476e-39	7.23490e-25	-2.83162e-40	2.95046e-15	-1.19135e-40	1.31772e-14	1.26465e-39	-2.21522e-25	-1.02196e-40	1.06485e-15	3.19244e-41	4.05103e-15	3.88787e-40	5.93608e-26	-2.92573e-41	3.04851e-16	-8.56248e-42	1.15305e-15	1.10661e-40	-1.59211e-26	-8.22968e-42	8.57504e-17	2.32547e-42	3.29233e-16	3.15973e-41	4.32375e-27	-2.06814e-42	2.15494e-17	-7.39417e-43	1.02641e-16	9.85075e-42	-1.37389e-27	-8.15447e-43	8.49667e-18	1.98145e-43	3.23993e-17	3.10944e-42	3.68167e-28	-2.34185e-43	2.44013e-18	-5.31648e-44	9.23565e-18	8.86368e-43	-9.87833e-29	-6.56638e-44	6.84194e-19	1.45137e-44	2.64575e-18	2.53919e-43	2.69661e-29	-1.52833e-44	1.59247e-19	-4.89020e-45	8.60864e-19	8.26192e-44	-9.08106e-30	-7.13083e-45	7.43008e-20	1.31039e-45	2.84388e-19	2.72934e-44	2.43269e-30	-2.06004e-45	2.14650e-20	-3.51343e-46	8.12126e-20	7.79418e-45	-6.49684e-31	-5.79755e-46	6.04085e-21	9.49846e-47	2.31923e-20	2.22583e-45	1.66048e-31	-1.47246e-46	1.53425e-21	-2.85959e-47	7.20788e-21	6.91758e-46	-1.45100e-32	-5.33742e-47	5.56141e-22	7.65962e-48	2.21577e-21	2.12653e-46	-1.50501e-31	-1.54862e-47	1.61361e-22	-2.04260e-48	6.22264e-22	5.97202e-47	6.16516e-31	-5.02338e-48	5.23419e-23	5.10795e-49	1.48689e-22	1.42701e-47	-2.31556e-30	-4.87886e-51	5.08360e-26	-5.75644e-52	9.31343e-29	8.85111e-54	8.64573e-30
2.10974e-09	-4.72349e-27	-3.71479e-11	7.94265e-29	4.53707e-11	-1.34820e-27	3.95322e-07	6.76376e-28	9.95397e-12	2.81657e-27	1.07149e-06	3.61257e-28	1.22020e-06	2.21134e-28	-2.66793e-12	8.39087e-28	4.48124e-06	-9.68260e-29	4.26040e-06	6.29427e-29	7.17743e-13	2.38848e-28	1.60315e-05	2.60470e-29	1.55178e-05	1.73674e-29	-2.03045e-13	6.95087e-29	5.73316e-05	-7.36204e-30	1.36352e-07	5.36233e-30	5.44071e-14	2.03058e-29	1.33893e-04	1.97270e-30	-1.50721e-05	1.52536e-30	-1.45832e-14	5.76296e-30	5.89082e-05	-5.28756e-31	-4.48030e-06	4.31144e-31	3.92559e-15	1.63696e-30	1.70398e-05	1.42324e-31	-1.23344e-06	1.18394e-31	-1.11920e-15	4.78234e-31	4.98277e-06	-4.05414e-32	-3.86034e-07	3.70488e-32	2.99897e-16	1.40355e-31	1.46245e-06	1.08633e-32	-1.09876e-07	1.05451e-32	-8.03886e-17	3.98445e-32	4.15166e-07	-2.91195e-33	-3.10433e-08	2.97930e-33	2.16574e-17	1.13231e-32	1.17983e-07	7.84452e-34	-8.46927e-09	8.12817e-34	-6.24105e-18	3.32689e-33	3.46650e-08	-2.25858e-34	-2.70140e-09	2.59260e-34	1.67234e-18	9.82762e-34	1.02400e-08	6.05205e-35	-7.69531e-10	7.38538e-35	-4.48315e-19	2.79095e-34	2.90807e-09	-1.62241e-35	-2.17283e-10	2.08532e-35	1.20920e-19	7.93665e-35	8.26971e-10	4.37566e-36	-5.87105e-11	5.63459e-36	-3.53645e-20	2.35079e-35	2.44944e-10	-1.27860e-36	-1.92482e-11	1.84729e-36	9.47630e-21	7.00832e-36	7.30243e-11	3.42615e-37	-5.48950e-12	5.26841e-37	-2.54066e-21	1.99134e-36	2.07491e-11	-9.18572e-38	-1.54869e-12	1.48632e-37	6.86359e-22	5.66798e-37	5.90584e-12	2.48135e-38	-4.12525e-13	3.95911e-38	-2.04771e-22	1.69788e-37	1.76914e-12	-7.39674e-39	-1.40648e-13	1.34984e-38	5.48713e-23	5.12699e-38	5.34215e-13	1.98206e-39	-4.01768e-14	3.85587e-39	-1.47137e-23	1.45783e-38	1.51901e-13	-5.31486e-40	-1.13212e-14	1.08652e-39	3.98360e-24	4.15476e-39	4.32912e-14	1.43885e-40	-2.95046e-15	2.83162e-40	-1.22066e-24	1.26465e-39	1.31772e-14	-4.40555e-41	-1.06485e-15	1.02196e-40	3.27099e-25	3.88787e-40	4.05103e-15	1.18055e-41	-3.04851e-16	2.92573e-41	-8.77314e-26	1.10661e-40	1.15305e-15	-3.16634e-42	-8.57504e-17	8.22968e-42	2.38269e-26	3.15973e-41	3.29233e-16	8.59893e-43	-2.15494e-17	2.06814e-42	-7.57609e-27	9.85075e-42	1.02641e-16	-2.73234e-43	-8.49667e-18	8.15447e-43	2.03021e-27	3.10944e-42	3.23993e-17	7.32198e-44	-2.44013e-18	2.34185e-43	-5.44728e-28	8.86368e-43	9.23565e-18	-1.96457e-44	-6.84194e-19	6.56638e-44	1.48708e-28	2.53919e-43	2.64575e-18	5.36293e-45	-1.59247e-19	1.52833e-44	-5.01052e-29	8.26192e-44	8.60864e-19	-1.80604e-45	-7.43008e-20	7.13083e-45	1.34263e-29	2.72934e-44	2.84388e-19	4.83949e-46	-2.14650e-20	2.06004e-45	-3.59987e-30	7.79418e-45	8.12126e-20	-1.29757e-46	-6.04085e-21	5.79755e-46	9.73216e-31	2.22583e-45	2.31923e-20	3.50790e-47	-1.53425e-21	1.47246e-46	-2.92994e-31	6.91758e-46	7.20788e-21	-1.05592e-47	-5.56141e-22	5.33742e-47	7.84807e-32	2.12653e-46	2.21577e-21	2.82835e-48	-1.61361e-22	1.54862e-47	-2.09286e-32	5.97202e-47	6.22264e-22	-7.54228e-49	-5.23419e-23	5.02338e-48	5.23362e-33	1.42701e-47	1.48689e-22	1.88563e-49	-5.08360e-26	4.87886e-51	-5.89807e-36	7.62334e-54	9.22255e-29	-2.57055e-53
4.54839e-28	-2.33576e-12	-1.08682e-29	-5.49970e-16	1.33262e-29	-2.87363e-12	-6.57688e-29	3.29987e-13	2.91219e-30	1.37529e-12	2.73710e-28	4.78093e-09	-2.14839e-29	1.08016e-13	-7.80545e-31	4.09878e-13	8.15180e-29	-1.91209e-08	-6.11486e-30	3.07469e-14	2.09987e-31	1.16675e-13	2.32040e-29	7.17025e-08	-1.68724e-30	8.48383e-15	-5.94041e-32	3.39544e-14	6.75273e-30	-2.67689e-07	-5.20947e-31	2.61945e-15	1.59177e-32	9.91922e-15	1.97270e-30	1.05755e-06	-1.48188e-31	7.45125e-16	-4.26654e-33	2.81515e-15	5.59868e-31	-2.83462e-07	-4.18853e-32	2.10610e-16	1.14849e-33	7.99642e-16	1.59030e-31	7.62991e-08	-1.15019e-32	5.78345e-17	-3.27439e-34	2.33613e-16	4.64601e-32	-2.17340e-08	-3.59927e-33	1.80980e-17	8.77396e-35	6.85621e-17	1.36354e-32	5.82376e-09	-1.02445e-33	5.15119e-18	-2.35190e-35	1.94637e-17	3.87087e-33	-1.56108e-09	-2.89437e-34	1.45536e-18	6.33622e-36	5.53124e-18	1.10003e-33	4.20539e-10	-7.89646e-35	3.97054e-19	-1.82592e-36	1.62515e-18	3.23205e-34	-1.21081e-10	-2.51869e-35	1.26646e-19	4.89270e-37	4.80070e-19	9.54747e-35	3.24446e-11	-7.17485e-36	3.60769e-20	-1.31162e-37	1.36335e-19	2.71139e-35	-8.69760e-12	-2.02587e-36	1.01866e-20	3.53770e-38	3.87698e-20	7.71040e-36	2.34576e-12	-5.47397e-37	2.75245e-21	-1.03465e-38	1.14834e-20	2.28377e-36	-6.85450e-13	-1.79463e-37	9.02385e-22	2.77244e-39	3.42350e-21	6.80854e-37	1.83674e-13	-5.11823e-38	2.57357e-22	-7.43312e-40	9.72751e-22	1.93457e-37	-4.92440e-14	-1.44395e-38	7.26054e-23	2.00805e-40	2.76876e-22	5.50641e-38	1.33023e-14	-3.84625e-39	1.93399e-23	-5.99091e-41	8.29401e-23	1.64948e-38	-3.96534e-15	-1.31136e-39	6.59383e-24	1.60535e-41	2.50449e-23	4.98084e-39	1.06257e-15	-3.74595e-40	1.88356e-24	-4.30473e-42	7.12138e-24	1.41628e-39	-2.84926e-16	-1.05555e-40	5.30757e-25	1.16546e-42	2.02956e-24	4.03633e-40	7.71359e-17	-2.75091e-41	1.38322e-25	-3.57125e-43	6.17768e-25	1.22859e-40	-2.36179e-17	-9.92828e-42	4.99218e-26	9.56980e-44	1.89919e-25	3.77704e-41	6.32883e-18	-2.84233e-42	1.42919e-26	-2.56672e-44	5.40569e-26	1.07507e-41	-1.69745e-18	-7.99508e-43	4.02012e-27	6.97093e-45	1.54350e-26	3.06966e-42	4.60983e-19	-2.00919e-43	1.01027e-27	-2.21651e-45	4.81200e-27	9.56994e-43	-1.46479e-19	-7.92201e-44	3.98338e-28	5.93969e-46	1.51893e-27	3.02080e-43	3.92526e-20	-2.27509e-44	1.14397e-28	-1.59369e-46	4.32983e-28	8.61101e-44	-1.05319e-20	-6.37920e-45	3.20762e-29	4.35070e-47	1.24037e-28	2.46681e-44	2.87503e-21	-1.48476e-45	7.46575e-30	-1.46591e-47	4.03587e-29	8.02641e-45	-9.68205e-22	-6.92756e-46	3.48338e-30	3.92806e-48	1.33324e-29	2.65154e-45	2.59442e-22	-2.00132e-46	1.00644e-30	-1.05320e-48	3.80690e-30	7.57199e-46	-6.95618e-23	-5.63228e-47	2.83660e-31	2.84730e-49	1.08559e-30	2.16238e-46	1.88056e-23	-1.43049e-47	7.38761e-32	-8.57201e-50	3.31425e-31	6.72038e-47	-5.66069e-24	-5.18527e-48	3.25113e-32	2.29608e-50	7.87814e-32	2.06591e-47	1.51626e-24	-1.50447e-48	3.00616e-32	-6.12299e-51	-6.00205e-32	5.80178e-48	-4.04336e-25	-4.88018e-49	7.79127e-32	1.53118e-51	-3.02377e-31	1.38633e-48	1.01088e-25	-4.73978e-52	5.09281e-34	-1.72557e-54	-7.04959e-31	8.59880e-55	-1.42253e-29
-1.58482e-10	3.54825e-28	2.79053e-12	-5.96646e-30	-3.40821e-12	1.01276e-28	-2.96965e-08	-5.08089e-29	-7.47735e-13	-2.11578e-28	-8.04894e-08	-2.71374e-29	-9.16711e-08	-1.66114e-29	2.00413e-13	-6.30316e-29	-3.36643e-07	7.27350e-30	-3.20772e-07	-4.72821e-30	-5.39164e-14	-1.79421e-29	-1.20529e-06	-1.95663e-30	-1.21574e-06	-1.30463e-30	1.52526e-14	-5.22145e-30	-4.37612e-06	5.53031e-31	-3.63563e-06	-4.02815e-31	-4.08702e-15	-1.52536e-30	-1.50721e-05	-1.48188e-31	2.56639e-05	-1.14584e-31	1.09548e-15	-4.32909e-31	2.34663e-08	3.97198e-32	-3.61558e-06	-3.23872e-32	-2.94888e-16	-1.22968e-31	1.51614e-05	-1.06913e-32	-1.14721e-06	-8.89368e-33	8.40734e-17	-3.59246e-32	4.65874e-06	3.04544e-33	-3.61779e-07	-2.78308e-33	-2.25280e-17	-1.05434e-32	1.37088e-06	-8.16047e-34	-1.03009e-07	-7.92141e-34	6.03873e-18	-2.99309e-33	3.89223e-07	2.18744e-34	-2.91036e-08	-2.23803e-34	-1.62689e-18	-8.50585e-34	1.10611e-07	-5.89275e-35	-7.94009e-09	-6.10582e-35	4.68823e-19	-2.49913e-34	3.24991e-08	1.69663e-35	-2.53261e-09	-1.94754e-35	-1.25625e-19	-7.38244e-35	9.60022e-09	-4.54626e-36	-7.21448e-10	-5.54784e-36	3.36771e-20	-2.09654e-35	2.72637e-09	1.21874e-36	-2.03706e-10	-1.56647e-36	-9.08342e-21	-5.96195e-36	7.75300e-10	-3.28697e-37	-5.50421e-11	-4.23267e-37	2.65656e-21	-1.76589e-36	2.29639e-10	9.60478e-38	-1.80455e-11	-1.38767e-37	-7.11853e-22	-5.26460e-37	6.84615e-11	-2.57370e-38	-5.14650e-12	-3.95759e-38	1.90853e-22	-1.49588e-37	1.94526e-11	6.90024e-39	-1.45193e-12	-1.11651e-38	-5.15588e-23	-4.25775e-38	5.53683e-12	-1.86397e-39	-3.86750e-13	-2.97405e-39	1.53823e-23	-1.27544e-38	1.65860e-12	5.55638e-40	-1.31860e-13	-1.01399e-39	-4.12189e-24	-3.85136e-39	5.00836e-13	-1.48891e-40	-3.76665e-14	-2.89650e-40	1.10528e-24	-1.09511e-39	1.42410e-13	3.99248e-41	-1.06138e-14	-8.16189e-41	-2.99245e-25	-3.12103e-40	4.05863e-14	-1.08086e-41	-2.76610e-15	-2.12710e-41	9.16954e-26	-9.49992e-41	1.23538e-14	3.30942e-42	-9.98313e-16	-7.67689e-42	-2.45714e-26	-2.92054e-41	3.79791e-15	-8.86818e-43	-2.85803e-16	-2.19779e-42	6.59032e-27	-8.31278e-42	1.08100e-15	2.37853e-43	-8.03925e-17	-6.18208e-43	-1.78986e-27	-2.37357e-42	3.08662e-16	-6.45946e-44	-2.02029e-17	-1.55358e-43	5.69111e-28	-7.39981e-43	9.62281e-17	2.05251e-44	-7.96578e-18	-6.12558e-44	-1.52508e-28	-2.33579e-43	3.03749e-17	-5.50022e-45	-2.28766e-18	-1.75918e-44	4.09196e-29	-6.65834e-44	8.65858e-18	1.47577e-45	-6.41444e-19	-4.93262e-45	-1.11709e-29	-1.90742e-44	2.48044e-18	-4.02860e-46	-1.49296e-19	-1.14807e-45	3.76386e-30	-6.20630e-45	8.07075e-19	1.35668e-46	-6.96583e-20	-5.35663e-46	-1.00857e-30	-2.05026e-45	2.66619e-19	-3.63539e-47	-2.01238e-20	-1.54749e-46	2.70420e-31	-5.85493e-46	7.61382e-20	9.74725e-48	-5.66340e-21	-4.35508e-47	-7.31073e-32	-1.67202e-46	2.17432e-20	-2.63511e-48	-1.43839e-21	-1.10610e-47	2.20095e-32	-5.19643e-47	6.75751e-21	7.93197e-49	-5.21392e-22	-4.00943e-48	-5.89542e-33	-1.59743e-47	2.07732e-21	-2.12463e-49	-1.51278e-22	-1.16331e-48	1.57214e-33	-4.48614e-48	5.83383e-22	5.66571e-50	-4.90714e-23	-3.77353e-49	-3.93146e-34	-1.07196e-48	1.39399e-22	-1.41647e-50	-4.76596e-26	-3.66496e-52	4.43059e-37	-5.72660e-55	8.64630e-29	1.93098e-54
3.53109e-28	-1.58897e-10	-2.72352e-28	3.40813e-12	8.34740e-30	-5.09240e-13	-5.08341e-29	-2.96964e-08	7.29780e-29	8.04897e-08	2.11613e-28	1.36453e-13	-1.66118e-29	-9.16711e-08	-1.95600e-29	3.36643e-07	6.30322e-29	-3.65729e-14	-4.72822e-30	-3.20772e-07	5.26217e-30	1.20529e-06	1.79421e-29	9.83843e-15	-1.30463e-30	-1.21574e-06	-1.48864e-30	4.37612e-06	5.22145e-30	-2.78078e-15	-4.02815e-31	-3.63563e-06	3.98888e-31	1.50721e-05	1.52536e-30	7.45125e-16	-1.14584e-31	2.56639e-05	-1.06917e-31	-2.34663e-08	4.32909e-31	-1.99721e-16	-3.23872e-32	-3.61558e-06	2.87807e-32	-1.51614e-05	1.22968e-31	5.37585e-17	-8.89368e-33	-1.14721e-06	-8.20546e-33	-4.65874e-06	3.59246e-32	-1.53132e-17	-2.78308e-33	-3.61779e-07	2.19871e-33	-1.37088e-06	1.05434e-32	4.10328e-18	-7.92141e-34	-1.03009e-07	-5.89373e-34	-3.89223e-07	2.99309e-33	-1.09990e-18	-2.23803e-34	-2.91036e-08	1.58782e-34	-1.10611e-07	8.50585e-34	2.96302e-19	-6.10582e-35	-7.94009e-09	-4.57565e-35	-3.24991e-08	2.49913e-34	-8.53107e-20	-1.94754e-35	-2.53261e-09	1.22608e-35	-9.60022e-09	7.38244e-35	2.28597e-20	-5.54784e-36	-7.21448e-10	-3.28684e-36	-2.72637e-09	2.09654e-35	-6.12812e-21	-1.56647e-36	-2.03706e-10	8.86530e-37	-7.75300e-10	5.96195e-36	1.65277e-21	-4.23267e-37	-5.50421e-11	-2.59277e-37	-2.29639e-10	1.76589e-36	-4.82952e-22	-1.38767e-37	-1.80455e-11	6.94759e-38	-6.84615e-11	5.26460e-37	1.29412e-22	-3.95759e-38	-5.14650e-12	-1.86270e-38	-1.94526e-11	1.49588e-37	-3.46961e-23	-1.11651e-38	-1.45193e-12	5.03207e-39	-5.53683e-12	4.25775e-38	9.37250e-24	-2.97405e-39	-3.86750e-13	-1.50129e-39	-1.65860e-12	1.27544e-38	-2.79388e-24	-1.01399e-39	-1.31860e-13	4.02291e-40	-5.00836e-13	3.85136e-39	7.48659e-25	-2.89650e-40	-3.76665e-14	-1.07874e-40	-1.42410e-13	1.09511e-39	-2.00752e-25	-8.16189e-41	-1.06138e-14	2.92059e-41	-4.05863e-14	3.12103e-40	5.43481e-26	-2.12710e-41	-2.76610e-15	-8.94935e-42	-1.23538e-14	9.49992e-41	-1.66406e-26	-7.67689e-42	-9.98313e-16	2.39814e-42	-3.79791e-15	2.92054e-41	4.45914e-27	-2.19779e-42	-2.85803e-16	-6.43207e-43	-1.08100e-15	8.31278e-42	-1.19598e-27	-6.18208e-43	-8.03925e-17	1.74688e-43	-3.08662e-16	2.37357e-42	3.24797e-28	-1.55358e-43	-2.02029e-17	-5.55445e-44	-9.62281e-17	7.39981e-43	-1.03205e-28	-6.12558e-44	-7.96578e-18	1.48845e-44	-3.03749e-17	2.33579e-43	2.76565e-29	-1.75918e-44	-2.28766e-18	-3.99370e-45	-8.65858e-18	6.65834e-44	-7.42054e-30	-4.93262e-45	-6.41444e-19	1.09026e-45	-2.48044e-18	1.90742e-44	2.02571e-30	-1.14807e-45	-1.49296e-19	-3.67348e-46	-8.07075e-19	6.20630e-45	-6.82307e-31	-5.35663e-46	-6.96583e-20	9.84352e-47	-2.66619e-19	2.05026e-45	1.83478e-31	-1.54749e-46	-2.01238e-20	-2.63926e-47	-7.61382e-20	5.85493e-46	-5.16049e-32	-4.35508e-47	-5.66340e-21	7.13518e-48	-2.17432e-20	1.67202e-46	2.29416e-32	-1.10610e-47	-1.43839e-21	-2.14810e-48	-6.75751e-21	5.19643e-47	-4.01616e-32	-4.00943e-48	-5.21392e-22	5.75385e-49	-2.07732e-21	1.59743e-47	1.55499e-31	-1.16331e-48	-1.51278e-22	-1.53439e-49	-5.83383e-22	4.48614e-48	-5.81834e-31	-3.77353e-49	-4.90714e-23	3.83705e-50	-1.39399e-22	1.07196e-48	2.17184e-30	-3.66496e-52	-4.76596e-26	-4.32420e-53	-8.73150e-29	6.64889e-55	-8.10552e-30
-3.37342e-12	3.29302e-28	6.57468e-11	-8.03853e-30	-8.32276e-14	2.91588e-30	4.86034e-13	-4.74354e-29	-3.15172e-08	-1.97458e-28	-2.02318e-12	-7.81323e-31	1.58817e-13	-1.55003e-29	1.26003e-07	-5.88148e-29	-6.02618e-13	2.09414e-31	4.52040e-14	-4.41186e-30	-4.72495e-07	-1.67416e-29	-1.71535e-13	-5.63342e-32	1.24729e-14	-1.21734e-30	1.76398e-06	-4.87208e-30	-4.99195e-14	1.59226e-32	3.85110e-15	-3.75862e-31	-6.97587e-06	-1.42330e-30	-1.45832e-14	-4.26654e-33	1.09548e-15	-1.06917e-31	2.61395e-05	-4.03944e-31	-4.13882e-15	1.14359e-33	3.09637e-16	-3.02202e-32	-7.03640e-06	-1.14740e-31	-1.17563e-15	-3.07818e-34	8.50279e-17	-8.29861e-33	2.00610e-06	-3.35209e-32	-3.43456e-16	8.76827e-35	2.66076e-17	-2.59687e-33	-5.37548e-07	-9.83791e-33	-1.00800e-16	-2.34952e-35	7.57325e-18	-7.39140e-34	1.44092e-07	-2.79282e-33	-2.86154e-17	6.29794e-36	2.13966e-18	-2.08828e-34	-3.88197e-08	-7.93673e-34	-8.13200e-18	-1.69661e-36	5.83746e-19	-5.69728e-35	1.11867e-08	-2.33192e-34	-2.38929e-18	4.88484e-37	1.86194e-19	-1.81723e-35	-2.99758e-09	-6.88848e-35	-7.05797e-19	-1.30893e-37	5.30400e-20	-5.17664e-36	8.03579e-10	-1.95626e-35	-2.00439e-19	3.50892e-38	1.49762e-20	-1.46166e-36	-2.16742e-10	-5.56304e-36	-5.69991e-20	-9.46365e-39	4.04663e-21	-3.94946e-37	6.33889e-11	-1.64774e-36	-1.68828e-20	2.76535e-39	1.32668e-21	-1.29482e-37	-1.69857e-11	-4.91235e-37	-5.03321e-21	-7.41005e-40	3.78365e-22	-3.69279e-38	4.55400e-12	-1.39579e-37	-1.43013e-21	1.98668e-40	1.06744e-22	-1.04181e-38	-1.23026e-12	-3.97286e-38	-4.07061e-22	-5.36664e-41	2.84334e-23	-2.77506e-39	3.67041e-13	-1.19010e-38	-1.21938e-22	1.59976e-41	9.69420e-24	-9.46142e-40	-9.83537e-14	-3.59367e-39	-3.68208e-23	-4.28678e-42	2.76919e-24	-2.70270e-40	2.63735e-14	-1.02184e-39	-1.04698e-23	1.14949e-42	7.80316e-25	-7.61579e-41	-7.14037e-15	-2.91220e-40	-2.98385e-24	-3.11194e-43	2.03361e-25	-1.98477e-41	2.18797e-15	-8.86429e-41	-9.08238e-25	9.52829e-44	7.33948e-26	-7.16324e-42	-5.86306e-16	-2.72513e-41	-2.79218e-25	-2.55328e-44	2.10119e-26	-2.05074e-42	1.57254e-16	-7.75657e-42	-7.94741e-26	6.84813e-45	5.91036e-27	-5.76844e-43	-4.27083e-17	-2.21475e-42	-2.26925e-26	-1.85977e-45	1.48529e-27	-1.44963e-43	1.35797e-17	-6.90470e-43	-7.07458e-27	5.90947e-46	5.85635e-28	-5.71572e-44	-3.63903e-18	-2.17950e-43	-2.23313e-27	-1.58359e-46	1.68186e-28	-1.64148e-44	9.76395e-19	-6.21283e-44	-6.36569e-28	4.24895e-47	4.71582e-29	-4.60258e-45	-2.66551e-19	-1.77980e-44	-1.82359e-28	-1.15989e-47	1.09761e-29	-1.07125e-45	8.98107e-20	-5.79104e-45	-5.93352e-29	3.90609e-48	5.12119e-30	-4.99822e-46	-2.40658e-20	-1.91308e-45	-1.96015e-29	-1.04668e-48	1.47948e-30	-1.44395e-46	6.45256e-21	-5.46318e-46	-5.59759e-30	2.80637e-49	4.16366e-31	-4.06368e-47	-1.74443e-21	-1.56015e-46	-1.59854e-30	-7.58687e-50	1.05749e-31	-1.03209e-47	5.25176e-22	-4.84874e-47	-4.96804e-31	2.28373e-50	3.83321e-32	-3.74116e-48	-1.40672e-22	-1.49055e-47	-1.52722e-31	-6.11713e-51	1.11218e-32	-1.08547e-48	3.75133e-23	-4.18597e-48	-4.28896e-32	1.63123e-51	3.60767e-33	-3.52104e-49	-9.38097e-24	-1.00023e-48	-1.02484e-32	-4.07808e-52	3.50388e-36	-3.41974e-52	1.05720e-26	-6.23671e-55	-6.35666e-39	-7.69762e-58
1.33408e-27	-6.00326e-10	-1.02897e-27	1.28762e-11	3.15373e-29	-1.92396e-12	-1.92056e-28	-1.12196e-07	2.75718e-28	3.04098e-07	7.99496e-28	5.15534e-13	-6.27609e-29	-3.46346e-07	-7.38997e-29	1.27187e-06	2.38142e-28	-1.38176e-13	-1.78637e-29	-1.21220e-06	1.98810e-29	4.55412e-06	6.77870e-29	3.71705e-14	-4.92901e-30	-4.61280e-06	-5.62421e-30	1.65606e-05	1.97271e-29	-1.05060e-14	-1.52187e-30	-1.51562e-05	1.50704e-30	5.89082e-05	5.76296e-30	2.81515e-15	-4.32909e-31	-2.34663e-08	-4.03944e-31	1.34409e-04	1.63557e-30	-7.54564e-16	-1.22362e-31	1.50672e-05	1.08736e-31	5.91953e-05	4.64583e-31	2.03105e-16	-3.36012e-32	4.35158e-06	-3.10010e-32	1.76118e-05	1.35727e-31	-5.78549e-17	-1.05148e-32	1.36559e-06	8.30693e-33	5.17383e-06	3.98338e-32	1.55026e-17	-2.99279e-33	3.88736e-07	-2.22671e-33	1.46884e-06	1.13082e-32	-4.15551e-18	-8.45549e-34	1.09830e-07	5.99895e-34	4.17419e-07	3.21359e-33	1.11946e-18	-2.30684e-34	2.99639e-08	-1.72873e-34	1.22644e-07	9.44197e-34	-3.22312e-19	-7.35800e-35	9.55744e-09	4.63226e-35	3.62289e-08	2.78916e-34	8.63662e-20	-2.09603e-35	2.72257e-09	-1.24180e-35	1.02886e-08	7.92093e-35	-2.31526e-20	-5.91829e-36	7.68737e-10	3.34940e-36	2.92579e-09	2.25248e-35	6.24432e-21	-1.59914e-36	2.07716e-10	-9.79572e-37	8.66601e-10	6.67171e-36	-1.82464e-21	-5.24276e-37	6.80992e-11	2.62487e-37	2.58357e-10	1.98902e-36	4.88931e-22	-1.49522e-37	1.94216e-11	-7.03746e-38	7.34094e-11	5.65158e-37	-1.31085e-22	-4.21829e-38	5.47922e-12	1.90117e-38	2.08946e-11	1.60862e-37	3.54102e-23	-1.12363e-38	1.45950e-12	-5.67202e-39	6.25913e-12	4.81873e-38	-1.05556e-23	-3.83094e-39	4.97608e-13	1.51990e-39	1.89003e-12	1.45508e-38	2.82851e-24	-1.09433e-39	1.42144e-13	-4.07560e-40	5.37420e-13	4.13745e-39	-7.58459e-25	-3.08364e-40	4.00540e-14	1.10343e-40	1.53163e-13	1.17915e-39	2.05332e-25	-8.03637e-41	1.04386e-14	-3.38115e-41	4.66203e-14	3.58916e-40	-6.28697e-26	-2.90040e-41	3.76739e-15	9.06041e-42	1.43324e-14	1.10341e-40	1.68471e-26	-8.30346e-42	1.07855e-15	-2.43010e-42	4.07945e-15	3.14065e-41	-4.51854e-27	-2.33565e-42	3.03382e-16	6.59988e-43	1.16481e-15	8.96757e-42	1.22712e-27	-5.86956e-43	7.62408e-17	-2.09852e-43	3.63141e-16	2.79572e-42	-3.89919e-28	-2.31430e-43	3.00609e-17	5.62352e-44	1.14627e-16	8.82484e-43	1.04489e-28	-6.64636e-44	8.63308e-18	-1.50886e-44	3.26754e-17	2.51558e-43	-2.80354e-29	-1.86359e-44	2.42065e-18	4.11912e-45	9.36057e-18	7.20643e-44	7.65307e-30	-4.33752e-45	5.63408e-19	-1.38788e-45	3.04570e-18	2.34480e-44	-2.57681e-30	-2.02379e-45	2.62873e-19	3.71898e-46	1.00615e-18	7.74609e-45	6.88049e-31	-5.84657e-46	7.59422e-20	-9.97138e-47	2.87327e-19	2.21205e-45	-1.75384e-31	-1.64539e-46	2.13723e-20	2.69574e-47	8.20536e-20	6.31707e-46	1.34858e-32	-4.17896e-47	5.42813e-21	-8.11574e-48	2.55012e-20	1.96326e-46	1.21440e-31	-1.51480e-47	1.96760e-21	2.17386e-48	7.83930e-21	6.03526e-47	-5.78748e-31	-4.39510e-48	5.70887e-22	-5.79707e-49	2.20154e-21	1.69491e-47	2.19355e-30	-1.42568e-48	1.85184e-22	1.44968e-49	5.26056e-22	4.04995e-48	-8.19545e-30	-1.38466e-51	1.79856e-25	-1.63372e-52	3.29506e-28	2.51201e-54	3.05883e-29
5.98761e-10	-1.34056e-27	-1.05429e-11	2.25419e-29	1.28765e-11	-3.82630e-28	1.12196e-07	1.91961e-28	2.82501e-12	7.99364e-28	3.04097e-07	1.02528e-28	3.46347e-07	6.27595e-29	-7.57179e-13	2.38140e-28	1.27187e-06	-2.74800e-29	1.21220e-06	1.78636e-29	2.03701e-13	6.77870e-29	4.55412e-06	7.39234e-30	4.61280e-06	4.92901e-30	-5.76258e-14	1.97271e-29	1.65606e-05	-2.08941e-30	1.51562e-05	1.52187e-30	1.54412e-14	5.76296e-30	5.89082e-05	5.59868e-31	2.34663e-08	4.32909e-31	-4.13882e-15	1.63557e-30	1.34409e-04	-1.50065e-31	-1.50672e-05	1.22362e-31	1.11411e-15	4.64583e-31	5.91953e-05	4.03928e-32	-4.35158e-06	3.36012e-32	-3.17638e-16	1.35727e-31	1.76118e-05	-1.15060e-32	-1.36559e-06	1.05148e-32	8.51131e-17	3.98338e-32	5.17383e-06	3.08310e-33	-3.88736e-07	2.99279e-33	-2.28149e-17	1.13082e-32	1.46884e-06	-8.26434e-34	-1.09830e-07	8.45549e-34	6.14654e-18	3.21359e-33	4.17419e-07	2.22634e-34	-2.99639e-08	2.30684e-34	-1.77126e-18	9.44197e-34	1.22644e-07	-6.41003e-35	-9.55744e-09	7.35800e-35	4.74623e-19	2.78916e-34	3.62289e-08	1.71762e-35	-2.72257e-09	2.09603e-35	-1.27235e-19	7.92093e-35	1.02886e-08	-4.60451e-36	-7.68737e-10	5.91829e-36	3.43180e-20	2.25248e-35	2.92579e-09	1.24185e-36	-2.07716e-10	1.59914e-36	-1.00367e-20	6.67171e-36	8.66601e-10	-3.62878e-37	-6.80992e-11	5.24276e-37	2.68945e-21	1.98902e-36	2.58357e-10	9.72369e-38	-1.94216e-11	1.49522e-37	-7.21061e-22	5.65158e-37	7.34094e-11	-2.60698e-38	-5.47922e-12	4.21829e-38	1.94794e-22	1.60862e-37	2.08946e-11	7.04226e-39	-1.45950e-12	1.12363e-38	-5.81158e-23	4.81873e-38	6.25913e-12	-2.09925e-39	-4.97608e-13	3.83094e-39	1.55729e-23	1.45508e-38	1.89003e-12	5.62523e-40	-1.42144e-13	1.09433e-39	-4.17587e-24	4.13745e-39	5.37420e-13	-1.50840e-40	-4.00540e-14	3.08364e-40	1.13058e-24	1.17915e-39	1.53163e-13	4.08358e-41	-1.04386e-14	8.03637e-41	-3.46434e-25	3.58916e-40	4.66203e-14	-1.25033e-41	-3.76739e-15	2.90040e-41	9.28332e-26	1.10341e-40	1.43324e-14	3.35048e-42	-1.07855e-15	8.30346e-42	-2.48989e-26	3.14065e-41	4.07945e-15	-8.98632e-43	-3.03382e-16	2.33565e-42	6.76226e-27	8.96757e-42	1.16481e-15	2.44045e-43	-7.62408e-17	5.86956e-43	-2.15016e-27	2.79572e-42	3.63141e-16	-7.75458e-44	-3.00609e-17	2.31430e-43	5.76188e-28	8.82484e-43	1.14627e-16	2.07804e-44	-8.63308e-18	6.64636e-44	-1.54598e-28	2.51558e-43	3.26754e-17	-5.57560e-45	-2.42065e-18	1.86359e-44	4.22046e-29	7.20643e-44	9.36057e-18	1.52204e-45	-5.63408e-19	4.33752e-45	-1.42202e-29	2.34480e-44	3.04570e-18	-5.12568e-46	-2.62873e-19	2.02379e-45	3.81048e-30	7.74609e-45	1.00615e-18	1.37349e-46	-7.59422e-20	5.84657e-46	-1.02167e-30	2.21205e-45	2.87327e-19	-3.68261e-47	-2.13723e-20	1.64539e-46	2.76206e-31	6.31707e-46	8.20536e-20	9.95571e-48	-5.42813e-21	4.17896e-47	-8.31541e-32	1.96326e-46	2.55012e-20	-2.99677e-48	-1.96760e-21	1.51480e-47	2.22735e-32	6.03526e-47	7.83930e-21	8.02708e-49	-5.70887e-22	4.39510e-48	-5.93970e-33	1.69491e-47	2.20154e-21	-2.14056e-49	-1.85184e-22	1.42568e-48	1.48534e-33	4.04995e-48	5.26056e-22	5.35158e-50	-1.79856e-25	1.38466e-51	-1.67392e-36	2.16356e-54	3.26290e-28	-7.29541e-54
-1.21914e-28	6.26068e-13	2.91308e-30	1.47412e-16	-3.57192e-30	7.70238e-13	1.76285e-29	-8.84487e-14	-7.80574e-31	-3.68628e-13	-7.33643e-29	-1.28147e-09	5.75847e-30	-2.89522e-14	2.09215e-31	-1.09862e-13	-2.18498e-29	5.12509e-09	1.63901e-30	-8.24129e-15	-5.62843e-32	-3.12732e-14	-6.21952e-30	-1.92189e-08	4.52241e-31	-2.27398e-15	1.59225e-32	-9.10102e-15	-1.80998e-30	7.17505e-08	1.39633e-31	-7.02109e-16	-4.26652e-33	-2.65872e-15	-5.28756e-31	-2.83462e-07	3.97198e-32	-1.99721e-16	1.14359e-33	-7.54564e-16	-1.50065e-31	1.06210e-06	1.12268e-32	-5.64512e-17	-3.07839e-34	-2.14333e-16	-4.26259e-32	-2.85883e-07	3.08294e-33	-1.55018e-17	8.77658e-35	-6.26169e-17	-1.24530e-32	8.14346e-08	9.64737e-34	-4.85094e-18	-2.35174e-35	-1.83772e-17	-3.65479e-33	-2.18209e-08	2.74591e-34	-1.38071e-18	6.30394e-36	-5.21698e-18	-1.03754e-33	5.84916e-09	7.75798e-35	-3.90090e-19	-1.69834e-36	-1.48258e-18	-2.94850e-34	-1.57571e-09	2.11654e-35	-1.06425e-19	4.89413e-37	-4.35601e-19	-8.66308e-35	4.53676e-10	6.75102e-36	-3.39458e-20	-1.31142e-37	-1.28676e-19	-2.55907e-35	-1.21566e-10	1.92312e-36	-9.66993e-21	3.51561e-38	-3.65429e-20	-7.26752e-36	3.25888e-11	5.43008e-37	-2.73038e-21	-9.48234e-39	-1.03917e-20	-2.06667e-36	-8.78929e-12	1.46723e-37	-7.37757e-22	2.77323e-39	-3.07797e-21	-6.12135e-37	2.56830e-12	4.81028e-38	-2.41872e-22	-7.43116e-40	-9.17624e-22	-1.82494e-37	-6.88202e-13	1.37187e-38	-6.89812e-23	1.99235e-40	-2.60733e-22	-5.18537e-38	1.84511e-13	3.87032e-39	-1.94609e-23	-5.38232e-41	-7.42128e-23	-1.47592e-38	-4.98422e-14	1.03094e-39	-5.18380e-24	1.60579e-41	-2.22310e-23	-4.42122e-39	1.48576e-14	3.51492e-40	-1.76739e-24	-4.30292e-42	-6.71295e-24	-1.33505e-39	-3.98131e-15	1.00405e-40	-5.04862e-25	1.15383e-42	-1.90879e-24	-3.79614e-40	1.06758e-15	2.82927e-41	-1.42262e-25	-3.12387e-43	-5.43998e-25	-1.08188e-40	-2.89019e-16	7.37344e-42	-3.70754e-26	9.57225e-44	-1.65584e-25	-3.29309e-41	8.84932e-17	2.66114e-42	-1.33809e-26	-2.56506e-44	-5.09053e-26	-1.01239e-41	-2.37133e-17	7.61849e-43	-3.83076e-27	6.87976e-45	-1.44892e-26	-2.88157e-42	6.36015e-18	2.14298e-43	-1.07754e-27	-1.86847e-45	-4.13715e-27	-8.22782e-43	-1.72725e-18	5.38537e-44	-2.70789e-28	5.94105e-46	-1.28979e-27	-2.56510e-43	5.48837e-19	2.12339e-44	-1.06769e-28	-1.59205e-46	-4.07130e-28	-8.09686e-44	-1.47075e-19	6.09809e-45	-3.06627e-29	4.27167e-47	-1.16055e-28	-2.30807e-44	3.94618e-20	1.70986e-45	-8.59760e-30	-1.16615e-47	-3.32465e-29	-6.61196e-45	-1.07724e-20	3.97971e-46	-2.00113e-30	3.92917e-48	-1.08175e-29	-2.15137e-45	3.62774e-21	1.85684e-46	-9.33802e-31	-1.05287e-48	-3.57312e-30	-7.10710e-46	-9.72096e-22	5.36427e-47	-2.70207e-31	2.82296e-49	-1.01872e-30	-2.02957e-46	2.60640e-22	1.50966e-47	-7.76139e-32	-7.63180e-50	-2.85047e-31	-5.79596e-47	-7.04624e-23	3.83423e-48	-2.65775e-32	2.29761e-50	-6.62469e-32	-1.80131e-47	2.12099e-23	1.38984e-48	-3.11126e-32	-6.15433e-51	6.61940e-32	-5.53739e-48	-5.68123e-24	4.03254e-49	-8.63202e-32	1.64119e-51	3.26377e-31	-1.55509e-48	1.51500e-24	1.30807e-49	-2.83393e-31	-4.10412e-52	1.15722e-30	-3.71587e-49	-3.78763e-25	1.27044e-52	-1.89992e-33	4.62517e-55	2.64140e-30	-2.30479e-55	5.33006e-29
-4.47950e-11	1.00292e-28	7.88744e-13	-1.68642e-30	-9.63332e-13	2.86257e-29	-8.39373e-09	-1.43612e-29	-2.11348e-13	-5.98027e-29	-2.27504e-08	-7.67039e-30	-2.59114e-08	-4.69522e-30	5.66468e-14	-1.78159e-29	-9.51528e-08	2.05586e-30	-9.06986e-08	-1.33643e-30	-1.52395e-14	-5.07134e-30	-3.40722e-07	-5.53043e-31	-3.45828e-07	-3.68754e-31	4.31116e-15	-1.47584e-30	-1.23996e-06	1.56315e-31	-1.18681e-06	-1.13856e-31	-1.15520e-15	-4.31144e-31	-4.48030e-06	-4.18853e-32	-3.61558e-06	-3.23872e-32	3.09637e-16	-1.22362e-31	-1.50672e-05	1.12268e-32	2.57046e-05	-9.15426e-33	-8.33502e-17	-3.47568e-32	1.56405e-07	-3.02190e-33	-3.46521e-06	-2.51380e-33	2.37634e-17	-1.01541e-32	1.56847e-05	8.60796e-34	-1.27413e-06	-7.86640e-34	-6.36756e-18	-2.98009e-33	4.84930e-06	-2.30656e-34	-3.65172e-07	-2.23899e-34	1.70685e-18	-8.45999e-34	1.38012e-06	6.18280e-35	-1.03208e-07	-6.32580e-35	-4.59841e-19	-2.40418e-34	3.92259e-07	-1.66559e-35	-2.81580e-08	-1.72581e-35	1.32513e-19	-7.06382e-35	1.15252e-07	4.79553e-36	-8.98141e-09	-5.50473e-36	-3.55080e-20	-2.08665e-35	3.40454e-08	-1.28500e-36	-2.55848e-09	-1.56810e-36	9.51885e-21	-5.92588e-36	9.66855e-09	3.44477e-37	-7.22406e-10	-4.42765e-37	-2.56743e-21	-1.68515e-36	2.74945e-09	-9.29063e-38	-1.95197e-10	-1.19637e-37	7.50877e-22	-4.99131e-37	8.14371e-10	2.71479e-38	-6.39949e-11	-3.92226e-38	-2.01206e-22	-1.48804e-37	2.42786e-10	-7.27458e-39	-1.82511e-11	-1.11862e-38	5.39447e-23	-4.22811e-38	6.89850e-11	1.95036e-39	-5.14899e-12	-3.15583e-39	-1.45731e-23	-1.20345e-38	1.96353e-11	-5.26852e-40	-1.37153e-12	-8.40617e-40	4.34781e-24	-3.60503e-39	5.88189e-12	1.57051e-40	-4.67617e-13	-2.86604e-40	-1.16505e-24	-1.08859e-39	1.77612e-12	-4.20840e-41	-1.33577e-13	-8.18697e-41	3.12409e-25	-3.09534e-40	5.05030e-13	1.12848e-41	-3.76399e-14	-2.30696e-41	-8.45817e-26	-8.82160e-41	1.43931e-13	-3.05504e-42	-9.80946e-15	-6.01225e-42	2.59177e-26	-2.68516e-41	4.38105e-14	9.35409e-43	-3.54033e-15	-2.16988e-42	-6.94513e-27	-8.25493e-42	1.34686e-14	-2.50660e-43	-1.01355e-15	-6.21206e-43	1.86276e-27	-2.34961e-42	3.83358e-15	6.72293e-44	-2.85097e-16	-1.74737e-43	-5.05904e-28	-6.70890e-43	1.09461e-15	-1.82577e-44	-7.16457e-17	-4.39119e-44	1.60859e-28	-2.09156e-43	3.41255e-16	5.80143e-45	-2.82491e-17	-1.73140e-44	-4.31063e-29	-6.60212e-44	1.07719e-16	-1.55464e-45	-8.11276e-18	-4.97234e-45	1.15659e-29	-1.88198e-44	3.07060e-17	4.17127e-46	-2.27476e-18	-1.39421e-45	-3.15745e-30	-5.39134e-45	8.79641e-18	-1.13868e-46	-5.29451e-19	-3.24502e-46	1.06386e-30	-1.75421e-45	2.86214e-18	3.83467e-47	-2.47030e-19	-1.51405e-46	-2.85073e-31	-5.79507e-46	9.45512e-19	-1.02754e-47	-7.13651e-20	-4.37399e-47	7.64342e-32	-1.65490e-46	2.70010e-19	2.75507e-48	-2.00842e-20	-1.23096e-47	-2.06638e-32	-4.72599e-47	7.71082e-20	-7.44816e-49	-5.10097e-21	-3.12640e-48	6.22100e-33	-1.46877e-47	2.39642e-20	2.24197e-49	-1.84902e-21	-1.13327e-48	-1.66634e-33	-4.51515e-48	7.36683e-21	-6.00529e-50	-5.36480e-22	-3.28810e-49	4.44366e-34	-1.26801e-48	2.06886e-21	1.60141e-50	-1.74023e-22	-1.06659e-49	-1.11123e-34	-3.02989e-49	4.94351e-22	-4.00367e-51	-1.69016e-25	-1.03590e-52	1.25232e-37	-1.61862e-55	3.06625e-28	5.45791e-55
9.98063e-29	-4.49122e-11	-7.69804e-29	9.63308e-13	2.35940e-30	-1.43937e-13	-1.43683e-29	-8.39371e-09	2.06273e-29	2.27505e-08	5.98126e-29	3.85686e-14	-4.69533e-30	-2.59113e-08	-5.52865e-30	9.51528e-08	1.78161e-29	-1.03374e-14	-1.33643e-30	-9.06986e-08	1.48735e-30	3.40722e-07	5.07135e-30	2.78084e-15	-3.68754e-31	-3.45828e-07	-4.20764e-31	1.23996e-06	1.47584e-30	-7.85988e-16	-1.13856e-31	-1.18681e-06	1.12746e-31	4.48030e-06	4.31144e-31	2.10610e-16	-3.23872e-32	-3.61558e-06	-3.02202e-32	1.50672e-05	1.22362e-31	-5.64512e-17	-9.15426e-33	2.57046e-05	8.13487e-33	-1.56405e-07	3.47568e-32	1.51949e-17	-2.51380e-33	-3.46521e-06	-2.31928e-33	-1.56847e-05	1.01541e-32	-4.32829e-18	-7.86640e-34	-1.27413e-06	6.21466e-34	-4.84930e-06	2.98009e-33	1.15979e-18	-2.23899e-34	-3.65172e-07	-1.66586e-34	-1.38012e-06	8.45999e-34	-3.10886e-19	-6.32580e-35	-1.03208e-07	4.48799e-35	-3.92259e-07	2.40418e-34	8.37498e-20	-1.72581e-35	-2.81580e-08	-1.29331e-35	-1.15252e-07	7.06382e-35	-2.41131e-20	-5.50473e-36	-8.98141e-09	3.46553e-36	-3.40454e-08	2.08665e-35	6.46131e-21	-1.56810e-36	-2.55848e-09	-9.29028e-37	-9.66855e-09	5.92588e-36	-1.73212e-21	-4.42765e-37	-7.22406e-10	2.50578e-37	-2.74945e-09	1.68515e-36	4.67156e-22	-1.19637e-37	-1.95197e-10	-7.32847e-38	-8.14371e-10	4.99131e-37	-1.36507e-22	-3.92226e-38	-6.39949e-11	1.96374e-38	-2.42786e-10	1.48804e-37	3.65783e-23	-1.11862e-38	-1.82511e-11	-5.26493e-39	-6.89850e-11	4.22811e-38	-9.80687e-24	-3.15583e-39	-5.14899e-12	1.42232e-39	-1.96353e-11	1.20345e-38	2.64914e-24	-8.40617e-40	-1.37153e-12	-4.24341e-40	-5.88189e-12	3.60503e-39	-7.89692e-25	-2.86604e-40	-4.67617e-13	1.13708e-40	-1.77612e-12	1.08859e-39	2.11609e-25	-8.18697e-41	-1.33577e-13	-3.04907e-41	-5.05030e-13	3.09534e-40	-5.67426e-26	-2.30696e-41	-3.76399e-14	8.25507e-42	-1.43931e-13	8.82160e-41	1.53615e-26	-6.01225e-42	-9.80946e-15	-2.52954e-42	-4.38105e-14	2.68516e-41	-4.70347e-27	-2.16988e-42	-3.54033e-15	6.77835e-43	-1.34686e-14	8.25493e-42	1.26038e-27	-6.21206e-43	-1.01355e-15	-1.81803e-43	-3.83358e-15	2.34961e-42	-3.38045e-28	-1.74737e-43	-2.85097e-16	4.93756e-44	-1.09461e-15	6.70890e-43	9.18041e-29	-4.39119e-44	-7.16457e-17	-1.56997e-44	-3.41255e-16	2.09156e-43	-2.91710e-29	-1.73140e-44	-2.82491e-17	4.20712e-45	-1.07719e-16	6.60212e-44	7.81712e-30	-4.97234e-45	-8.11276e-18	-1.12882e-45	-3.07060e-17	1.88198e-44	-2.09745e-30	-1.39421e-45	-2.27476e-18	3.08163e-46	-8.79641e-18	5.39134e-45	5.72686e-31	-3.24502e-46	-5.29451e-19	-1.03831e-46	-2.86214e-18	1.75421e-45	-1.93291e-31	-1.51405e-46	-2.47030e-19	2.78228e-47	-9.45512e-19	5.79507e-46	5.40853e-32	-4.37399e-47	-7.13651e-20	-7.45988e-48	-2.70010e-19	1.65490e-46	-2.30500e-32	-1.23096e-47	-2.00842e-20	2.01676e-48	-7.71082e-20	4.72599e-47	3.81147e-32	-3.12640e-48	-5.10097e-21	-6.07162e-49	-2.39642e-20	1.46877e-47	-1.29409e-31	-1.13327e-48	-1.84902e-21	1.62633e-49	-7.36683e-21	4.51515e-48	5.47961e-31	-3.28810e-49	-5.36480e-22	-4.33696e-50	-2.06886e-21	1.26801e-48	-2.06244e-30	-1.06659e-49	-1.74023e-22	1.08455e-50	-4.94351e-22	3.02989e-49	7.70178e-30	-1.03590e-52	-1.69016e-25	-1.22224e-53	-3.09646e-28	1.87931e-55	-2.87447e-29
9.08079e-13	-8.86437e-29	-1.76982e-11	2.16386e-30	2.24038e-14	-7.84915e-31	-1.30834e-13	1.27690e-29	8.48400e-09	5.31530e-29	5.44611e-13	2.10322e-31	-4.27514e-14	4.17248e-30	-3.39183e-08	1.58321e-29	1.62217e-13	-5.63715e-32	-1.21683e-14	1.18761e-30	1.27189e-07	4.50662e-30	4.61750e-14	1.51644e-32	-3.35753e-15	3.27691e-31	-4.74839e-07	1.31150e-30	1.34377e-14	-4.28614e-33	-1.03666e-15	1.01177e-31	1.87781e-06	3.83133e-31	3.92559e-15	1.14849e-33	-2.94888e-16	2.87807e-32	-7.03640e-06	1.08736e-31	1.11411e-15	-3.07839e-34	-8.33502e-17	8.13487e-33	2.62678e-05	3.08864e-32	3.16463e-16	8.28604e-35	-2.28884e-17	2.23387e-33	-7.48903e-06	9.02338e-33	9.24538e-17	-2.36030e-35	-7.16241e-18	6.99042e-34	2.00674e-06	2.64823e-33	2.71339e-17	6.32458e-36	-2.03862e-18	1.98966e-34	-5.37914e-07	7.51791e-34	7.70287e-18	-1.69532e-36	-5.75968e-19	5.62137e-35	1.44919e-07	2.13646e-34	2.18902e-18	4.56703e-37	-1.57136e-19	1.53363e-35	-4.17615e-08	6.27721e-35	6.43165e-19	-1.31493e-37	-5.01210e-20	4.89174e-36	1.11903e-08	1.85429e-35	1.89991e-19	3.52347e-38	-1.42777e-20	1.39348e-36	-2.99987e-09	5.26599e-36	5.39556e-20	-9.44555e-39	-4.03140e-21	3.93460e-37	8.09126e-10	1.49750e-36	1.53434e-20	2.54749e-39	-1.08930e-21	1.06314e-37	-2.36639e-10	4.43549e-37	4.54462e-21	-7.44396e-40	-3.57125e-22	3.48549e-38	6.34099e-11	1.32234e-37	1.35487e-21	1.99469e-40	-1.01851e-22	9.94050e-39	-1.70007e-11	3.75728e-38	3.84972e-22	-5.34787e-41	-2.87340e-23	2.80441e-39	4.59272e-12	1.06944e-38	1.09575e-22	1.44463e-41	-7.65388e-24	7.47009e-40	-1.37021e-12	3.20359e-39	3.28241e-23	-4.30634e-42	-2.60955e-24	2.54689e-40	3.67167e-13	9.67366e-40	9.91167e-24	1.15394e-42	-7.45429e-25	7.27530e-41	-9.84558e-14	2.75066e-40	2.81833e-24	-3.09428e-43	-2.10051e-25	2.05007e-41	2.66559e-14	7.83925e-41	8.03213e-25	8.37692e-44	-5.47419e-26	5.34274e-42	-8.16798e-15	2.38615e-41	2.44485e-25	-2.56489e-44	-1.97569e-26	1.92825e-42	2.18876e-15	7.33568e-42	7.51617e-26	6.87308e-45	-5.65612e-27	5.52031e-43	-5.87048e-16	2.08797e-42	2.13934e-26	-1.84343e-45	-1.59099e-27	1.55278e-43	1.59436e-16	5.96182e-43	6.10850e-27	5.00625e-46	-3.99821e-28	3.90220e-44	-5.06948e-17	1.85865e-43	1.90438e-27	-1.59075e-46	-1.57645e-28	1.53859e-44	1.35850e-17	5.86693e-44	6.01127e-28	4.26282e-47	-4.52735e-29	4.41863e-45	-3.64501e-18	1.67241e-44	1.71356e-28	-1.14376e-47	-1.26943e-29	1.23895e-45	9.95071e-19	4.79098e-45	4.90885e-29	3.12227e-48	-2.95462e-30	2.88367e-46	-3.35275e-19	1.55887e-45	1.59722e-29	-1.05147e-48	-1.37856e-30	1.34545e-46	8.98408e-20	5.14975e-46	5.27645e-30	2.81752e-49	-3.98255e-31	3.88692e-47	-2.40882e-20	1.47061e-46	1.50680e-30	-7.55438e-50	-1.12080e-31	1.09389e-47	6.51220e-21	4.19971e-47	4.30304e-31	2.04228e-50	-2.84661e-32	2.77826e-48	-1.96055e-21	1.30522e-47	1.33733e-31	-6.14749e-51	-1.03185e-32	1.00707e-48	5.25148e-22	4.01236e-48	4.11108e-32	1.64665e-51	-2.99384e-33	2.92195e-49	-1.40042e-22	1.12681e-48	1.15453e-32	-4.39106e-52	-9.71137e-34	9.47817e-50	3.50204e-23	2.69249e-49	2.75873e-33	1.09776e-52	-9.43198e-37	9.20549e-53	-3.94665e-26	1.67884e-55	1.71113e-39	2.07209e-58
3.78944e-28	-1.70522e-10	-2.92279e-28	3.65748e-12	8.95815e-30	-5.46499e-13	-5.45534e-29	-3.18692e-08	7.83175e-29	8.63788e-08	2.27096e-28	1.46437e-13	-1.78272e-29	-9.83801e-08	-2.09912e-29	3.61276e-07	6.76439e-29	-3.92488e-14	-5.07416e-30	-3.44368e-07	5.64718e-30	1.29366e-06	1.92549e-29	1.05583e-14	-1.40008e-30	-1.31333e-06	-1.59755e-30	4.70828e-06	5.60348e-30	-2.98423e-15	-4.32287e-31	-4.52706e-06	4.28073e-31	1.70398e-05	1.63696e-30	7.99642e-16	-1.22968e-31	-1.51614e-05	-1.14740e-31	5.91953e-05	4.64583e-31	-2.14333e-16	-3.47568e-32	-1.56405e-07	3.08864e-32	1.34987e-04	1.31965e-31	5.76918e-17	-9.54440e-33	1.45535e-05	-8.80582e-33	6.11272e-05	3.85530e-32	-1.64336e-17	-2.98671e-33	4.81741e-06	2.35958e-33	1.82812e-05	1.13148e-32	4.40350e-18	-8.50099e-34	1.37466e-06	-6.32494e-34	5.19458e-06	3.21208e-33	-1.18037e-18	-2.40177e-34	3.88432e-07	1.70400e-34	1.47628e-06	9.12819e-34	3.17981e-19	-6.55256e-35	1.05973e-07	-4.91043e-35	4.33753e-07	2.68199e-34	-9.15525e-20	-2.09003e-35	3.38018e-08	1.31579e-35	1.28131e-07	7.92258e-35	2.45323e-20	-5.95375e-36	9.62890e-09	-3.52733e-36	3.63878e-08	2.24994e-35	-6.57649e-21	-1.68109e-36	2.71879e-09	9.51393e-37	1.03476e-08	6.39816e-36	1.77369e-21	-4.54235e-37	7.34627e-10	-2.78247e-37	3.06491e-09	1.89510e-36	-5.18287e-22	-1.48920e-37	2.40846e-10	7.45592e-38	9.13731e-10	5.64979e-37	1.38880e-22	-4.24715e-38	6.86885e-11	-1.99899e-38	2.59627e-10	1.60533e-37	-3.72347e-23	-1.19820e-38	1.93783e-11	5.40025e-39	7.38980e-11	4.56927e-38	1.00582e-23	-3.19165e-39	5.16180e-12	-1.61113e-39	2.21367e-11	1.36876e-38	-2.99830e-24	-1.08818e-39	1.75989e-12	4.31725e-40	6.68447e-12	4.13315e-39	8.03435e-25	-3.10842e-40	5.02720e-13	-1.15767e-40	1.90069e-12	1.17524e-39	-2.15440e-25	-8.75906e-41	1.41659e-13	3.13428e-41	5.41690e-13	3.34938e-40	5.83245e-26	-2.28273e-41	3.69182e-14	-9.60414e-42	1.64882e-13	1.01950e-40	-1.78581e-26	-8.23858e-42	1.33241e-14	2.57360e-42	5.06893e-14	3.13423e-41	4.78539e-27	-2.35859e-42	3.81451e-15	-6.90268e-43	1.44278e-14	8.92099e-42	-1.28349e-27	-6.63439e-43	1.07297e-15	1.87469e-43	4.11960e-15	2.54723e-42	3.48561e-28	-1.66724e-43	2.69641e-16	-5.96084e-44	1.28432e-15	7.94123e-43	-1.10756e-28	-6.57376e-44	1.06316e-16	1.59736e-44	4.05403e-16	2.50669e-43	2.96799e-29	-1.88789e-44	3.05326e-17	-4.28590e-45	1.15563e-16	7.14550e-44	-7.96333e-30	-5.29351e-45	8.56111e-18	1.17003e-45	3.31055e-17	2.04698e-44	2.17341e-30	-1.23207e-45	1.99260e-18	-3.94226e-46	1.07717e-17	6.66039e-45	-7.30299e-31	-5.74855e-46	9.29703e-19	1.05637e-46	3.55846e-18	2.20027e-45	1.87071e-31	-1.66071e-46	2.68584e-19	-2.83236e-47	1.01619e-18	6.28331e-46	-1.79849e-32	-4.67372e-47	7.55873e-20	7.65722e-48	2.90199e-19	1.79436e-46	-1.15131e-31	-1.18703e-47	1.91976e-20	-2.30527e-48	9.01900e-20	5.57663e-47	4.78510e-31	-4.30279e-48	6.95882e-21	6.17484e-49	2.77252e-20	1.71431e-47	-2.05998e-30	-1.24842e-48	2.01906e-21	-1.64665e-49	7.78620e-21	4.81437e-48	7.76142e-30	-4.04962e-49	6.54939e-22	4.11779e-50	1.86050e-21	1.15039e-48	-2.89857e-29	-3.93311e-52	6.36096e-25	-4.64058e-53	1.16536e-27	7.13536e-55	1.08181e-28
1.70078e-10	-3.80786e-28	-2.99470e-12	6.40300e-30	3.65757e-12	-1.08686e-28	3.18693e-08	5.45263e-29	8.02443e-13	2.27059e-28	8.63785e-08	2.91229e-29	9.83801e-08	1.78268e-29	-2.15076e-13	6.76434e-29	3.61276e-07	-7.80567e-30	3.44368e-07	5.07415e-30	5.78612e-14	1.92548e-29	1.29366e-06	2.09979e-30	1.31333e-06	1.40008e-30	-1.63686e-14	5.60347e-30	4.70828e-06	-5.93494e-31	4.52706e-06	4.32287e-31	4.38605e-15	1.63696e-30	1.70398e-05	1.59030e-31	1.51614e-05	1.22968e-31	-1.17563e-15	4.64583e-31	5.91953e-05	-4.26259e-32	1.56405e-07	3.47568e-32	3.16463e-16	1.31965e-31	1.34987e-04	1.14735e-32	-1.45535e-05	9.54440e-33	-9.02247e-17	3.85530e-32	6.11272e-05	-3.26827e-33	-4.81741e-06	2.98671e-33	2.41763e-17	1.13148e-32	1.82812e-05	8.75753e-34	-1.37466e-06	8.50099e-34	-6.48056e-18	3.21208e-33	5.19458e-06	-2.34748e-34	-3.88432e-07	2.40177e-34	1.74592e-18	9.12819e-34	1.47628e-06	6.32389e-35	-1.05973e-07	6.55256e-35	-5.03125e-19	2.68199e-34	4.33753e-07	-1.82077e-35	-3.38018e-08	2.09003e-35	1.34816e-19	7.92258e-35	1.28131e-07	4.87889e-36	-9.62890e-09	5.95375e-36	-3.61411e-20	2.24994e-35	3.63878e-08	-1.30791e-36	-2.71879e-09	1.68109e-36	9.74801e-21	6.39816e-36	1.03476e-08	3.52746e-37	-7.34627e-10	4.54235e-37	-2.85093e-21	1.89510e-36	3.06491e-09	-1.03075e-37	-2.40846e-10	1.48920e-37	7.63936e-22	5.64979e-37	9.13731e-10	2.76201e-38	-6.86885e-11	4.24715e-38	-2.04817e-22	1.60533e-37	2.59627e-10	-7.40510e-39	-1.93783e-11	1.19820e-38	5.53311e-23	4.56927e-38	7.38980e-11	2.00035e-39	-5.16180e-12	3.19165e-39	-1.65077e-23	1.36876e-38	2.21367e-11	-5.96291e-40	-1.75989e-12	1.08818e-39	4.42347e-24	4.13315e-39	6.68447e-12	1.59784e-40	-5.02720e-13	3.10842e-40	-1.18615e-24	1.17524e-39	1.90069e-12	-4.28459e-41	-1.41659e-13	8.75906e-41	3.21139e-25	3.34938e-40	5.41690e-13	1.15994e-41	-3.69182e-14	2.28273e-41	-9.84043e-26	1.01950e-40	1.64882e-13	-3.55156e-42	-1.33241e-14	8.23858e-42	2.63692e-26	3.13423e-41	5.06893e-14	9.51703e-43	-3.81451e-15	2.35859e-42	-7.07251e-27	8.92099e-42	1.44278e-14	-2.55256e-43	-1.07297e-15	6.63439e-43	1.92081e-27	2.54723e-42	4.11960e-15	6.93207e-44	-2.69641e-16	1.66724e-43	-6.10750e-28	7.94123e-43	1.28432e-15	-2.20268e-44	-1.06316e-16	6.57376e-44	1.63666e-28	2.50669e-43	4.05403e-16	5.90265e-45	-3.05326e-17	1.88789e-44	-4.39135e-29	7.14550e-44	1.15563e-16	-1.58375e-45	-8.56111e-18	5.29351e-45	1.19882e-29	2.04698e-44	3.31055e-17	4.32335e-46	-1.99260e-18	1.23207e-45	-4.03925e-30	6.66039e-45	1.07717e-17	-1.45595e-46	-9.29703e-19	5.74855e-46	1.08236e-30	2.20027e-45	3.55846e-18	3.90137e-47	-2.68584e-19	1.66071e-46	-2.90205e-31	6.28331e-46	1.01619e-18	-1.04604e-47	-7.55873e-20	4.67372e-47	7.84562e-32	1.79436e-46	2.90199e-19	2.82791e-48	-1.91976e-20	1.18703e-47	-2.36199e-32	5.57663e-47	9.01900e-20	-8.51232e-49	-6.95882e-21	4.30279e-48	6.32676e-33	1.71431e-47	2.77252e-20	2.28008e-49	-2.01906e-21	1.24842e-48	-1.68717e-33	4.81437e-48	7.78620e-21	-6.08024e-50	-6.54939e-22	4.04962e-49	4.21911e-34	1.15039e-48	1.86050e-21	1.52011e-50	-6.36096e-25	3.93311e-52	-4.75469e-37	6.14559e-55	1.15399e-27	-2.07226e-54
3.28153e-29	-1.68518e-13	-7.84109e-31	-3.96787e-17	9.61448e-31	-2.07324e-13	-4.74502e-30	2.38076e-14	2.10106e-31	9.92230e-14	1.97473e-29	3.44930e-10	-1.55000e-30	7.79301e-15	-5.63139e-32	2.95715e-14	5.88128e-30	-1.37951e-09	-4.41169e-31	2.21829e-15	1.51499e-32	8.41775e-15	1.67410e-30	5.17312e-09	-1.21729e-31	6.12083e-16	-4.28583e-33	2.44971e-15	4.87189e-31	-1.93130e-08	-3.75848e-32	1.88985e-16	1.14841e-33	7.15642e-16	1.42324e-31	7.62991e-08	-1.06913e-32	5.37585e-17	-3.07818e-34	2.03105e-16	4.03928e-32	-2.85883e-07	-3.02190e-33	1.51949e-17	8.28604e-35	5.76918e-17	1.14735e-32	1.06723e-06	-8.29829e-34	4.17258e-18	-2.36238e-35	1.68545e-17	3.35196e-33	-3.04004e-07	-2.59677e-34	1.30572e-18	6.33015e-36	4.94655e-18	9.83753e-34	8.14600e-08	-7.39111e-35	3.71643e-19	-1.69682e-36	1.40425e-18	2.79272e-34	-2.18356e-08	-2.08820e-35	1.05000e-19	4.57139e-37	3.99063e-19	7.93642e-35	5.88230e-09	-5.69706e-36	2.86462e-20	-1.31734e-37	1.17250e-19	2.33183e-35	-1.69362e-09	-1.81716e-36	9.13713e-21	3.52993e-38	3.46356e-20	6.88822e-36	4.53820e-10	-5.17644e-37	2.60284e-21	-9.46292e-39	9.83618e-21	1.95619e-36	-1.21658e-10	-1.46160e-37	7.34931e-22	2.55235e-39	2.79712e-21	5.56282e-37	3.28114e-11	-3.94931e-38	1.98581e-22	-7.46466e-40	8.28491e-22	1.64767e-37	-9.58774e-12	-1.29477e-38	6.51044e-23	2.00023e-40	2.46995e-22	4.91216e-38	2.56914e-12	-3.69265e-39	1.85675e-23	-5.36277e-41	7.01811e-23	1.39574e-38	-6.88801e-13	-1.04177e-39	5.23826e-24	1.44875e-41	1.99757e-23	3.97271e-39	1.86066e-13	-2.77495e-40	1.39531e-24	-4.32226e-42	5.98388e-24	1.19005e-39	-5.54653e-14	-9.46105e-41	4.75725e-25	1.15821e-42	1.80691e-24	3.59353e-40	1.48627e-14	-2.70259e-41	1.35893e-25	-3.10574e-43	5.13786e-25	1.02180e-40	-3.98540e-15	-7.61549e-42	3.82925e-26	8.40848e-44	1.46427e-25	2.91209e-41	1.07894e-15	-1.98470e-42	9.97954e-27	-2.57655e-44	4.45701e-26	8.86394e-42	-3.30355e-16	-7.16296e-43	3.60171e-27	6.90432e-45	1.37021e-26	2.72502e-42	8.85246e-17	-2.05066e-43	1.03112e-27	-1.85181e-45	3.90004e-27	7.75627e-43	-2.37431e-17	-5.76821e-44	2.90040e-28	5.02932e-46	1.11359e-27	2.21467e-43	6.44800e-18	-1.44957e-44	7.28879e-29	-1.59914e-46	3.47171e-28	6.90443e-44	-2.04887e-18	-5.71549e-45	2.87389e-29	4.28531e-47	1.09586e-28	2.17942e-44	5.49047e-19	-1.64141e-45	8.25343e-30	-1.14980e-47	3.12384e-29	6.21259e-45	-1.47315e-19	-4.60240e-46	2.31423e-30	3.13890e-48	8.94880e-30	1.77973e-45	4.02145e-20	-1.07121e-46	5.38784e-31	-1.05761e-48	2.91129e-30	5.79081e-46	-1.35428e-20	-4.99803e-47	2.51824e-31	2.83398e-49	9.60023e-31	1.91301e-46	3.62894e-21	-1.44389e-47	7.43870e-32	-7.59851e-50	2.67969e-31	5.46297e-47	-9.72997e-22	-4.06352e-48	2.67959e-32	2.05424e-50	5.45979e-32	1.56009e-47	2.63044e-22	-1.03205e-48	3.24339e-32	-6.18445e-51	-6.64369e-32	4.84855e-48	-7.91790e-23	-3.74102e-49	9.19390e-32	1.65655e-51	-3.43558e-31	1.49049e-48	2.12087e-23	-1.08543e-49	3.15219e-31	-4.41755e-52	-1.24549e-30	4.18581e-49	-5.65566e-24	-3.52091e-50	1.05566e-30	1.10470e-52	-4.32651e-30	1.00019e-49	1.41396e-24	-3.41961e-53	7.09041e-33	-1.24495e-55	-9.86062e-30	6.20377e-56	-1.98977e-28
-1.23009e-11	2.75405e-29	2.16593e-13	-4.63100e-31	-2.64536e-13	7.86075e-30	-2.30496e-09	-3.94364e-30	-5.80371e-14	-1.64221e-29	-6.24736e-09	-2.10632e-30	-7.11539e-09	-1.28933e-30	1.55555e-14	-4.89234e-30	-2.61294e-08	5.64548e-31	-2.49067e-08	-3.66991e-31	-4.18484e-15	-1.39262e-30	-9.35645e-08	-1.51868e-31	-9.49971e-08	-1.01262e-31	1.18386e-15	-4.05274e-31	-3.40543e-07	4.29247e-32	-3.28163e-07	-3.12653e-32	-3.17223e-16	-1.18394e-31	-1.23344e-06	-1.15019e-32	-1.14721e-06	-8.89368e-33	8.50279e-17	-3.36012e-32	-4.35158e-06	3.08294e-33	-3.46521e-06	-2.51380e-33	-2.28884e-17	-9.54440e-33	-1.45535e-05	-8.29829e-34	2.75421e-05	-6.90303e-34	6.52554e-18	-2.78837e-33	3.79469e-06	2.36379e-34	-4.31847e-06	-2.16015e-34	-1.74856e-18	-8.18346e-34	1.78879e-05	-6.33393e-35	-1.40092e-06	-6.14838e-35	4.68709e-19	-2.32315e-34	5.31567e-06	1.69783e-35	-3.98301e-07	-1.73709e-35	-1.26275e-19	-6.60200e-35	1.51411e-06	-4.57378e-36	-1.08700e-07	-4.73917e-36	3.63887e-20	-1.93976e-35	4.44920e-07	1.31688e-36	-3.46722e-08	-1.51163e-36	-9.75066e-21	-5.73004e-36	1.31430e-07	-3.52868e-37	-9.87686e-09	-4.30608e-37	2.61392e-21	-1.62728e-36	3.73249e-08	9.45951e-38	-2.78880e-09	-1.21585e-37	-7.05029e-22	-4.62750e-37	1.06141e-08	-2.55125e-38	-7.53545e-10	-3.28528e-38	2.06195e-22	-1.37064e-37	3.14383e-09	7.45496e-39	-2.47048e-10	-1.07707e-38	-5.52520e-23	-4.08623e-38	9.37261e-10	-1.99763e-39	-7.04573e-11	-3.07177e-39	1.48135e-23	-1.16106e-38	2.66313e-10	5.35577e-40	-1.98774e-11	-8.66606e-40	-4.00185e-24	-3.30474e-39	7.58009e-11	-1.44676e-40	-5.29473e-12	-2.30838e-40	1.19393e-24	-9.89959e-40	2.27067e-11	4.31270e-41	-1.80521e-12	-7.87028e-41	-3.19930e-25	-2.98932e-40	6.85660e-12	-1.15565e-41	-5.15666e-13	-2.24818e-41	8.57891e-26	-8.49996e-41	1.94964e-12	3.09885e-42	-1.45307e-13	-6.33503e-42	-2.32265e-26	-2.42245e-41	5.55639e-13	-8.38930e-43	-3.78688e-14	-1.65099e-42	7.11714e-27	-7.37357e-42	1.69128e-13	2.56868e-43	-1.36672e-14	-5.95859e-43	-1.90717e-27	-2.26684e-42	5.19946e-14	-6.88323e-44	-3.91274e-15	-1.70586e-43	5.11522e-28	-6.45214e-43	1.47993e-14	1.84615e-44	-1.10060e-15	-4.79835e-44	-1.38924e-28	-1.84230e-43	4.22568e-15	-5.01365e-45	-2.76584e-16	-1.20584e-44	4.41728e-29	-5.74353e-44	1.31739e-15	1.59310e-45	-1.09054e-16	-4.75450e-45	-1.18372e-29	-1.81297e-44	4.15842e-16	-4.26911e-46	-3.13189e-17	-1.36543e-45	3.17606e-30	-5.16801e-45	1.18539e-16	1.14545e-46	-8.78157e-18	-3.82856e-46	-8.67051e-31	-1.48049e-45	3.39580e-17	-3.12688e-47	-2.04392e-18	-8.91099e-47	2.92140e-31	-4.81715e-46	1.10491e-17	1.05302e-47	-9.53645e-19	-4.15766e-47	-7.82824e-32	-1.59136e-46	3.65010e-18	-2.82169e-48	-2.75501e-19	-1.20112e-47	2.09892e-32	-4.54443e-47	1.04236e-18	7.56554e-49	-7.75337e-20	-3.38029e-48	-5.67438e-33	-1.29778e-47	2.97672e-19	-2.04530e-49	-1.96920e-20	-8.58525e-49	1.70832e-33	-4.03333e-48	9.25125e-20	6.15657e-50	-7.13802e-21	-3.11201e-49	-4.57586e-34	-1.23988e-48	2.84392e-20	-1.64908e-50	-2.07105e-21	-9.02928e-50	1.22025e-34	-3.48201e-49	7.98670e-21	4.39756e-51	-6.71804e-22	-2.92891e-50	-3.05149e-35	-8.32022e-50	1.90841e-21	-1.09943e-51	-6.52476e-25	-2.84464e-53	3.43954e-38	-4.44482e-56	1.18371e-27	1.49877e-55
2.74073e-29	-1.23331e-11	-2.11392e-29	2.64529e-13	6.47902e-31	-3.95258e-14	-3.94560e-30	-2.30495e-09	5.66434e-30	6.24738e-09	1.64248e-29	1.05911e-14	-1.28936e-30	-7.11539e-09	-1.51819e-30	2.61294e-08	4.89238e-30	-2.83869e-15	-3.66991e-31	-2.49067e-08	4.08435e-31	9.35645e-08	1.39262e-30	7.63631e-16	-1.01262e-31	-9.49971e-08	-1.15544e-31	3.40543e-07	4.05274e-31	-2.15836e-16	-3.12653e-32	-3.28163e-07	3.09606e-32	1.23344e-06	1.18394e-31	5.78345e-17	-8.89368e-33	-1.14721e-06	-8.29861e-33	4.35158e-06	3.36012e-32	-1.55018e-17	-2.51380e-33	-3.46521e-06	2.23387e-33	1.45535e-05	9.54440e-33	4.17258e-18	-6.90303e-34	2.75421e-05	-6.36885e-34	-3.79469e-06	2.78837e-33	-1.18857e-18	-2.16015e-34	-4.31847e-06	1.70658e-34	-1.78879e-05	8.18346e-34	3.18485e-19	-6.14838e-35	-1.40092e-06	-4.57454e-35	-5.31567e-06	2.32315e-34	-8.53708e-20	-1.73709e-35	-3.98301e-07	1.23242e-35	-1.51411e-06	6.60200e-35	2.29981e-20	-4.73917e-36	-1.08700e-07	-3.55149e-36	-4.44920e-07	1.93976e-35	-6.62158e-21	-1.51163e-36	-3.46722e-08	9.51652e-37	-1.31430e-07	5.73004e-36	1.77431e-21	-4.30608e-37	-9.87686e-09	-2.55115e-37	-3.73249e-08	1.62728e-36	-4.75647e-22	-1.21585e-37	-2.78880e-09	6.88099e-38	-1.06141e-08	4.62750e-37	1.28283e-22	-3.28528e-38	-7.53545e-10	-2.01243e-38	-3.14383e-09	1.37064e-37	-3.74853e-23	-1.07707e-38	-2.47048e-10	5.39252e-39	-9.37261e-10	4.08623e-38	1.00446e-23	-3.07177e-39	-7.04573e-11	-1.44577e-39	-2.66313e-10	1.16106e-38	-2.69301e-24	-8.66606e-40	-1.98774e-11	3.90575e-40	-7.58009e-11	3.30474e-39	7.27467e-25	-2.30838e-40	-5.29473e-12	-1.16526e-40	-2.27067e-11	9.89959e-40	-2.16853e-25	-7.87028e-41	-1.80521e-12	3.12247e-41	-6.85660e-12	2.98932e-40	5.81088e-26	-2.24818e-41	-5.15666e-13	-8.37290e-42	-1.94964e-12	8.49996e-41	-1.55818e-26	-6.33503e-42	-1.45307e-13	2.26688e-42	-5.55639e-13	2.42245e-41	4.21834e-27	-1.65099e-42	-3.78688e-14	-6.94624e-43	-1.69128e-13	7.37357e-42	-1.29159e-27	-5.95859e-43	-1.36672e-14	1.86137e-43	-5.19946e-14	2.26684e-42	3.46106e-28	-1.70586e-43	-3.91274e-15	-4.99239e-44	-1.47993e-14	6.45214e-43	-9.28289e-29	-4.79835e-44	-1.10060e-15	1.35588e-44	-4.22568e-15	1.84230e-43	2.52099e-29	-1.20584e-44	-2.76584e-16	-4.31121e-45	-1.31739e-15	5.74353e-44	-8.01051e-30	-4.75450e-45	-1.09054e-16	1.15530e-45	-4.15842e-16	1.81297e-44	2.14665e-30	-1.36543e-45	-3.13189e-17	-3.09980e-46	-1.18539e-16	5.16801e-45	-5.76092e-31	-3.82856e-46	-8.78157e-18	8.46231e-47	-3.39580e-17	1.48049e-45	1.57718e-31	-8.91099e-47	-2.04392e-18	-2.85125e-47	-1.10491e-17	4.81715e-46	-5.47805e-32	-4.15766e-47	-9.53645e-19	7.64026e-48	-3.65010e-18	1.59136e-46	2.35222e-32	-1.20112e-47	-2.75501e-19	-2.04852e-48	-1.04236e-18	4.54443e-47	-3.93081e-32	-3.38029e-48	-7.75337e-20	5.53812e-49	-2.97672e-19	1.29778e-47	1.33710e-31	-8.58525e-49	-1.96920e-20	-1.66730e-49	-9.25125e-20	4.03333e-48	-4.95533e-31	-3.11201e-49	-7.13802e-21	4.46598e-50	-2.84392e-20	1.23988e-48	2.11429e-30	-9.02928e-50	-2.07105e-21	-1.19095e-50	-7.98670e-21	3.48201e-49	-7.96162e-30	-2.92891e-50	-6.71804e-22	2.97821e-51	-1.90841e-21	8.32022e-50	2.97322e-29	-2.84464e-53	-6.52476e-25	-3.35632e-54	-1.19537e-27	5.16068e-56	-1.10967e-28
-2.58896e-13	2.52726e-29	5.04580e-12	-6.16924e-31	-6.38738e-15	2.23782e-31	3.73011e-14	-3.64047e-30	-2.41882e-09	-1.51541e-29	-1.55270e-13	-5.99634e-32	1.21886e-14	-1.18959e-30	9.67022e-09	-4.51379e-30	-4.62485e-14	1.60717e-32	3.46922e-15	-3.38592e-31	-3.62621e-08	-1.28485e-30	-1.31646e-14	-4.32342e-33	9.57242e-16	-9.34256e-32	1.35378e-07	-3.73912e-31	-3.83112e-15	1.22199e-33	2.95556e-16	-2.88459e-32	-5.35370e-07	-1.09232e-31	-1.11920e-15	-3.27439e-34	8.40734e-17	-8.20546e-33	2.00610e-06	-3.10010e-32	-3.17638e-16	8.77658e-35	2.37634e-17	-2.31928e-33	-7.48903e-06	-8.80582e-33	-9.02247e-17	-2.36238e-35	6.52554e-18	-6.36885e-34	2.79500e-05	-2.57259e-33	-2.63589e-17	6.72929e-36	2.04202e-18	-1.99299e-34	-7.48940e-06	-7.55020e-34	-7.73596e-18	-1.80316e-36	5.81216e-19	-5.67259e-35	2.00756e-06	-2.14338e-34	-2.19611e-18	4.83341e-37	1.64210e-19	-1.60267e-35	-5.40856e-07	-6.09111e-35	-6.24098e-19	-1.30208e-37	4.48001e-20	-4.37243e-36	1.55859e-07	-1.78965e-35	-1.83368e-19	3.74892e-38	1.42896e-20	-1.39465e-36	-4.17638e-08	-5.28663e-36	-5.41670e-20	-1.00455e-38	4.07060e-21	-3.97286e-37	1.11959e-08	-1.50135e-36	-1.53829e-20	2.69296e-39	1.14937e-21	-1.12177e-37	-3.01976e-09	-4.26941e-37	-4.37445e-21	-7.26296e-40	3.10562e-22	-3.03105e-38	8.83167e-10	-1.26457e-37	-1.29568e-21	2.12230e-40	1.01817e-22	-9.93725e-39	-2.36654e-10	-3.77003e-38	-3.86278e-22	-5.68691e-41	2.90380e-23	-2.83407e-39	6.34486e-11	-1.07121e-38	-1.09757e-22	1.52469e-41	8.19217e-24	-7.99545e-40	-1.71406e-11	-3.04901e-39	-3.12403e-23	-4.11867e-42	2.18214e-24	-2.12975e-40	5.11381e-12	-9.13352e-40	-9.35824e-24	1.22775e-42	7.43990e-25	-7.26125e-41	-1.37031e-12	-2.75799e-40	-2.82585e-24	-3.28993e-43	2.12524e-25	-2.07421e-41	3.67450e-13	-7.84221e-41	-8.03515e-25	8.82188e-44	5.98861e-26	-5.84480e-42	-9.94834e-14	-2.23500e-41	-2.28999e-25	-2.38829e-44	1.56071e-26	-1.52323e-42	3.04839e-14	-6.80298e-42	-6.97036e-26	7.31258e-45	5.63275e-27	-5.49749e-43	-8.16872e-15	-2.09143e-42	-2.14288e-26	-1.95954e-45	1.61258e-27	-1.57386e-43	2.19094e-15	-5.95285e-43	-6.09932e-27	5.25566e-46	4.53596e-28	-4.42704e-44	-5.95035e-16	-1.69973e-43	-1.74155e-27	-1.42730e-46	1.13990e-28	-1.11253e-44	1.89200e-16	-5.29907e-44	-5.42945e-28	4.53528e-47	4.49451e-29	-4.38658e-45	-5.07008e-17	-1.67268e-44	-1.71383e-28	-1.21534e-47	1.29076e-29	-1.25977e-45	1.36036e-17	-4.76809e-45	-4.88541e-29	3.26090e-48	3.61920e-30	-3.53229e-46	-3.71373e-18	-1.36592e-45	-1.39953e-29	-8.90168e-49	8.42370e-31	-8.22142e-47	1.25129e-18	-4.44438e-46	-4.55373e-30	2.99776e-49	3.93031e-31	-3.83593e-47	-3.35297e-19	-1.46821e-46	-1.50433e-30	-8.03285e-50	1.13544e-31	-1.10817e-47	8.99004e-20	-4.19277e-47	-4.29592e-31	2.15378e-50	3.19544e-32	-3.11871e-48	-2.43044e-20	-1.19735e-47	-1.22681e-31	-5.82261e-51	8.11578e-33	-7.92089e-49	7.31702e-21	-3.72121e-48	-3.81277e-32	1.75267e-51	2.94183e-33	-2.87119e-49	-1.95992e-21	-1.14394e-48	-1.17208e-32	-4.69464e-52	8.53553e-34	-8.33056e-50	5.22655e-22	-3.21256e-49	-3.29160e-33	1.25191e-52	2.76874e-34	-2.70226e-50	-1.30701e-22	-7.67637e-50	-7.86524e-34	-3.12976e-53	2.68910e-37	-2.62451e-53	1.47294e-25	-4.78642e-56	-4.87847e-40	-5.90761e-59
1.10707e-28	-4.98176e-11	-8.53883e-29	1.06852e-12	2.61710e-30	-1.59658e-13	-1.59376e-29	-9.31049e-09	2.28802e-29	2.52353e-08	6.63455e-29	4.27811e-14	-5.20816e-30	-2.87415e-08	-6.13250e-30	1.05546e-07	1.97620e-29	-1.14664e-14	-1.48240e-30	-1.00607e-07	1.64981e-30	3.77939e-07	5.62525e-30	3.08456e-15	-4.09030e-31	-3.83731e-07	-4.66720e-31	1.37557e-06	1.63704e-30	-8.71835e-16	-1.26291e-31	-1.32593e-06	1.25060e-31	4.98277e-06	4.78234e-31	2.33613e-16	-3.59246e-32	-4.65874e-06	-3.35209e-32	1.76118e-05	1.35727e-31	-6.26169e-17	-1.01541e-32	-1.56847e-05	9.02338e-33	6.11272e-05	3.85530e-32	1.68545e-17	-2.78837e-33	-3.79469e-06	-2.57259e-33	1.44242e-04	1.12632e-32	-4.80104e-18	-8.72558e-34	1.67564e-05	6.89343e-34	6.55989e-05	3.30558e-33	1.28647e-18	-2.48354e-34	5.00757e-06	-1.84781e-34	1.89520e-05	9.38400e-34	-3.44842e-19	-7.01671e-35	1.41825e-06	4.97817e-35	5.39067e-06	2.66677e-34	9.28971e-20	-1.91431e-35	3.86978e-07	-1.43457e-35	1.58393e-06	7.83534e-35	-2.67468e-20	-6.10597e-36	1.23433e-07	3.84404e-36	4.67892e-07	2.31456e-35	7.16702e-21	-1.73937e-36	3.51617e-08	-1.03050e-36	1.32877e-07	6.57312e-36	-1.92130e-21	-4.91124e-37	9.92817e-09	2.77947e-37	3.77863e-08	1.86920e-36	5.18179e-22	-1.32703e-37	2.68263e-09	-8.12890e-38	1.11921e-08	5.53646e-37	-1.51416e-22	-4.35066e-38	8.79495e-10	2.17822e-38	3.33666e-09	1.65057e-37	4.05735e-23	-1.24079e-38	2.50829e-10	-5.83997e-39	9.48075e-10	4.68991e-38	-1.08780e-23	-3.50051e-39	7.07636e-11	1.57767e-39	2.69852e-10	1.33490e-38	2.93849e-24	-9.32431e-40	1.88493e-11	-4.70688e-40	8.08361e-11	3.99878e-39	-8.75944e-25	-3.17907e-40	6.42656e-12	1.26127e-40	2.44096e-11	1.20749e-39	2.34721e-25	-9.08117e-41	1.83578e-12	-3.38210e-41	6.94073e-12	3.43342e-40	-6.29401e-26	-2.55893e-41	5.17294e-13	9.15670e-42	1.97808e-12	9.78511e-41	1.70393e-26	-6.66892e-42	1.34813e-13	-2.80582e-42	6.02097e-13	2.97844e-41	-5.21719e-27	-2.40688e-42	4.86555e-14	7.51870e-43	1.85101e-13	9.15654e-42	1.39804e-27	-6.89056e-43	1.39294e-14	-2.01660e-43	5.26857e-14	2.60624e-42	-3.74967e-28	-1.93822e-43	3.91814e-15	5.47685e-44	1.50435e-14	7.44166e-43	1.01831e-28	-4.87080e-44	9.84642e-16	-1.74144e-44	4.68994e-15	2.32000e-43	-3.23571e-29	-1.92050e-44	3.88234e-16	4.66663e-45	1.48040e-15	7.32321e-44	8.67078e-30	-5.51543e-45	1.11495e-16	-1.25211e-45	4.21999e-16	2.08754e-44	-2.32603e-30	-1.54648e-45	3.12625e-17	3.41821e-46	1.20891e-16	5.98020e-45	6.33347e-31	-3.59945e-46	7.27636e-18	-1.15172e-46	3.93350e-17	1.94581e-45	-2.07354e-31	-1.67942e-46	3.39498e-18	3.08616e-47	1.29944e-17	6.42802e-46	2.40815e-32	-4.85172e-47	9.80786e-19	-8.27466e-48	3.71080e-18	1.83565e-46	1.11028e-31	-1.36541e-47	2.76021e-19	2.23703e-48	1.05971e-18	5.24217e-47	-4.68194e-31	-3.46787e-48	7.01038e-20	-6.73477e-49	3.29345e-19	1.62920e-47	1.76175e-30	-1.25705e-48	2.54114e-20	1.80396e-49	1.01244e-19	5.00830e-48	-7.52626e-30	-3.64723e-49	7.37295e-21	-4.81065e-50	2.84327e-20	1.40650e-48	2.83433e-29	-1.18308e-49	2.39163e-21	1.20300e-50	6.79396e-21	3.36082e-49	-1.05847e-28	-1.14905e-52	2.32282e-24	-1.35573e-53	4.25553e-27	2.08457e-55	3.95044e-28
4.96876e-11	-1.11246e-28	-8.74892e-13	1.87062e-30	1.06855e-12	-3.17522e-29	9.31051e-09	1.59297e-29	2.34431e-13	6.63345e-29	2.52352e-08	8.50816e-30	2.87415e-08	5.20805e-30	-6.28338e-14	1.97618e-29	1.05546e-07	-2.28040e-30	1.00607e-07	1.48240e-30	1.69040e-14	5.62525e-30	3.77939e-07	6.13447e-31	3.83731e-07	4.09030e-31	-4.78203e-15	1.63704e-30	1.37557e-06	-1.73388e-31	1.32593e-06	1.26291e-31	1.28137e-15	4.78234e-31	4.98277e-06	4.64601e-32	4.65874e-06	3.59246e-32	-3.43456e-16	1.35727e-31	1.76118e-05	-1.24530e-32	1.56847e-05	1.01541e-32	9.24538e-17	3.85530e-32	6.11272e-05	3.35196e-33	3.79469e-06	2.78837e-33	-2.63589e-17	1.12632e-32	1.44242e-04	-9.54814e-34	-1.67564e-05	8.72558e-34	7.06304e-18	3.30558e-33	6.55989e-05	2.55849e-34	-5.00757e-06	2.48354e-34	-1.89328e-18	9.38400e-34	1.89520e-05	-6.85809e-35	-1.41825e-06	7.01671e-35	5.10066e-19	2.66677e-34	5.39067e-06	1.84751e-35	-3.86978e-07	1.91431e-35	-1.46986e-19	7.83534e-35	1.58393e-06	-5.31931e-36	-1.23433e-07	6.10597e-36	3.93862e-20	2.31456e-35	4.67892e-07	1.42535e-36	-3.51617e-08	1.73937e-36	-1.05585e-20	6.57312e-36	1.32877e-07	-3.82102e-37	-9.92817e-09	4.91124e-37	2.84785e-21	1.86920e-36	3.77863e-08	1.03054e-37	-2.68263e-09	1.32703e-37	-8.32890e-22	5.53646e-37	1.11921e-08	-3.01131e-38	-8.79495e-10	4.35066e-38	2.23182e-22	1.65057e-37	3.33666e-09	8.06912e-39	-2.50829e-10	1.24079e-38	-5.98366e-23	4.68991e-38	9.48075e-10	-2.16338e-39	-7.07636e-11	3.50051e-39	1.61648e-23	1.33490e-38	2.69852e-10	5.84396e-40	-1.88493e-11	9.32431e-40	-4.82269e-24	3.99878e-39	8.08361e-11	-1.74205e-40	-6.42656e-12	3.17907e-40	1.29230e-24	1.20749e-39	2.44096e-11	4.66805e-41	-1.83578e-12	9.08117e-41	-3.46531e-25	3.43342e-40	6.94073e-12	-1.25173e-41	-5.17294e-13	2.55893e-41	9.38199e-26	9.78511e-41	1.97808e-12	3.38872e-42	-1.34813e-13	6.66892e-42	-2.87485e-26	2.97844e-41	6.02097e-13	-1.03758e-42	-4.86555e-14	2.40688e-42	7.70369e-27	9.15654e-42	1.85101e-13	2.78037e-43	-1.39294e-14	6.89056e-43	-2.06621e-27	2.60624e-42	5.26857e-14	-7.45722e-44	-3.91814e-15	1.93822e-43	5.61160e-28	7.44166e-43	1.50435e-14	2.02518e-44	-9.84642e-16	4.87080e-44	-1.78429e-28	2.32000e-43	4.68994e-15	-6.43507e-45	-3.88234e-16	1.92050e-44	4.78145e-29	7.32321e-44	1.48040e-15	1.72444e-45	-1.11495e-16	5.51543e-45	-1.28292e-29	2.08754e-44	4.21999e-16	-4.62686e-46	-3.12625e-17	1.54648e-45	3.50231e-30	5.98020e-45	1.20891e-16	1.26305e-46	-7.27636e-18	3.59945e-46	-1.18005e-30	1.94581e-45	3.93350e-17	-4.25350e-47	-3.39498e-18	1.67942e-46	3.16209e-31	6.42802e-46	1.29944e-17	1.13977e-47	-9.80786e-19	4.85172e-47	-8.47825e-32	1.83565e-46	3.71080e-18	-3.05598e-48	-2.76021e-19	1.36541e-47	2.29207e-32	5.24217e-47	1.05971e-18	8.26166e-49	-7.01038e-20	3.46787e-48	-6.90047e-33	1.62920e-47	3.29345e-19	-2.48685e-49	-2.54114e-20	1.25705e-48	1.84834e-33	5.00830e-48	1.01244e-19	6.66120e-50	-7.37295e-21	3.64723e-49	-4.92901e-34	1.40650e-48	2.84327e-20	-1.77632e-50	-2.39163e-21	1.18308e-49	1.23260e-34	3.36082e-49	6.79396e-21	4.44096e-51	-2.32282e-24	1.14905e-52	-1.38886e-37	1.79541e-55	4.21401e-27	-6.05403e-55
-9.34752e-30	4.80027e-14	2.23355e-31	1.13026e-17	-2.73871e-31	5.90566e-14	1.35163e-30	-6.78165e-15	-5.98492e-32	-2.82639e-14	-5.62508e-30	-9.82541e-11	4.41521e-31	-2.21986e-15	1.60412e-32	-8.42350e-15	-1.67530e-30	3.92957e-10	1.25668e-31	-6.31886e-16	-4.31550e-33	-2.39782e-15	-4.76870e-31	-1.47358e-09	3.46748e-32	-1.74353e-16	1.22083e-33	-6.97805e-16	-1.38777e-31	5.50135e-09	1.07061e-32	-5.38330e-17	-3.27128e-34	-2.03852e-16	-4.05414e-32	-2.17340e-08	3.04544e-33	-1.53132e-17	8.76827e-35	-5.78549e-17	-1.15060e-32	8.14346e-08	8.60796e-34	-4.32829e-18	-2.36030e-35	-1.64336e-17	-3.26827e-33	-3.04004e-07	2.36379e-34	-1.18857e-18	6.72929e-36	-4.80104e-18	-9.54814e-34	1.13458e-06	7.39695e-35	-3.71937e-19	-1.80316e-36	-1.40904e-18	-2.80224e-34	-3.04019e-07	2.10537e-35	-1.05863e-19	4.83344e-37	-4.00003e-19	-7.95512e-35	8.14931e-08	5.94829e-36	-2.99095e-20	-1.30217e-37	-1.13674e-19	-2.26071e-35	-2.19535e-08	1.62282e-36	-8.15994e-21	3.75249e-38	-3.33989e-20	-6.64227e-36	6.32081e-09	5.17623e-37	-2.60273e-21	-1.00551e-38	-9.86604e-21	-1.96212e-36	-1.69371e-09	1.47452e-37	-7.41425e-22	2.69554e-39	-2.80186e-21	-5.57224e-37	4.54042e-10	4.16342e-38	-2.09347e-22	-7.27042e-40	-7.96767e-22	-1.58458e-37	-1.22456e-10	1.12497e-38	-5.65662e-23	2.12633e-40	-2.35998e-22	-4.69344e-38	3.57827e-11	3.68819e-39	-1.85451e-23	-5.69771e-41	-7.03572e-23	-1.39924e-38	-9.58834e-12	1.05186e-39	-5.28901e-24	1.52760e-41	-1.99912e-23	-3.97579e-39	2.57069e-12	2.96750e-40	-1.49213e-24	-4.12680e-42	-5.69014e-24	-1.13163e-39	-6.94424e-13	7.90452e-41	-3.97458e-25	1.23121e-42	-1.70452e-24	-3.38989e-40	2.07003e-13	2.69500e-41	-1.35511e-25	-3.29919e-43	-5.14703e-25	-1.02362e-40	-5.54693e-14	7.69840e-42	-3.87094e-26	8.84676e-44	-1.46353e-25	-2.91062e-41	1.48740e-14	2.16929e-42	-1.09077e-26	-2.39517e-44	-4.17101e-26	-8.29515e-42	-4.02674e-15	5.65345e-43	-2.84269e-27	7.33935e-45	-1.26959e-26	-2.52492e-42	1.23293e-15	2.04039e-43	-1.02596e-27	-1.96671e-45	-3.90307e-27	-7.76230e-43	-3.30385e-16	5.84134e-44	-2.93717e-28	5.27493e-46	-1.11094e-27	-2.20939e-43	8.86124e-17	1.64309e-44	-8.26185e-29	-1.43261e-46	-3.17209e-28	-6.30854e-44	-2.40648e-17	4.12913e-45	-2.07623e-29	4.55520e-47	-9.88926e-29	-1.96674e-44	7.64665e-18	1.62807e-45	-8.18636e-30	-1.22068e-47	-3.12159e-29	-6.20812e-45	-2.04911e-18	4.67560e-46	-2.35104e-30	3.27523e-48	-8.89821e-30	-1.76967e-45	5.49799e-19	1.31100e-46	-6.59323e-31	-8.94123e-49	-2.54868e-30	-5.06960e-46	-1.50086e-19	3.05137e-47	-1.54003e-31	3.01262e-49	-8.27656e-31	-1.64953e-46	5.05433e-20	1.42370e-47	-7.34935e-32	-8.07266e-50	-2.66974e-31	-5.44924e-47	-1.35437e-20	4.11296e-48	-2.73412e-32	2.16445e-50	-5.31576e-32	-1.55614e-47	3.63135e-21	1.15750e-48	-2.95696e-32	-5.85155e-51	6.66555e-32	-4.44395e-48	-9.81713e-22	2.93983e-49	-1.03158e-31	1.76166e-51	3.31995e-31	-1.38112e-48	2.95506e-22	1.06564e-49	-3.36643e-31	-4.71873e-52	1.30804e-30	-4.24570e-49	-7.91534e-23	3.09188e-50	-1.17456e-30	1.25835e-52	4.65557e-30	-1.19234e-49	2.11076e-23	1.00294e-50	-3.93924e-30	-3.14676e-53	1.61488e-29	-2.84907e-50	-5.27709e-24	9.74084e-54	-2.64617e-32	3.54627e-56	3.68011e-29	-1.76716e-56	7.42608e-28
-3.84931e-12	8.61821e-30	6.77780e-14	-1.44917e-31	-8.27806e-14	2.45985e-30	-7.21286e-10	-1.23408e-30	-1.81614e-14	-5.13894e-30	-1.95498e-09	-6.59128e-31	-2.22660e-09	-4.03468e-31	4.86774e-15	-1.53095e-30	-8.17663e-09	1.76663e-31	-7.79402e-09	-1.14842e-31	-1.30955e-15	-4.35788e-31	-2.92790e-08	-4.75238e-32	-2.97278e-08	-3.16876e-32	3.70464e-16	-1.26822e-31	-1.06566e-07	1.34324e-32	-1.02732e-07	-9.78380e-33	-9.92680e-17	-3.70488e-32	-3.86034e-07	-3.59927e-33	-3.61779e-07	-2.78308e-33	2.66076e-17	-1.05148e-32	-1.36559e-06	9.64737e-34	-1.27413e-06	-7.86640e-34	-7.16241e-18	-2.98671e-33	-4.81741e-06	-2.59677e-34	-4.31847e-06	-2.16015e-34	2.04202e-18	-8.72558e-34	-1.67564e-05	7.39695e-35	2.94394e-05	-6.75972e-35	-5.47174e-19	-2.56083e-34	1.79210e-07	-1.98206e-35	-4.17864e-06	-1.92400e-35	1.46672e-19	-7.26980e-35	1.74208e-05	5.31297e-36	-1.36336e-06	-5.43585e-36	-3.95148e-20	-2.06595e-35	5.20576e-06	-1.43126e-36	-3.74533e-07	-1.48302e-36	1.13870e-20	-6.07004e-36	1.53341e-06	4.12087e-37	-1.19511e-07	-4.73030e-37	-3.05125e-21	-1.79309e-36	4.53030e-07	-1.10422e-37	-3.40450e-08	-1.34749e-37	8.17969e-22	-5.09220e-37	1.28657e-07	2.96015e-38	-9.61287e-09	-3.80474e-38	-2.20623e-22	-1.44807e-37	3.65863e-08	-7.98358e-39	-2.59743e-09	-1.02806e-38	6.45240e-23	-4.28910e-38	1.08366e-08	2.33286e-39	-8.51563e-10	-3.37046e-39	-1.72899e-23	-1.27870e-38	3.23069e-09	-6.25115e-40	-2.42863e-10	-9.61243e-40	4.63555e-24	-3.63328e-39	9.17966e-10	1.67597e-40	-6.85163e-11	-2.71185e-40	-1.25229e-24	-1.03415e-39	2.61282e-10	-4.52732e-41	-1.82507e-11	-7.22355e-41	3.73614e-25	-3.09786e-40	7.82689e-11	1.34957e-41	-6.22246e-12	-2.46283e-41	-1.00115e-25	-9.35441e-41	2.36344e-11	-3.61634e-42	-1.77748e-12	-7.03519e-42	2.68458e-26	-2.65988e-41	6.72031e-12	9.69717e-43	-5.00865e-13	-1.98241e-42	-7.26824e-27	-7.58054e-42	1.91526e-12	-2.62525e-43	-1.30532e-13	-5.16642e-43	2.22715e-27	-2.30740e-42	5.82975e-13	8.03811e-44	-4.71102e-14	-1.86461e-43	-5.96805e-28	-7.09358e-43	1.79223e-13	-2.15396e-44	-1.34870e-14	-5.33812e-44	1.60070e-28	-2.01906e-43	5.10124e-14	5.77712e-45	-3.79371e-15	-1.50154e-44	-4.34731e-29	-5.76506e-44	1.45657e-14	-1.56891e-45	-9.53372e-16	-3.77342e-45	1.38229e-29	-1.79731e-44	4.54099e-15	4.98526e-46	-3.75904e-16	-1.48782e-45	-3.70419e-30	-5.67330e-45	1.43339e-15	-1.33593e-46	-1.07955e-16	-4.27281e-46	9.93879e-31	-1.61722e-45	4.08597e-16	3.58444e-47	-3.02696e-17	-1.19806e-46	-2.71325e-31	-4.63286e-46	1.17052e-16	-9.78489e-48	-7.04528e-18	-2.78850e-47	9.14189e-32	-1.50742e-46	3.80858e-17	3.29519e-48	-3.28717e-18	-1.30105e-47	-2.44968e-32	-4.97980e-47	1.25817e-17	-8.82985e-49	-9.49638e-19	-3.75864e-48	6.56811e-33	-1.42208e-47	3.59295e-18	2.36747e-49	-2.67255e-19	-1.05779e-48	-1.77567e-33	-4.06111e-48	1.02606e-18	-6.40031e-50	-6.78774e-20	-2.68657e-49	5.34580e-34	-1.26214e-48	3.18886e-19	1.92656e-50	-2.46044e-20	-9.73835e-50	-1.43191e-34	-3.87994e-49	9.80285e-20	-5.16044e-51	-7.13880e-21	-2.82552e-50	3.81851e-35	-1.08962e-49	2.75298e-20	1.37612e-51	-2.31568e-21	-9.16537e-51	-9.54897e-36	-2.60363e-50	6.57820e-21	-3.44042e-52	-2.24905e-24	-8.90168e-54	1.07834e-38	-1.39091e-56	4.08018e-27	4.69007e-56
8.57651e-30	-3.85937e-12	-6.61504e-30	8.27786e-14	2.02747e-31	-1.23687e-14	-1.23469e-30	-7.21284e-10	1.77253e-30	1.95498e-09	5.13979e-30	3.31426e-15	-4.03477e-31	-2.22660e-09	-4.75086e-31	8.17663e-09	1.53096e-30	-8.88305e-16	-1.14842e-31	-7.79402e-09	1.27811e-31	2.92790e-08	4.35789e-31	2.38961e-16	-3.16876e-32	-2.97278e-08	-3.61569e-32	1.06566e-07	1.26822e-31	-6.75412e-17	-9.78380e-33	-1.02732e-07	9.68843e-33	3.86034e-07	3.70488e-32	1.80980e-17	-2.78308e-33	-3.61779e-07	-2.59687e-33	1.36559e-06	1.05148e-32	-4.85094e-18	-7.86640e-34	-1.27413e-06	6.99042e-34	4.81741e-06	2.98671e-33	1.30572e-18	-2.16015e-34	-4.31847e-06	-1.99299e-34	1.67564e-05	8.72558e-34	-3.71937e-19	-6.75972e-35	2.94394e-05	5.34035e-35	-1.79210e-07	2.56083e-34	9.96630e-20	-1.92400e-35	-4.17864e-06	-1.43150e-35	-1.74208e-05	7.26980e-35	-2.67149e-20	-5.43585e-36	-1.36336e-06	3.85660e-36	-5.20576e-06	2.06595e-35	7.19675e-21	-1.48302e-36	-3.74533e-07	-1.11136e-36	-1.53341e-06	6.07004e-36	-2.07208e-21	-4.73030e-37	-1.19511e-07	2.97798e-37	-4.53030e-07	1.79309e-36	5.55230e-22	-1.34749e-37	-3.40450e-08	-7.98328e-38	-1.28657e-07	5.09220e-37	-1.48843e-22	-3.80474e-38	-9.61287e-09	2.15326e-38	-3.65863e-08	1.44807e-37	4.01434e-23	-1.02806e-38	-2.59743e-09	-6.29746e-39	-1.08366e-08	4.28910e-38	-1.17302e-23	-3.37046e-39	-8.51563e-10	1.68747e-39	-3.23069e-09	1.27870e-38	3.14323e-24	-9.61243e-40	-2.42863e-10	-4.52423e-40	-9.17966e-10	3.63328e-39	-8.42720e-25	-2.71185e-40	-6.85163e-11	1.22222e-40	-2.61282e-10	1.03415e-39	2.27645e-25	-7.22355e-41	-1.82507e-11	-3.64643e-41	-7.82689e-11	3.09786e-40	-6.78595e-26	-2.46283e-41	-6.22246e-12	9.77109e-42	-2.36344e-11	9.35441e-41	1.81839e-26	-7.03519e-42	-1.77748e-12	-2.62012e-42	-6.72031e-12	2.65988e-41	-4.87598e-27	-1.98241e-42	-5.00865e-13	7.09371e-43	-1.91526e-12	7.58054e-42	1.32004e-27	-5.16642e-43	-1.30532e-13	-2.17367e-43	-5.82975e-13	2.30740e-42	-4.04176e-28	-1.86461e-43	-4.71102e-14	5.82474e-44	-1.79223e-13	7.09358e-43	1.08306e-28	-5.33812e-44	-1.34870e-14	-1.56226e-44	-5.10124e-14	2.01906e-43	-2.90488e-29	-1.50154e-44	-3.79371e-15	4.24292e-45	-1.45657e-14	5.76506e-44	7.88888e-30	-3.77342e-45	-9.53372e-16	-1.34910e-45	-4.54099e-15	1.79731e-44	-2.50674e-30	-1.48782e-45	-3.75904e-16	3.61525e-46	-1.43339e-15	5.67330e-45	6.71856e-31	-4.27281e-46	-1.07955e-16	-9.70014e-47	-4.08597e-16	1.61722e-45	-1.80687e-31	-1.19806e-46	-3.02696e-17	2.64809e-47	-1.17052e-16	4.63286e-46	5.08929e-32	-2.78850e-47	-7.04528e-18	-8.92237e-48	-3.80858e-17	1.50742e-46	-2.28844e-32	-1.30105e-47	-3.28717e-18	2.39085e-48	-1.25817e-17	4.97980e-47	3.66138e-32	-3.75864e-48	-9.49638e-19	-6.41039e-49	-3.59295e-18	1.42208e-47	-1.23571e-31	-1.05779e-48	-2.67255e-19	1.73303e-49	-1.02606e-18	4.06111e-48	4.57669e-31	-2.68657e-49	-6.78774e-20	-5.21744e-50	-3.18886e-19	1.26214e-48	-1.70711e-30	-9.73835e-50	-2.46044e-20	1.39753e-50	-9.80285e-20	3.87994e-49	7.28759e-30	-2.82552e-50	-7.13880e-21	-3.72681e-51	-2.75298e-20	1.08962e-49	-2.74433e-29	-9.16537e-51	-2.31568e-21	9.31966e-52	-6.57820e-21	2.60363e-50	1.02485e-28	-8.90168e-54	-2.24905e-24	-1.05029e-54	-4.12038e-27	1.61492e-56	-3.82498e-28
6.93730e-14	-6.77197e-30	-1.35206e-12	1.65309e-31	1.71154e-15	-5.99638e-32	-9.99509e-15	9.75489e-31	6.48138e-10	4.06064e-30	4.16058e-14	1.60676e-32	-3.26601e-15	3.18758e-31	-2.59120e-09	1.20950e-30	1.23926e-14	-4.30652e-33	-9.29602e-16	9.07280e-32	9.71666e-09	3.44284e-31	3.52755e-15	1.15849e-33	-2.56500e-16	2.50340e-32	-3.62754e-08	1.00192e-31	1.02657e-15	-3.27441e-34	-7.91963e-17	7.72945e-33	1.43456e-07	2.92696e-32	2.99897e-16	8.77396e-35	-2.25280e-17	2.19871e-33	-5.37548e-07	8.30693e-33	8.51131e-17	-2.35174e-35	-6.36756e-18	6.21466e-34	2.00674e-06	2.35958e-33	2.41763e-17	6.33015e-36	-1.74856e-18	1.70658e-34	-7.48940e-06	6.89343e-34	7.06304e-18	-1.80316e-36	-5.47174e-19	5.34035e-35	2.98830e-05	2.02313e-34	2.07290e-18	4.83168e-37	-1.55741e-19	1.52001e-35	-8.01027e-06	5.74333e-35	5.88463e-19	-1.29515e-37	-4.40013e-20	4.29447e-36	2.15804e-06	1.63216e-35	1.67231e-19	3.48900e-38	-1.20045e-20	1.17162e-36	-6.21885e-07	4.79549e-36	4.91348e-20	-1.00455e-38	-3.82901e-21	3.73706e-37	1.66639e-07	1.41659e-36	1.45144e-20	2.69177e-39	-1.09075e-21	1.06455e-37	-4.46721e-08	4.02297e-37	4.12195e-21	-7.21596e-40	-3.07980e-22	3.00585e-38	1.20490e-08	1.14402e-37	1.17216e-21	1.94616e-40	-8.32173e-23	8.12190e-39	-3.52388e-09	3.38850e-38	3.47187e-22	-5.68683e-41	-2.72827e-23	2.66275e-39	9.44260e-10	1.01020e-38	1.03506e-22	1.52385e-41	-7.78091e-24	7.59407e-40	-2.53163e-10	2.87039e-39	2.94101e-23	-4.08552e-42	-2.19515e-24	2.14243e-40	6.83918e-11	8.17002e-40	8.37104e-24	1.10363e-42	-5.84720e-25	5.70680e-41	-2.04043e-11	2.44739e-40	2.50760e-24	-3.28984e-43	-1.99357e-25	1.94570e-41	5.46762e-12	7.39022e-41	7.57205e-25	8.81558e-44	-5.69473e-26	5.55798e-42	-1.46614e-12	2.10137e-41	2.15307e-25	-2.36388e-44	-1.60469e-26	1.56615e-42	3.96943e-13	5.98882e-42	6.13617e-26	6.39957e-45	-4.18203e-27	4.08160e-43	-1.21632e-13	1.82290e-42	1.86775e-26	-1.95945e-45	-1.50933e-27	1.47309e-43	3.25936e-14	5.60412e-43	5.74200e-27	5.25071e-46	-4.32101e-28	4.21725e-44	-8.74194e-15	1.59511e-43	1.63435e-27	-1.40829e-46	-1.21544e-28	1.18625e-44	2.37421e-15	4.55455e-44	4.66661e-28	3.82454e-47	-3.05444e-29	2.98110e-45	-7.54915e-16	1.41992e-44	1.45486e-28	-1.21526e-47	-1.20433e-29	1.17541e-45	2.02299e-16	4.48206e-45	4.59233e-29	3.25659e-48	-3.45868e-30	3.37563e-46	-5.42791e-17	1.27764e-45	1.30908e-29	-8.73779e-49	-9.69788e-31	9.46501e-47	1.48180e-17	3.66008e-46	3.75013e-30	2.38527e-49	-2.25719e-31	2.20299e-47	-4.99270e-18	1.19090e-46	1.22020e-30	-8.03270e-50	-1.05315e-31	1.02786e-47	1.33785e-18	3.93417e-47	4.03096e-31	2.15246e-50	-3.04248e-32	2.96942e-48	-3.58707e-19	1.12348e-47	1.15112e-31	-5.77119e-51	-8.56240e-33	8.35679e-49	9.69755e-20	3.20838e-48	3.28732e-32	1.56021e-51	-2.17468e-33	2.12246e-49	-2.91952e-20	9.97124e-49	1.02166e-32	-4.69639e-52	-7.88284e-34	7.69355e-50	7.82016e-21	3.06525e-49	3.14067e-33	1.25796e-52	-2.28715e-34	2.23223e-50	-2.08542e-21	8.60828e-50	8.82007e-34	-3.35456e-53	-7.41903e-35	7.24088e-51	5.21501e-22	2.05694e-50	2.10754e-34	8.38641e-54	-7.20633e-38	7.03256e-54	-5.87709e-25	1.28255e-56	1.30722e-40	1.58298e-59
3.24910e-29	-1.46208e-11	-2.50603e-29	3.13596e-13	7.68081e-31	-4.68574e-14	-4.67746e-30	-2.73250e-09	6.71502e-30	7.40620e-09	1.94715e-29	1.25557e-14	-1.52852e-30	-8.43521e-09	-1.79980e-30	3.09762e-08	5.79986e-30	-3.36523e-15	-4.35064e-31	-2.95267e-08	4.84195e-31	1.10920e-07	1.65093e-30	9.05276e-16	-1.20045e-31	-1.12620e-07	-1.36976e-31	4.03712e-07	4.80448e-31	-2.55871e-16	-3.70647e-32	-3.89193e-07	3.67034e-32	1.46245e-06	1.40355e-31	6.85621e-17	-1.05434e-32	-1.37088e-06	-9.83791e-33	5.17383e-06	3.98338e-32	-1.83772e-17	-2.98009e-33	-4.84930e-06	2.64823e-33	1.82812e-05	1.13148e-32	4.94655e-18	-8.18346e-34	-1.78879e-05	-7.55020e-34	6.55989e-05	3.30558e-33	-1.40904e-18	-2.56083e-34	-1.79210e-07	2.02313e-34	1.53752e-04	9.70140e-34	3.77561e-19	-7.28883e-35	1.73099e-05	-5.42307e-35	6.76610e-05	2.75407e-34	-1.01206e-19	-2.05931e-35	5.14322e-06	1.46102e-35	1.95807e-05	7.82660e-35	2.72640e-20	-5.61823e-36	1.40675e-06	-4.21025e-36	5.75846e-06	2.29956e-35	-7.84981e-21	-1.79202e-36	4.48769e-07	1.12817e-36	1.70113e-06	6.79290e-36	2.10342e-21	-5.10481e-37	1.27839e-07	-3.02437e-37	4.83106e-07	1.92912e-36	-5.63875e-22	-1.44138e-37	3.60963e-08	8.15734e-38	1.37381e-07	5.48585e-37	1.52078e-22	-3.89466e-38	9.75334e-09	-2.38572e-38	4.06915e-08	1.62487e-37	-4.44385e-23	-1.27686e-38	3.19762e-09	6.39278e-39	1.21312e-08	4.84419e-38	1.19078e-23	-3.64155e-39	9.11949e-10	-1.71395e-39	3.44696e-09	1.37642e-38	-3.19254e-24	-1.02735e-39	2.57278e-10	4.63023e-40	9.81113e-10	3.91773e-39	8.62404e-25	-2.73655e-40	6.85312e-11	-1.38140e-40	2.93899e-10	1.17359e-39	-2.57077e-25	-9.33013e-41	2.33653e-11	3.70166e-41	8.87469e-11	3.54380e-40	6.88873e-26	-2.66519e-41	6.67441e-12	-9.92598e-42	2.52347e-11	1.00766e-40	-1.84720e-26	-7.51011e-42	1.88075e-12	2.68736e-42	7.19179e-12	2.87179e-41	5.00080e-27	-1.95723e-42	4.90147e-13	-8.23469e-43	2.18907e-12	8.74129e-42	-1.53117e-27	-7.06384e-43	1.76899e-13	2.20663e-43	6.72981e-13	2.68732e-42	4.10305e-28	-2.02228e-43	5.06437e-14	-5.91842e-44	1.91552e-13	7.64895e-43	-1.10048e-28	-5.68839e-44	1.42454e-14	1.60738e-44	5.46942e-14	2.18402e-43	2.98860e-29	-1.42951e-44	3.57991e-15	-5.11089e-45	1.70514e-14	6.80889e-44	-9.49626e-30	-5.63641e-45	1.41152e-15	1.36959e-45	5.38236e-15	2.14926e-44	2.54434e-30	-1.61870e-45	4.05369e-16	-3.67478e-46	1.53428e-15	6.12662e-45	-6.81094e-31	-4.53871e-46	1.13662e-16	1.00320e-46	4.39528e-16	1.75510e-45	1.80037e-31	-1.05639e-46	2.64550e-17	-3.38013e-47	1.43012e-16	5.71068e-46	-3.90557e-32	-4.92887e-47	1.23433e-17	9.05745e-48	4.72442e-17	1.88653e-46	-1.03993e-31	-1.42391e-47	3.56589e-18	-2.42850e-48	1.34915e-17	5.38737e-47	4.55028e-31	-4.00729e-48	1.00354e-18	6.56538e-49	3.85285e-18	1.53850e-47	-1.71612e-30	-1.01777e-48	2.54879e-19	-1.97656e-49	1.19742e-18	4.78146e-48	6.40945e-30	-3.68925e-49	9.23894e-20	5.29437e-50	3.68097e-19	1.46987e-48	-2.73647e-29	-1.07041e-49	2.68062e-20	-1.41186e-50	1.03374e-19	4.12789e-49	1.03049e-28	-3.47219e-50	8.69535e-21	3.53064e-51	2.47011e-20	9.86353e-50	-3.84832e-28	-3.37229e-53	8.44518e-24	-3.97888e-54	1.54720e-26	6.11793e-56	1.43628e-27
1.45826e-11	-3.26490e-29	-2.56768e-13	5.49000e-31	3.13604e-13	-9.31883e-30	2.73250e-09	4.67514e-30	6.88023e-14	1.94682e-29	7.40618e-09	2.49702e-30	8.43521e-09	1.52849e-30	-1.84408e-14	5.79981e-30	3.09761e-08	-6.69266e-31	2.95267e-08	4.35063e-31	4.96108e-15	1.65093e-30	1.10920e-07	1.80038e-31	1.12620e-07	1.20045e-31	-1.40346e-15	4.80448e-31	4.03712e-07	-5.08868e-32	3.89193e-07	3.70647e-32	3.76065e-16	1.40355e-31	1.46245e-06	1.36354e-32	1.37088e-06	1.05434e-32	-1.00800e-16	3.98338e-32	5.17383e-06	-3.65479e-33	4.84930e-06	2.98009e-33	2.71339e-17	1.13148e-32	1.82812e-05	9.83753e-34	1.78879e-05	8.18346e-34	-7.73596e-18	3.30558e-33	6.55989e-05	-2.80224e-34	1.79210e-07	2.56083e-34	2.07290e-18	9.70140e-34	1.53752e-04	7.50880e-35	-1.73099e-05	7.28883e-35	-5.55650e-19	2.75407e-34	6.76610e-05	-2.01275e-35	-5.14322e-06	2.05931e-35	1.49697e-19	7.82660e-35	1.95807e-05	5.42217e-36	-1.40675e-06	5.61823e-36	-4.31384e-20	2.29956e-35	5.75846e-06	-1.56114e-36	-4.48769e-07	1.79202e-36	1.15593e-20	6.79290e-36	1.70113e-06	4.18321e-37	-1.27839e-07	5.10481e-37	-3.09878e-21	1.92912e-36	4.83106e-07	-1.12141e-37	-3.60963e-08	1.44138e-37	8.35804e-22	5.48585e-37	1.37381e-07	3.02448e-38	-9.75334e-09	3.89466e-38	-2.44441e-22	1.62487e-37	4.06915e-08	-8.83777e-39	-3.19762e-09	1.27686e-38	6.55006e-23	4.84419e-38	1.21312e-08	2.36817e-39	-9.11949e-10	3.64155e-39	-1.75612e-23	1.37642e-38	3.44696e-09	-6.34921e-40	-2.57278e-10	1.02735e-39	4.74415e-24	3.91773e-39	9.81113e-10	1.71512e-40	-6.85312e-11	2.73655e-40	-1.41539e-24	1.17359e-39	2.93899e-10	-5.11266e-41	-2.33653e-11	9.33013e-41	3.79273e-25	3.54380e-40	8.87469e-11	1.37001e-41	-6.67441e-12	2.66519e-41	-1.01702e-25	1.00766e-40	2.52347e-11	-3.67365e-42	-1.88075e-12	7.51011e-42	2.75348e-26	2.87179e-41	7.19179e-12	9.94542e-43	-4.90147e-13	1.95723e-42	-8.43729e-27	8.74129e-42	2.18907e-12	-3.04514e-43	-1.76899e-13	7.06384e-43	2.26092e-27	2.68732e-42	6.72981e-13	8.16000e-44	-5.06437e-14	2.02228e-43	-6.06404e-28	7.64895e-43	1.91552e-13	-2.18859e-44	-1.42454e-14	5.68839e-44	1.64693e-28	2.18402e-43	5.46942e-14	5.94362e-45	-3.57991e-15	1.42951e-44	-5.23663e-29	6.80889e-44	1.70514e-14	-1.88860e-45	-1.41152e-15	5.63641e-45	1.40329e-29	2.14926e-44	5.38236e-15	5.06099e-46	-4.05369e-16	1.61870e-45	-3.76519e-30	6.12662e-45	1.53428e-15	-1.35792e-46	-1.13662e-16	4.53871e-46	1.02788e-30	1.75510e-45	4.39528e-16	3.70688e-47	-2.64550e-17	1.05639e-46	-3.46329e-31	5.71068e-46	1.43012e-16	-1.24834e-47	-1.23433e-17	4.92887e-47	9.28029e-32	1.88653e-46	4.72442e-17	3.34508e-48	-3.56589e-18	1.42391e-47	-2.48825e-32	5.38737e-47	1.34915e-17	-8.96887e-49	-1.00354e-18	4.00729e-48	6.72691e-33	1.53850e-47	3.85285e-18	2.42468e-49	-2.54879e-19	1.01777e-48	-2.02519e-33	4.78146e-48	1.19742e-18	-7.29855e-50	-9.23894e-20	3.68925e-49	5.42463e-34	1.46987e-48	3.68097e-19	1.95497e-50	-2.68062e-20	1.07041e-49	-1.44659e-34	4.12789e-49	1.03374e-19	-5.21326e-51	-8.69535e-21	3.47219e-50	3.61750e-35	9.86353e-50	2.47011e-20	1.30336e-51	-8.44518e-24	3.37229e-53	-4.06845e-38	5.26929e-56	1.53210e-26	-1.77677e-55
2.50473e-30	-1.28626e-14	-5.98496e-32	-3.02860e-18	7.33855e-32	-1.58246e-14	-3.62179e-31	1.81719e-15	1.60370e-32	7.57350e-15	1.50728e-30	2.63278e-11	-1.18308e-31	5.94826e-16	-4.29834e-33	2.25713e-15	4.48907e-31	-1.05296e-10	-3.36736e-32	1.69318e-16	1.15637e-33	6.42511e-16	1.27781e-31	3.94854e-10	-9.29134e-33	4.67191e-17	-3.27129e-34	1.86981e-16	3.71862e-32	-1.47412e-09	-2.86877e-33	1.44249e-17	8.76561e-35	5.46236e-17	1.08633e-32	5.82376e-09	-8.16047e-34	4.10328e-18	-2.34952e-35	1.55026e-17	3.08310e-33	-2.18209e-08	-2.30656e-34	1.15979e-18	6.32458e-36	4.40350e-18	8.75753e-34	8.14600e-08	-6.33393e-35	3.18485e-19	-1.80316e-36	1.28647e-18	2.55849e-34	-3.04019e-07	-1.98206e-35	9.96630e-20	4.83168e-37	3.77561e-19	7.50880e-35	1.21181e-06	-5.64149e-36	2.83668e-20	-1.29515e-37	1.07183e-19	2.13163e-35	-3.24830e-07	-1.59388e-36	8.01444e-21	3.48925e-38	3.04597e-20	6.05772e-36	8.75060e-08	-4.34846e-37	2.18651e-21	-1.00550e-38	8.94947e-21	1.77984e-36	-2.51946e-08	-1.38700e-37	6.97420e-22	2.69433e-39	2.64367e-21	5.25764e-37	6.75110e-09	-3.95107e-38	1.98670e-22	-7.22287e-40	7.50777e-22	1.49312e-37	-1.80980e-09	-1.11561e-38	5.60959e-23	1.94816e-40	2.13499e-22	4.24600e-38	4.88108e-10	-3.01443e-39	1.51573e-23	-5.69763e-41	6.32371e-23	1.25764e-38	-1.42629e-10	-9.88276e-40	4.96929e-24	1.52674e-41	1.88527e-23	3.74936e-39	3.82189e-11	-2.81853e-40	1.41722e-24	-4.09330e-42	5.35679e-24	1.06534e-39	-1.02467e-11	-7.95161e-41	3.99826e-25	1.10580e-42	1.52471e-24	3.03229e-40	2.76796e-12	-2.11807e-41	1.06502e-25	-3.29910e-43	4.56738e-25	9.08344e-41	-8.25111e-13	-7.22144e-42	3.63112e-26	8.84039e-44	1.37918e-25	2.74287e-41	2.21100e-13	-2.06284e-42	1.03724e-26	-2.37055e-44	3.92163e-26	7.79921e-42	-5.92875e-14	-5.81276e-43	2.92280e-27	6.41803e-45	1.11765e-26	2.22274e-42	1.60505e-14	-1.51488e-43	7.61719e-28	-1.96663e-45	3.40195e-27	6.76568e-43	-4.91442e-15	-5.46735e-44	2.74912e-28	5.26994e-46	1.04585e-27	2.07996e-43	1.31691e-15	-1.56523e-44	7.87034e-29	-1.41345e-46	2.97683e-28	5.92021e-44	-3.53207e-16	-4.40276e-45	2.21382e-29	3.83878e-47	8.49981e-29	1.69041e-44	9.59216e-17	-1.10643e-45	5.56341e-30	-1.22059e-47	2.64989e-29	5.27002e-45	-3.04794e-17	-4.36253e-46	2.19362e-30	3.27089e-48	8.36439e-30	1.66351e-45	8.16771e-18	-1.25286e-46	6.30099e-31	-8.77620e-49	2.38388e-30	4.74195e-46	-2.19149e-18	-3.51292e-47	1.77108e-31	2.39586e-49	6.81304e-31	1.35843e-46	5.98238e-19	-8.17635e-48	4.33945e-32	-8.07251e-50	2.15206e-31	4.42002e-47	-2.01465e-19	-3.81490e-48	2.67810e-32	2.16312e-50	4.54106e-32	1.46016e-47	5.39848e-20	-1.10210e-48	3.20889e-32	-5.79980e-51	-7.90372e-32	4.16978e-48	-1.44745e-20	-3.10161e-49	9.62242e-32	1.56796e-51	-3.48767e-31	1.19079e-48	3.91309e-21	-7.87746e-50	4.05689e-31	-4.72047e-52	-1.34914e-30	3.70081e-49	-1.17788e-21	-2.85545e-50	1.33986e-30	1.26441e-52	-5.22174e-30	1.13766e-49	3.15504e-22	-8.28489e-51	4.68118e-30	-3.37183e-53	-1.85592e-29	3.19495e-50	-8.41345e-23	-2.68744e-51	1.57015e-29	8.43196e-54	-6.43693e-29	7.63428e-51	2.10344e-23	-2.61012e-54	1.05476e-31	-9.50246e-57	-1.46688e-28	4.73522e-57	-2.96002e-27
-1.09562e-12	2.45298e-30	1.92915e-14	-4.12473e-32	-2.35616e-14	7.00140e-31	-2.05298e-10	-3.51252e-31	-5.16924e-15	-1.46268e-30	-5.56439e-10	-1.87606e-31	-6.33752e-10	-1.14838e-31	1.38549e-15	-4.35750e-31	-2.32729e-09	5.02831e-32	-2.21839e-09	-3.26871e-32	-3.72734e-16	-1.24037e-31	-8.33359e-09	-1.35266e-32	-8.46136e-09	-9.01915e-33	1.05444e-16	-3.60969e-32	-3.03316e-08	3.82321e-33	-2.92409e-08	-2.78474e-33	-2.82544e-17	-1.05451e-32	-1.09876e-07	-1.02445e-33	-1.03009e-07	-7.92141e-34	7.57325e-18	-2.99279e-33	-3.88736e-07	2.74591e-34	-3.65172e-07	-2.23899e-34	-2.03862e-18	-8.50099e-34	-1.37466e-06	-7.39111e-35	-1.40092e-06	-6.14838e-35	5.81216e-19	-2.48354e-34	-5.00757e-06	2.10537e-35	-4.17864e-06	-1.92400e-35	-1.55741e-19	-7.28883e-35	-1.73099e-05	-5.64149e-36	2.94867e-05	-5.47623e-36	4.17469e-20	-2.06918e-35	3.13783e-08	1.51222e-36	-4.15182e-06	-1.54719e-36	-1.12470e-20	-5.88026e-36	1.74293e-05	-4.07377e-37	-1.30877e-06	-4.22107e-37	3.24106e-21	-1.72770e-36	5.38619e-06	1.17291e-37	-4.20752e-07	-1.34637e-37	-8.68470e-22	-5.10362e-37	1.59530e-06	-3.14292e-38	-1.19900e-07	-3.83533e-38	2.32816e-22	-1.44938e-37	4.53110e-07	8.42538e-39	-3.38553e-08	-1.08293e-38	-6.27954e-23	-4.12161e-38	1.28852e-07	-2.27234e-39	-9.14783e-09	-2.92613e-39	1.83653e-23	-1.22080e-38	3.81653e-08	6.63997e-40	-2.99910e-09	-9.59325e-40	-4.92118e-24	-3.63952e-39	1.13781e-08	-1.77925e-40	-8.55332e-10	-2.73596e-40	1.31940e-24	-1.03413e-39	3.23296e-09	4.77027e-41	-2.41306e-10	-7.71867e-41	-3.56436e-25	-2.94346e-40	9.20203e-10	-1.28860e-41	-6.42765e-11	-2.05602e-41	1.06341e-25	-8.81735e-41	2.75653e-10	3.84123e-42	-2.19147e-11	-7.00989e-42	-2.84954e-26	-2.66252e-41	8.32373e-11	-1.02931e-42	-6.26005e-12	-2.00241e-42	7.64105e-27	-7.57074e-42	2.36681e-11	2.76008e-43	-1.76398e-12	-5.64248e-43	-2.06874e-27	-2.15763e-42	6.74531e-12	-7.47217e-44	-4.59717e-13	-1.47050e-43	6.33908e-28	-6.56748e-43	2.05317e-12	2.28787e-44	-1.65916e-13	-5.30718e-44	-1.69867e-28	-2.01903e-43	6.31200e-13	-6.13075e-45	-4.74996e-14	-1.51937e-44	4.55602e-29	-5.74679e-44	1.79659e-13	1.64433e-45	-1.33610e-14	-4.27379e-45	-1.23736e-29	-1.64089e-44	5.12986e-14	-4.46555e-46	-3.35766e-15	-1.07402e-45	3.93437e-30	-5.11564e-45	1.59928e-14	1.41894e-46	-1.32389e-15	-4.23473e-46	-1.05431e-30	-1.61478e-45	5.04821e-15	-3.80241e-47	-3.80202e-16	-1.21616e-46	2.82885e-31	-4.60304e-46	1.43903e-15	1.02023e-47	-1.06606e-16	-3.41001e-47	-7.72264e-32	-1.31864e-46	4.12241e-16	-2.78505e-48	-2.48126e-17	-7.93683e-48	2.60203e-32	-4.29053e-47	1.34133e-16	9.37902e-49	-1.15770e-17	-3.70314e-48	-6.97245e-33	-1.41739e-47	4.43112e-17	-2.51322e-49	-3.34451e-18	-1.06981e-48	1.86946e-33	-4.04763e-48	1.26539e-17	6.73846e-50	-9.41238e-19	-3.01075e-49	-5.05405e-34	-1.15590e-48	3.61365e-18	-1.82170e-50	-2.39056e-19	-7.64670e-50	1.52156e-34	-3.59240e-49	1.12308e-18	5.48352e-51	-8.66536e-20	-2.77180e-50	-4.07562e-35	-1.10434e-49	3.45244e-19	-1.46880e-51	-2.51420e-20	-8.04219e-51	1.08685e-35	-3.10135e-50	9.69564e-20	3.91681e-52	-8.15552e-21	-2.60871e-51	-2.71792e-36	-7.41064e-51	2.31676e-20	-9.79236e-53	-7.92088e-24	-2.53366e-54	3.14099e-39	-3.95891e-57	1.43699e-26	1.33492e-56
2.44111e-30	-1.09848e-12	-1.88282e-30	2.35610e-14	5.77072e-32	-3.52048e-15	-3.51426e-31	-2.05297e-10	5.04511e-31	5.56441e-10	1.46292e-30	9.43328e-16	-1.14840e-31	-6.33752e-10	-1.35222e-31	2.32729e-09	4.35754e-31	-2.52836e-16	-3.26871e-32	-2.21839e-09	3.63784e-32	8.33359e-09	1.24037e-31	6.80149e-17	-9.01915e-33	-8.46136e-09	-1.02912e-32	3.03316e-08	3.60969e-32	-1.92241e-17	-2.78474e-33	-2.92409e-08	2.75759e-33	1.09876e-07	1.05451e-32	5.15119e-18	-7.92141e-34	-1.03009e-07	-7.39140e-34	3.88736e-07	2.99279e-33	-1.38071e-18	-2.23899e-34	-3.65172e-07	1.98966e-34	1.37466e-06	8.50099e-34	3.71643e-19	-6.14838e-35	-1.40092e-06	-5.67259e-35	5.00757e-06	2.48354e-34	-1.05863e-19	-1.92400e-35	-4.17864e-06	1.52001e-35	1.73099e-05	7.28883e-35	2.83668e-20	-5.47623e-36	2.94867e-05	-4.07445e-36	-3.13783e-08	2.06918e-35	-7.60380e-21	-1.54719e-36	-4.15182e-06	1.09769e-36	-1.74293e-05	5.88026e-36	2.04839e-21	-4.22107e-37	-1.30877e-06	-3.16324e-37	-5.38619e-06	1.72770e-36	-5.89770e-22	-1.34637e-37	-4.20752e-07	8.47616e-38	-1.59530e-06	5.10362e-37	1.58034e-22	-3.83533e-38	-1.19900e-07	-2.27226e-38	-4.53110e-07	1.44938e-37	-4.23649e-23	-1.08293e-38	-3.38553e-08	6.12875e-39	-1.28852e-07	4.12161e-38	1.14259e-23	-2.92613e-39	-9.14783e-09	-1.79243e-39	-3.81653e-08	1.22080e-38	-3.33874e-24	-9.59325e-40	-2.99910e-09	4.80301e-40	-1.13781e-08	3.63952e-39	8.94650e-25	-2.73596e-40	-8.55332e-10	-1.28772e-40	-3.23296e-09	1.03413e-39	-2.39861e-25	-7.71867e-41	-2.41306e-10	3.47877e-41	-9.20203e-10	2.94346e-40	6.47939e-26	-2.05602e-41	-6.42765e-11	-1.03787e-41	-2.75653e-10	8.81735e-41	-1.93147e-26	-7.00989e-42	-2.19147e-11	2.78112e-42	-8.32373e-11	2.66252e-41	5.17562e-27	-2.00241e-42	-6.26005e-12	-7.45756e-43	-2.36681e-11	7.57074e-42	-1.38784e-27	-5.64248e-43	-1.76398e-12	2.01906e-43	-6.74531e-12	2.15763e-42	3.75719e-28	-1.47050e-43	-4.59717e-13	-6.18686e-44	-2.05317e-12	6.56748e-43	-1.15040e-28	-5.30718e-44	-1.65916e-13	1.65788e-44	-6.31200e-13	2.01903e-43	3.08269e-29	-1.51937e-44	-4.74996e-14	-4.44662e-45	-1.79659e-13	5.74679e-44	-8.26808e-30	-4.27379e-45	-1.33610e-14	1.20765e-45	-5.12986e-14	1.64089e-44	2.24541e-30	-1.07402e-45	-3.35766e-15	-3.83990e-46	-1.59928e-14	5.11564e-45	-7.13569e-31	-4.23473e-46	-1.32389e-15	1.02900e-46	-5.04821e-15	1.61478e-45	1.91616e-31	-1.21616e-46	-3.80202e-16	-2.76092e-47	-1.43903e-15	4.60304e-46	-5.28948e-32	-3.41001e-47	-1.06606e-16	7.53720e-48	-4.12241e-16	1.31864e-46	1.99632e-32	-7.93683e-48	-2.48126e-17	-2.53955e-48	-1.34133e-16	4.29053e-47	-2.69578e-32	-3.70314e-48	-1.15770e-17	6.80502e-49	-4.43112e-17	1.41739e-47	1.14576e-31	-1.06981e-48	-3.34451e-18	-1.82457e-49	-1.26539e-17	4.04763e-48	-4.31347e-31	-3.01075e-49	-9.41238e-19	4.93269e-50	-3.61365e-18	1.15590e-48	1.61081e-30	-7.64670e-50	-2.39056e-19	-1.48502e-50	-1.12308e-18	3.59240e-49	-6.01190e-30	-2.77180e-50	-8.66536e-20	3.97775e-51	-3.45244e-19	1.10434e-49	2.56659e-29	-8.04219e-51	-2.51420e-20	-1.06075e-51	-9.69564e-20	3.10135e-50	-9.66517e-29	-2.60871e-51	-8.15552e-21	2.65263e-52	-2.31676e-20	7.41064e-51	3.60941e-28	-2.53366e-54	-7.92088e-24	-2.98940e-55	-1.45115e-26	4.59651e-57	-1.34711e-27
-1.85957e-14	1.81525e-30	3.62424e-13	-4.43117e-32	-4.58786e-16	1.60735e-32	2.67922e-15	-2.61484e-31	-1.73736e-10	-1.08847e-30	-1.11526e-14	-4.30698e-33	8.75467e-16	-8.54444e-32	6.94582e-10	-3.24212e-31	-3.32188e-15	1.15438e-33	2.49184e-16	-2.43200e-32	-2.60459e-09	-9.22868e-32	-9.45574e-16	-3.10538e-34	6.87557e-17	-6.71047e-33	9.72378e-09	-2.68570e-32	-2.75177e-16	8.77719e-35	2.12289e-17	-2.07191e-33	-3.84539e-08	-7.84582e-33	-8.03886e-17	-2.35190e-35	6.03873e-18	-5.89373e-34	1.44092e-07	-2.22671e-33	-2.28149e-17	6.30394e-36	1.70685e-18	-1.66586e-34	-5.37914e-07	-6.32494e-34	-6.48056e-18	-1.69682e-36	4.68709e-19	-4.57454e-35	2.00756e-06	-1.84781e-34	-1.89328e-18	4.83344e-37	1.46672e-19	-1.43150e-35	-8.01027e-06	-5.42307e-35	-5.55650e-19	-1.29515e-37	4.17469e-20	-4.07445e-36	3.00335e-05	-1.53952e-35	-1.57740e-19	3.47169e-38	1.17947e-20	-1.15115e-36	-8.09130e-06	-4.37506e-36	-4.48270e-20	-9.35241e-39	3.21785e-21	-3.14058e-37	2.33168e-06	-1.28545e-36	-1.31708e-20	2.69273e-39	1.02638e-21	-1.00173e-37	-6.24793e-07	-3.79722e-37	-3.89065e-21	-7.21539e-40	2.92379e-22	-2.85358e-38	1.67492e-07	-1.07837e-37	-1.10491e-21	1.93427e-40	8.25553e-23	-8.05729e-39	-4.51762e-08	-3.06658e-38	-3.14203e-22	-5.21676e-41	2.23067e-23	-2.17711e-39	1.32123e-08	-9.08302e-39	-9.30650e-23	1.52438e-41	7.31323e-24	-7.13761e-40	-3.54039e-09	-2.70789e-39	-2.77452e-23	-4.08473e-42	2.08571e-24	-2.03562e-40	9.49203e-10	-7.69419e-40	-7.88349e-24	1.09514e-42	5.88418e-25	-5.74288e-41	-2.56427e-10	-2.19001e-40	-2.24389e-24	-2.95832e-43	1.56737e-25	-1.52973e-41	7.65035e-11	-6.56032e-41	-6.72173e-25	8.81855e-44	5.34385e-26	-5.21553e-42	-2.05001e-11	-1.98098e-41	-2.02972e-25	-2.36305e-44	1.52650e-26	-1.48984e-42	5.49711e-12	-5.63281e-42	-5.77140e-26	6.33648e-45	4.30143e-27	-4.19814e-43	-1.48829e-12	-1.60533e-42	-1.64482e-26	-1.71543e-45	1.12101e-27	-1.09409e-43	4.56045e-13	-4.88637e-43	-5.00659e-27	5.25239e-46	4.04583e-28	-3.94868e-44	-1.22206e-13	-1.50221e-43	-1.53917e-27	-1.40747e-46	1.15827e-28	-1.13045e-44	3.27768e-14	-4.27575e-44	-4.38095e-28	3.77498e-47	3.25804e-29	-3.17980e-45	-8.90182e-15	-1.22087e-44	-1.25090e-28	-1.02518e-47	8.18756e-30	-7.99095e-46	2.83046e-15	-3.80616e-45	-3.89980e-29	3.25755e-48	3.22826e-30	-3.15074e-46	-7.58493e-16	-1.20143e-45	-1.23099e-29	-8.72942e-49	9.27113e-31	-9.04851e-47	2.03513e-16	-3.42477e-46	-3.50903e-30	2.34220e-49	2.59956e-31	-2.53713e-47	-5.55581e-17	-9.81100e-47	-1.00524e-30	-6.39380e-50	6.05048e-32	-5.90519e-48	1.87195e-17	-3.19226e-47	-3.27080e-31	2.15320e-50	2.82302e-32	-2.75523e-48	-5.01611e-18	-1.05457e-47	-1.08052e-31	-5.76974e-51	8.15549e-33	-7.95965e-49	1.34493e-18	-3.01153e-48	-3.08563e-32	1.54699e-51	2.29519e-33	-2.24007e-49	-3.63597e-19	-8.60020e-49	-8.81180e-33	-4.18220e-52	5.82931e-34	-5.68933e-50	1.09464e-19	-2.67283e-49	-2.73859e-33	1.25889e-52	2.11303e-34	-2.06229e-50	-2.93207e-20	-8.21653e-50	-8.41869e-34	-3.37202e-53	6.13080e-35	-5.98358e-51	7.81901e-21	-2.30748e-50	-2.36426e-34	8.99204e-54	1.98870e-35	-1.94095e-51	-1.95530e-21	-5.51370e-51	-5.64936e-35	-2.24801e-54	1.93430e-38	-1.88511e-54	2.20354e-24	-3.43794e-57	-3.50405e-41	-4.24325e-60
9.22368e-30	-4.15060e-12	-7.11421e-30	8.90249e-14	2.18046e-31	-1.33021e-14	-1.32786e-30	-7.75712e-10	1.90629e-30	2.10250e-09	5.52763e-30	3.56435e-15	-4.33923e-31	-2.39462e-09	-5.10935e-31	8.79363e-09	1.64649e-30	-9.55335e-16	-1.23508e-31	-8.38215e-09	1.37455e-31	3.14883e-08	4.68673e-31	2.56993e-16	-3.40787e-32	-3.19711e-08	-3.88852e-32	1.14607e-07	1.36391e-31	-7.26377e-17	-1.05221e-32	-1.10486e-07	1.04195e-32	4.15166e-07	3.98445e-32	1.94637e-17	-2.99309e-33	-3.89223e-07	-2.79282e-33	1.46884e-06	1.13082e-32	-5.21698e-18	-8.45999e-34	-1.38012e-06	7.51791e-34	5.19458e-06	3.21208e-33	1.40425e-18	-2.32315e-34	-5.31567e-06	-2.14338e-34	1.89520e-05	9.38400e-34	-4.00003e-19	-7.26980e-35	-1.74208e-05	5.74333e-35	6.76610e-05	2.75407e-34	1.07183e-19	-2.06918e-35	-3.13783e-08	-1.53952e-35	1.54432e-04	7.81837e-35	-2.87308e-20	-5.84604e-36	1.73017e-05	4.14761e-36	6.80449e-05	2.22185e-35	7.73981e-21	-1.59492e-36	4.96444e-06	-1.19522e-36	2.03603e-05	6.52808e-36	-2.22843e-21	-5.08725e-37	1.58806e-06	3.20270e-37	6.02029e-06	1.92839e-36	5.97127e-22	-1.44917e-37	4.52440e-07	-8.58568e-38	1.70979e-06	5.47645e-37	-1.60075e-22	-4.09184e-38	1.27751e-07	2.31574e-38	4.86215e-07	1.55734e-37	4.31726e-23	-1.10563e-38	3.45187e-08	-6.77266e-39	1.44014e-07	4.61276e-38	-1.26154e-23	-3.62479e-39	1.13169e-08	1.81481e-39	4.29344e-08	1.37519e-38	3.38042e-24	-1.03378e-39	3.22754e-09	-4.86563e-40	1.21993e-08	3.90744e-39	-9.06310e-25	-2.91649e-40	9.10550e-10	1.31445e-40	3.47232e-09	1.11218e-39	2.44823e-25	-7.76863e-41	2.42543e-10	-3.92158e-41	1.04016e-09	3.33162e-40	-7.29801e-26	-2.64867e-41	8.26937e-11	1.05084e-41	3.14090e-10	1.00603e-40	1.95560e-26	-7.56606e-42	2.36218e-11	-2.81783e-42	8.93098e-11	2.86059e-41	-5.24391e-27	-2.13200e-42	6.65627e-12	7.62899e-43	2.54529e-11	8.15256e-42	1.41965e-27	-5.55627e-43	1.73471e-12	-2.33769e-43	7.74747e-12	2.48151e-42	-4.34675e-28	-2.00531e-43	6.26074e-13	6.26427e-44	2.38179e-12	7.62886e-43	1.16479e-28	-5.74093e-44	1.79236e-13	-1.68015e-44	6.77932e-13	2.17141e-43	-3.12407e-29	-1.61484e-44	5.04167e-14	4.56309e-45	1.93572e-13	6.20009e-44	8.48406e-30	-4.05815e-45	1.26699e-14	-1.45090e-45	6.03477e-14	1.93293e-44	-2.69552e-30	-1.60008e-45	4.99559e-15	3.88805e-46	1.90491e-14	6.10140e-45	7.20833e-31	-4.59523e-46	1.43467e-15	-1.04321e-46	5.43007e-15	1.73925e-45	-1.87815e-31	-1.28847e-46	4.02270e-16	2.84792e-47	1.55556e-15	4.98245e-46	3.04266e-32	-2.99891e-47	9.36285e-17	-9.59564e-48	5.06142e-16	1.62117e-46	6.61086e-32	-1.39923e-47	4.36849e-17	2.57126e-48	1.67205e-16	5.35557e-47	-4.22802e-31	-4.04226e-48	1.26202e-17	-6.89411e-49	4.77487e-17	1.52939e-47	1.62510e-30	-1.13761e-48	3.55170e-18	1.86381e-49	1.36359e-17	4.36756e-48	-6.07759e-30	-2.88929e-49	9.02059e-19	-5.61114e-50	4.23785e-18	1.35738e-48	2.26853e-29	-1.04732e-49	3.26981e-19	1.50299e-50	1.30275e-18	4.17271e-49	-9.68484e-29	-3.03873e-50	9.48714e-20	-4.00804e-51	3.65858e-19	1.17184e-49	3.64708e-28	-9.85698e-51	3.07743e-20	1.00229e-51	8.74212e-20	2.80010e-50	-1.36198e-27	-9.57339e-54	2.98889e-23	-1.12954e-54	5.47580e-26	1.73678e-56	5.08323e-27
4.13977e-12	-9.26853e-30	-7.28924e-14	1.55852e-31	8.90272e-14	-2.64547e-30	7.75713e-10	1.32720e-30	1.95319e-14	5.52672e-30	2.10250e-09	7.08865e-31	2.39462e-09	4.33913e-31	-5.23506e-15	1.64647e-30	8.79363e-09	-1.89994e-31	8.38215e-09	1.23507e-31	1.40837e-15	4.68672e-31	3.14883e-08	5.11099e-32	3.19711e-08	3.40787e-32	-3.98419e-16	1.36391e-31	1.14607e-07	-1.44459e-32	1.10486e-07	1.05221e-32	1.06759e-16	3.98445e-32	4.15166e-07	3.87087e-33	3.89223e-07	2.99309e-33	-2.86154e-17	1.13082e-32	1.46884e-06	-1.03754e-33	1.38012e-06	8.45999e-34	7.70287e-18	3.21208e-33	5.19458e-06	2.79272e-34	5.31567e-06	2.32315e-34	-2.19611e-18	9.38400e-34	1.89520e-05	-7.95512e-35	1.74208e-05	7.26980e-35	5.88463e-19	2.75407e-34	6.76610e-05	2.13163e-35	3.13783e-08	2.06918e-35	-1.57740e-19	7.81837e-35	1.54432e-04	-5.71388e-36	-1.73017e-05	5.84604e-36	4.24966e-20	2.22185e-35	6.80449e-05	1.53927e-36	-4.96444e-06	1.59492e-36	-1.22463e-20	6.52808e-36	2.03603e-05	-4.43183e-37	-1.58806e-06	5.08725e-37	3.28150e-21	1.92839e-36	6.02029e-06	1.18755e-37	-4.52440e-07	1.44917e-37	-8.79692e-22	5.47645e-37	1.70979e-06	-3.18351e-38	-1.27751e-07	4.09184e-38	2.37271e-22	1.55734e-37	4.86215e-07	8.58601e-39	-3.45187e-08	1.10563e-38	-6.93930e-23	4.61276e-38	1.44014e-07	-2.50890e-39	-1.13169e-08	3.62479e-39	1.85946e-23	1.37519e-38	4.29344e-08	6.72286e-40	-3.22754e-09	1.03378e-39	-4.98534e-24	3.90744e-39	1.21993e-08	-1.80244e-40	-9.10550e-10	2.91649e-40	1.34679e-24	1.11218e-39	3.47232e-09	4.86895e-41	-2.42543e-10	7.76863e-41	-4.01806e-25	3.33162e-40	1.04016e-09	-1.45140e-41	-8.26937e-11	2.64867e-41	1.07670e-25	1.00603e-40	3.14090e-10	3.88923e-42	-2.36218e-11	7.56606e-42	-2.88715e-26	2.86059e-41	8.93098e-11	-1.04289e-42	-6.65627e-12	2.13200e-42	7.81669e-27	8.15256e-42	2.54529e-11	2.82334e-43	-1.73471e-12	5.55627e-43	-2.39521e-27	2.48151e-42	7.74747e-12	-8.64466e-44	-6.26074e-13	2.00531e-43	6.41840e-28	7.62886e-43	2.38179e-12	2.31649e-44	-1.79236e-13	5.74093e-44	-1.72148e-28	2.17141e-43	6.77932e-13	-6.21305e-45	-5.04167e-14	1.61484e-44	4.67536e-29	6.20009e-44	1.93572e-13	1.68730e-45	-1.26699e-14	4.05815e-45	-1.48660e-29	1.93293e-44	6.03477e-14	-5.36144e-46	-4.99559e-15	1.60008e-45	3.98371e-30	6.10140e-45	1.90491e-14	1.43673e-46	-1.43467e-15	4.59523e-46	-1.06888e-30	1.73925e-45	5.43007e-15	-3.85491e-47	-4.02270e-16	1.28847e-46	2.91798e-31	4.98245e-46	1.55556e-15	1.05232e-47	-9.36285e-17	2.99891e-47	-9.83173e-32	1.62117e-46	5.06142e-16	-3.54384e-48	-4.36849e-17	1.39923e-47	2.63453e-32	5.35557e-47	1.67205e-16	9.49614e-49	-1.26202e-17	4.04226e-48	-7.06373e-33	1.52939e-47	4.77487e-17	-2.54612e-49	-3.55170e-18	1.13761e-48	1.90966e-33	4.36756e-48	1.36359e-17	6.88328e-50	-9.02059e-19	2.88929e-49	-5.74919e-34	1.35738e-48	4.23785e-18	-2.07194e-50	-3.26981e-19	1.04732e-49	1.53996e-34	4.17271e-49	1.30275e-18	5.54984e-51	-9.48714e-20	3.03873e-50	-4.10665e-35	1.17184e-49	3.65858e-19	-1.47996e-51	-3.07743e-20	9.85698e-51	1.02694e-35	2.80010e-50	8.74212e-20	3.70003e-52	-2.98889e-23	9.57339e-54	-1.12788e-38	1.49587e-56	5.42237e-26	-5.04397e-56
-6.71399e-31	3.44786e-15	1.60428e-32	8.11824e-19	-1.96712e-32	4.24183e-15	9.70829e-32	-4.87102e-16	-4.29876e-33	-2.03010e-15	-4.04030e-31	-7.05725e-12	3.17129e-32	-1.59445e-16	1.15218e-33	-6.05031e-16	-1.20331e-31	2.82248e-11	9.02629e-33	-4.53862e-17	-3.09967e-34	-1.72227e-16	-3.42519e-32	-1.05842e-10	2.49057e-33	-1.25232e-17	8.76878e-35	-5.01209e-17	-9.96786e-33	3.95142e-10	7.68983e-34	-3.86663e-18	-2.34964e-35	-1.46420e-17	-2.91195e-33	-1.56108e-09	2.18744e-34	-1.09990e-18	6.29794e-36	-4.15551e-18	-8.26434e-34	5.84916e-09	6.18280e-35	-3.10886e-19	-1.69532e-36	-1.18037e-18	-2.34748e-34	-2.18356e-08	1.69783e-35	-8.53708e-20	4.83341e-37	-3.44842e-19	-6.85809e-35	8.14931e-08	5.31297e-36	-2.67149e-20	-1.29515e-37	-1.01206e-19	-2.01275e-35	-3.24830e-07	1.51222e-36	-7.60380e-21	3.47169e-38	-2.87308e-20	-5.71388e-36	1.21783e-06	4.27245e-37	-2.14829e-21	-9.35304e-39	-8.16480e-21	-1.62379e-36	-3.28071e-07	1.16562e-37	-5.86100e-22	2.69528e-39	-2.39893e-21	-4.77091e-37	9.44576e-08	3.71790e-38	-1.86945e-22	-7.22223e-40	-7.08643e-22	-1.40933e-37	-2.53107e-08	1.05910e-38	-5.32540e-23	1.93611e-40	-2.01248e-22	-4.00235e-38	6.78517e-09	2.99044e-39	-1.50366e-23	-5.22209e-41	-5.72290e-23	-1.13815e-38	-1.82997e-09	8.08026e-40	-4.06295e-24	1.52726e-41	-1.69509e-23	-3.37113e-39	5.34733e-10	2.64910e-40	-1.33203e-24	-4.09247e-42	-5.05351e-24	-1.00502e-39	-1.43287e-10	7.55514e-41	-3.79891e-25	1.09722e-42	-1.43590e-24	-2.85567e-40	3.84162e-11	2.13145e-41	-1.07175e-25	-2.96413e-43	-4.08703e-25	-8.12814e-41	-1.03774e-11	5.67754e-42	-2.85481e-26	8.84333e-44	-1.22430e-25	-2.43484e-41	3.09344e-12	1.93573e-42	-9.73330e-27	-2.36969e-44	-3.69693e-26	-7.35234e-42	-8.28929e-13	5.52949e-43	-2.78036e-27	6.35432e-45	-1.05120e-26	-2.09060e-42	2.22276e-13	1.55813e-43	-7.83464e-28	-1.72037e-45	-2.99589e-27	-5.95812e-43	-6.01752e-14	4.06068e-44	-2.04181e-28	5.27160e-46	-9.11902e-28	-1.81356e-43	1.84247e-14	1.46554e-44	-7.36908e-29	-1.41262e-46	-2.80344e-28	-5.57539e-44	-4.93724e-15	4.19563e-45	-2.10967e-29	3.78880e-47	-7.97947e-29	-1.58693e-44	1.32422e-15	1.18017e-45	-5.93421e-30	-1.02900e-47	-2.27840e-29	-4.53120e-45	-3.59622e-16	2.96581e-46	-1.49133e-30	3.27184e-48	-7.10298e-30	-1.41264e-45	1.14271e-16	1.16939e-46	-5.88136e-31	-8.76772e-49	-2.24162e-30	-4.45908e-46	-3.06217e-17	3.35832e-47	-1.69354e-31	2.35248e-49	-6.37292e-31	-1.27109e-46	8.21615e-18	9.41648e-48	-4.91090e-32	-6.42217e-50	-1.76534e-31	-3.64132e-47	-2.24287e-18	2.19169e-48	-1.95752e-32	2.16386e-50	-3.31697e-32	-1.18480e-47	7.55315e-19	1.02259e-48	-3.36307e-32	-5.79831e-51	8.53316e-32	-3.91400e-48	-2.02395e-19	2.95420e-49	-1.01014e-31	1.55465e-51	3.69306e-31	-1.11772e-48	5.42665e-20	8.31395e-50	-3.55327e-31	-4.20296e-52	1.32841e-30	-3.19194e-49	-1.46706e-20	2.11158e-50	-1.51960e-30	1.26534e-52	5.06458e-30	-9.92012e-50	4.41602e-21	7.65410e-51	-5.02280e-30	-3.38930e-53	1.95789e-29	-3.04954e-50	-1.18286e-21	2.22079e-51	-1.75502e-29	9.03829e-54	6.95813e-29	-8.56415e-51	3.15431e-22	7.20376e-52	-5.88669e-29	-2.26021e-54	2.41328e-28	-2.04639e-51	-7.88604e-23	6.99650e-55	-3.95441e-31	2.54716e-57	5.49952e-28	-1.26929e-57	1.10975e-26
-3.09544e-13	6.93037e-31	5.45039e-15	-1.16536e-32	-6.65684e-15	1.97810e-31	-5.80025e-11	-9.92387e-32	-1.46046e-15	-4.13250e-31	-1.57210e-10	-5.30041e-32	-1.79053e-10	-3.24450e-32	3.91442e-16	-1.23112e-31	-6.57527e-10	1.42064e-32	-6.26760e-10	-9.23504e-33	-1.05308e-16	-3.50441e-32	-2.35448e-09	-3.82165e-33	-2.39058e-09	-2.54817e-33	2.97911e-17	-1.01984e-32	-8.56956e-09	1.08017e-33	-8.26142e-09	-7.86768e-34	-7.98268e-18	-2.97930e-33	-3.10433e-08	-2.89437e-34	-2.91036e-08	-2.23803e-34	2.13966e-18	-8.45549e-34	-1.09830e-07	7.75798e-35	-1.03208e-07	-6.32580e-35	-5.75968e-19	-2.40177e-34	-3.88432e-07	-2.08820e-35	-3.98301e-07	-1.73709e-35	1.64210e-19	-7.01671e-35	-1.41825e-06	5.94829e-36	-1.36336e-06	-5.43585e-36	-4.40013e-20	-2.05931e-35	-5.14322e-06	-1.59388e-36	-4.15182e-06	-1.54719e-36	1.17947e-20	-5.84604e-36	-1.73017e-05	4.27245e-37	2.95419e-05	-4.37127e-37	-3.17760e-21	-1.66134e-36	2.12387e-07	-1.15096e-37	-3.94418e-06	-1.19257e-37	9.15694e-22	-4.88125e-37	1.81449e-05	3.31382e-38	-1.48310e-06	-3.80389e-38	-2.45368e-22	-1.44192e-37	5.64797e-06	-8.87965e-39	-4.25412e-07	-1.08359e-38	6.57774e-23	-4.09492e-38	1.60802e-06	2.38041e-39	-1.20161e-07	-3.05960e-39	-1.77415e-23	-1.16447e-38	4.57334e-07	-6.42003e-40	-3.24685e-08	-8.26715e-40	5.18873e-24	-3.44910e-39	1.35460e-07	1.87598e-40	-1.06447e-08	-2.71037e-40	-1.39037e-24	-1.02827e-39	4.03844e-08	-5.02689e-41	-3.03584e-09	-7.72988e-41	3.72770e-25	-2.92172e-40	1.14748e-08	1.34774e-41	-8.56470e-10	-2.18075e-41	-1.00703e-25	-8.31613e-41	3.26609e-09	-3.64066e-42	-2.28138e-10	-5.80885e-42	3.00443e-26	-2.49116e-41	9.78380e-10	1.08526e-42	-7.77823e-11	-1.98050e-42	-8.05079e-27	-7.52239e-42	2.95435e-10	-2.90810e-43	-2.22189e-11	-5.65738e-43	2.15882e-27	-2.13895e-42	8.40054e-11	7.79802e-44	-6.26093e-12	-1.59416e-43	-5.84478e-28	-6.09592e-43	2.39412e-11	-2.11110e-44	-1.63168e-12	-4.15460e-44	1.79097e-28	-1.85550e-43	7.28733e-12	6.46388e-45	-5.88889e-13	-1.49943e-44	-4.79924e-29	-5.70434e-44	2.24033e-12	-1.73211e-45	-1.68591e-13	-4.29267e-45	1.28721e-29	-1.62363e-44	6.37668e-13	4.64569e-46	-4.74223e-14	-1.20747e-45	-3.49591e-30	-4.63600e-45	1.82075e-13	-1.26165e-46	-1.19174e-14	-3.03441e-46	1.11157e-30	-1.44531e-45	5.67635e-14	4.00892e-47	-4.69889e-15	-1.19643e-46	-2.97874e-31	-4.56221e-46	1.79177e-14	-1.07429e-47	-1.34946e-15	-3.43600e-47	7.99232e-32	-1.30049e-46	5.10756e-15	2.88244e-48	-3.78378e-16	-9.63427e-48	-2.18187e-32	-3.72554e-47	1.46317e-15	-7.86856e-49	-8.80676e-17	-2.24238e-48	7.35149e-33	-1.21220e-47	4.76081e-16	2.64984e-49	-4.10903e-17	-1.04624e-48	-1.96992e-33	-4.00452e-48	1.57274e-16	-7.10056e-50	-1.18707e-17	-3.02252e-49	5.28177e-34	-1.14357e-48	4.49128e-17	1.90381e-50	-3.34075e-18	-8.50624e-50	-1.42791e-34	-3.26576e-49	1.28260e-17	-5.14684e-51	-8.48483e-19	-2.16041e-50	4.29885e-35	-1.01496e-49	3.98615e-18	1.54925e-51	-3.07561e-19	-7.83113e-51	-1.15148e-35	-3.12007e-50	1.22538e-18	-4.14979e-52	-8.92367e-20	-2.27215e-51	3.07069e-36	-8.76222e-51	3.44129e-19	1.10661e-52	-2.89465e-20	-7.37037e-52	-7.67958e-37	-2.09372e-51	8.22290e-20	-2.76663e-53	-2.81137e-23	-7.15832e-55	1.14236e-39	-1.11851e-57	5.10032e-26	3.77154e-57
6.89684e-31	-3.10353e-13	-5.31951e-31	6.65667e-15	1.63040e-32	-9.94636e-16	-9.92879e-32	-5.80024e-11	1.42539e-31	1.57211e-10	4.13318e-31	2.66517e-16	-3.24458e-32	-1.79053e-10	-3.82042e-32	6.57527e-10	1.23113e-31	-7.14334e-17	-9.23505e-33	-6.26759e-10	1.02779e-32	2.35448e-09	3.50441e-32	1.92162e-17	-2.54817e-33	-2.39058e-09	-2.90757e-33	8.56956e-09	1.01984e-32	-5.43135e-18	-7.86768e-34	-8.26142e-09	7.79099e-34	3.10433e-08	2.97930e-33	1.45536e-18	-2.23803e-34	-2.91036e-08	-2.08828e-34	1.09830e-07	8.45549e-34	-3.90090e-19	-6.32580e-35	-1.03208e-07	5.62137e-35	3.88432e-07	2.40177e-34	1.05000e-19	-1.73709e-35	-3.98301e-07	-1.60267e-35	1.41825e-06	7.01671e-35	-2.99095e-20	-5.43585e-36	-1.36336e-06	4.29447e-36	5.14322e-06	2.05931e-35	8.01444e-21	-1.54719e-36	-4.15182e-06	-1.15115e-36	1.73017e-05	5.84604e-36	-2.14829e-21	-4.37127e-37	2.95419e-05	3.10130e-37	-2.12387e-07	1.66134e-36	5.78730e-22	-1.19257e-37	-3.94418e-06	-8.93706e-38	-1.81449e-05	4.88125e-37	-1.66627e-22	-3.80389e-38	-1.48310e-06	2.39476e-38	-5.64797e-06	1.44192e-37	4.46491e-23	-1.08359e-38	-4.25412e-07	-6.41979e-39	-1.60802e-06	4.09492e-38	-1.19693e-23	-3.05960e-39	-1.20161e-07	1.73155e-39	-4.57334e-07	1.16447e-38	3.22815e-24	-8.26715e-40	-3.24685e-08	-5.06413e-40	-1.35460e-07	3.44910e-39	-9.43290e-25	-2.71037e-40	-1.06447e-08	1.35699e-40	-4.03844e-08	1.02827e-39	2.52764e-25	-7.72988e-41	-3.03584e-09	-3.63818e-41	-1.14748e-08	2.92172e-40	-6.77677e-26	-2.18075e-41	-8.56470e-10	9.82853e-42	-3.26609e-09	8.31613e-41	1.83062e-26	-5.80885e-42	-2.28138e-10	-2.93229e-42	-9.78380e-10	2.49116e-41	-5.45695e-27	-1.98050e-42	-7.77823e-11	7.85747e-43	-2.95435e-10	7.52239e-42	1.46226e-27	-5.65738e-43	-2.22189e-11	-2.10698e-43	-8.40054e-11	2.13895e-42	-3.92104e-28	-1.59416e-43	-6.26093e-12	5.70443e-44	-2.39412e-11	6.09592e-43	1.06151e-28	-4.15460e-44	-1.63168e-12	-1.74797e-44	-7.28733e-12	1.85550e-43	-3.25020e-29	-1.49943e-44	-5.88889e-13	4.68399e-45	-2.24033e-12	5.70434e-44	8.70950e-30	-4.29267e-45	-1.68591e-13	-1.25630e-45	-6.37668e-13	1.62363e-44	-2.33599e-30	-1.20747e-45	-4.74223e-14	3.41196e-46	-1.82075e-13	4.63600e-45	6.34474e-31	-3.03441e-46	-1.19174e-14	-1.08488e-46	-5.67635e-14	1.44531e-45	-2.01902e-31	-1.19643e-46	-4.69889e-15	2.90722e-47	-1.79177e-14	4.56221e-46	5.55145e-32	-3.43600e-47	-1.34946e-15	-7.80041e-48	-5.10756e-15	1.30049e-46	-2.01556e-32	-9.63427e-48	-3.78378e-16	2.12948e-48	-1.46317e-15	3.72554e-47	2.51078e-32	-2.24238e-48	-8.80676e-17	-7.17496e-49	-4.76081e-16	1.21220e-47	-8.02756e-32	-1.04624e-48	-4.10903e-17	1.92261e-49	-1.57274e-16	4.00452e-48	4.02539e-31	-3.02252e-49	-1.18707e-17	-5.15494e-50	-4.49128e-17	1.14357e-48	-1.52988e-30	-8.50624e-50	-3.34075e-18	1.39363e-50	-1.28260e-17	3.26576e-49	5.71698e-30	-2.16041e-50	-8.48483e-19	-4.19562e-51	-3.98615e-18	1.01496e-49	-2.13380e-29	-7.83113e-51	-3.07561e-19	1.12383e-51	-1.22538e-18	3.12007e-50	9.10963e-29	-2.27215e-51	-8.92367e-20	-2.99693e-52	-3.44129e-19	8.76222e-51	-3.43047e-28	-7.37037e-52	-2.89465e-20	7.49445e-53	-8.22290e-20	2.09372e-51	1.28109e-27	-7.15832e-55	-2.81137e-23	-8.44592e-56	-5.15058e-26	1.29865e-57	-4.78132e-27
5.00985e-15	-4.89045e-31	-9.76403e-14	1.19380e-32	1.23601e-16	-4.33036e-33	-7.21807e-16	7.04461e-32	4.68060e-11	2.93244e-31	3.00461e-15	1.16034e-33	-2.35859e-16	2.30195e-32	-1.87127e-10	8.73455e-32	8.94946e-16	-3.11000e-34	-6.71323e-17	6.55203e-33	7.01700e-10	2.48629e-32	2.54746e-16	8.36617e-35	-1.85234e-17	1.80786e-33	-2.61967e-09	7.23550e-33	7.41352e-17	-2.36465e-35	-5.71925e-18	5.58192e-34	1.03598e-08	2.11374e-33	2.16574e-17	6.33622e-36	-1.62689e-18	1.58782e-34	-3.88197e-08	5.99895e-34	6.14654e-18	-1.69834e-36	-4.59841e-19	4.48799e-35	1.44919e-07	1.70400e-34	1.74592e-18	4.57139e-37	-1.26275e-19	1.23242e-35	-5.40856e-07	4.97817e-35	5.10066e-19	-1.30217e-37	-3.95148e-20	3.85660e-36	2.15804e-06	1.46102e-35	1.49697e-19	3.48925e-38	-1.12470e-20	1.09769e-36	-8.09130e-06	4.14761e-36	4.24966e-20	-9.35304e-39	-3.17760e-21	3.10130e-37	3.02072e-05	1.17868e-36	1.20768e-20	2.51962e-39	-8.66918e-22	8.46101e-38	-8.70484e-06	3.46312e-37	3.54833e-21	-7.25446e-40	-2.76516e-22	2.69876e-38	2.33253e-06	1.02301e-37	1.04818e-21	1.94389e-40	-7.87695e-23	7.68780e-39	-6.25298e-07	2.90524e-38	2.97672e-22	-5.21109e-41	-2.22411e-23	2.17071e-39	1.68656e-07	8.26165e-39	8.46491e-23	1.40544e-41	-6.00964e-24	5.86533e-40	-4.93255e-08	2.44705e-39	2.50725e-23	-4.10681e-42	-1.97025e-24	1.92294e-40	1.32173e-08	7.29531e-40	7.47480e-24	1.10046e-42	-5.61908e-25	5.48415e-41	-3.54365e-09	2.07288e-40	2.12388e-24	-2.95041e-43	-1.58525e-25	1.54718e-41	9.57315e-10	5.90008e-41	6.04524e-25	7.96997e-44	-4.22263e-26	4.12123e-42	-2.85610e-10	1.76741e-41	1.81090e-25	-2.37580e-44	-1.43968e-26	1.40511e-42	7.65330e-11	5.33694e-42	5.46824e-26	6.36627e-45	-4.11252e-27	4.01376e-43	-2.05223e-11	1.51753e-42	1.55487e-26	-1.70711e-45	-1.15884e-27	1.13102e-43	5.55621e-12	4.32490e-43	4.43131e-27	4.62153e-46	-3.02010e-28	2.94758e-44	-1.70255e-12	1.31643e-43	1.34882e-27	-1.41504e-46	-1.08998e-28	1.06381e-44	4.56228e-13	4.04708e-44	4.14665e-28	3.79186e-47	-3.12047e-29	3.04554e-45	-1.22365e-13	1.15193e-44	1.18027e-28	-1.01701e-47	-8.77745e-30	8.56668e-46	3.32331e-14	3.28912e-45	3.37005e-29	2.76194e-48	-2.20580e-30	2.15283e-46	-1.05669e-14	1.02541e-45	1.05064e-29	-8.77613e-49	-8.69723e-31	8.48839e-47	2.83167e-15	3.23677e-46	3.31641e-30	2.35179e-49	-2.49773e-31	2.43775e-47	-7.59772e-16	9.22664e-47	9.45365e-31	-6.31010e-50	-7.00344e-32	6.83527e-48	2.07414e-16	2.64317e-47	2.70820e-31	1.72255e-50	-1.63005e-32	1.59091e-48	-6.98853e-17	8.60024e-48	8.81184e-32	-5.80091e-51	-7.60546e-33	7.42283e-49	1.87266e-17	2.84111e-48	2.91101e-32	1.55442e-51	-2.19716e-33	2.14440e-49	-5.02100e-18	8.11334e-49	8.31296e-33	-4.16773e-52	-6.18344e-34	6.03495e-50	1.35741e-18	2.31697e-49	2.37398e-33	1.12672e-52	-1.57047e-34	1.53276e-50	-4.08660e-19	7.20085e-50	7.37801e-34	-3.39155e-53	-5.69268e-35	5.55598e-51	1.09463e-19	2.21361e-50	2.26807e-34	9.08452e-54	-1.65169e-35	1.61203e-51	-2.91906e-20	6.21657e-51	6.36952e-35	-2.42254e-54	-5.35773e-36	5.22909e-52	7.29971e-21	1.48544e-51	1.52199e-35	6.05634e-55	-5.30848e-39	5.07864e-55	-8.22646e-24	9.26211e-58	9.44004e-42	1.14317e-60
2.62121e-30	-1.17953e-12	-2.02174e-30	2.52994e-14	6.19648e-32	-3.78021e-15	-3.77354e-31	-2.20444e-10	5.41734e-31	5.97495e-10	1.57086e-30	1.01293e-15	-1.23313e-31	-6.80510e-10	-1.45199e-31	2.49900e-09	4.67903e-31	-2.71490e-16	-3.50987e-32	-2.38206e-09	3.90624e-32	8.94844e-09	1.33189e-31	7.30331e-17	-9.68458e-33	-9.08563e-09	-1.10505e-32	3.25695e-08	3.87601e-32	-2.06424e-17	-2.99019e-33	-3.13984e-08	2.96105e-33	1.17983e-07	1.13231e-32	5.53124e-18	-8.50585e-34	-1.10611e-07	-7.93673e-34	4.17419e-07	3.21359e-33	-1.48258e-18	-2.40418e-34	-3.92259e-07	2.13646e-34	1.47628e-06	9.12819e-34	3.99063e-19	-6.60200e-35	-1.51411e-06	-6.09111e-35	5.39067e-06	2.66677e-34	-1.13674e-19	-2.06595e-35	-5.20576e-06	1.63216e-35	1.95807e-05	7.82660e-35	3.04597e-20	-5.88026e-36	-1.74293e-05	-4.37506e-36	6.80449e-05	2.22185e-35	-8.16480e-21	-1.66134e-36	-2.12387e-07	1.17868e-36	1.55215e-04	6.31410e-36	2.19952e-21	-4.53250e-37	1.65913e-05	-3.39662e-37	7.06844e-05	1.85517e-36	-6.33283e-22	-1.44571e-37	5.60417e-06	9.10152e-38	2.12796e-05	5.48017e-37	1.69693e-22	-4.11830e-38	1.60049e-06	-2.43990e-38	6.04881e-06	1.55631e-37	-4.54905e-23	-1.16283e-38	4.51969e-07	6.58093e-39	1.72019e-06	4.42570e-38	1.22689e-23	-3.14201e-39	1.22124e-07	-1.92467e-39	5.09511e-07	1.31087e-38	-3.58507e-24	-1.03010e-39	4.00383e-08	5.15737e-40	1.51899e-07	3.90804e-39	9.60657e-25	-2.93782e-40	1.14188e-08	-1.38273e-40	4.31604e-08	1.11043e-39	-2.57558e-25	-8.28815e-41	3.22146e-09	3.73543e-41	1.22848e-08	3.16063e-40	6.95744e-26	-2.20771e-41	8.58099e-10	-1.11445e-41	3.68000e-09	9.46789e-41	-2.07397e-26	-7.52708e-42	2.92564e-10	2.98631e-42	1.11123e-09	2.85896e-41	5.55748e-27	-2.15014e-42	8.35723e-11	-8.00778e-43	3.15972e-10	8.12930e-42	-1.49023e-27	-6.05878e-43	2.35494e-11	2.16803e-43	9.00506e-11	2.31682e-42	4.03439e-28	-1.57900e-43	6.13728e-12	-6.64333e-44	2.74100e-11	7.05203e-43	-1.23527e-28	-5.69875e-44	2.21500e-12	1.78020e-44	8.42660e-12	2.16799e-43	3.31013e-29	-1.63147e-44	6.34125e-13	-4.77468e-45	2.39847e-12	6.17078e-44	-8.87800e-30	-4.58911e-45	1.78371e-13	1.29675e-45	6.84842e-13	1.76196e-44	2.41072e-30	-1.15326e-45	4.48251e-14	-4.12320e-46	2.13506e-13	5.49306e-45	-7.64899e-31	-4.54717e-46	1.76740e-14	1.10492e-46	6.73942e-14	1.73391e-45	1.99672e-31	-1.30588e-46	5.07574e-15	-2.96462e-47	1.92112e-14	4.94265e-46	-3.37880e-32	-3.66160e-47	1.42320e-15	8.09329e-48	5.50346e-15	1.41593e-46	-6.45197e-32	-8.52240e-48	3.31251e-16	-2.72692e-48	1.79069e-15	4.60709e-47	2.91867e-31	-3.97636e-48	1.54554e-16	7.30709e-49	5.91559e-16	1.52196e-47	-1.51138e-30	-1.14874e-48	4.46495e-17	-1.95919e-49	1.68931e-16	4.34626e-48	5.75364e-30	-3.23288e-49	1.25656e-17	5.29662e-50	4.82427e-17	1.24119e-48	-2.15032e-29	-8.21087e-50	3.19142e-18	-1.59459e-50	1.49932e-17	3.85744e-49	8.02591e-29	-2.97630e-50	1.15684e-18	4.27123e-51	4.60905e-18	1.18581e-49	-3.42643e-28	-8.63554e-51	3.35648e-19	-1.13901e-51	1.29438e-18	3.33017e-50	1.29031e-27	-2.80118e-51	1.08877e-19	2.84834e-52	3.09290e-19	7.95740e-51	-4.81860e-27	-2.72059e-54	1.05745e-22	-3.20996e-55	1.93730e-25	4.93563e-57	1.79841e-26
1.17645e-12	-2.63396e-30	-2.07148e-14	4.42905e-32	2.53000e-14	-7.51796e-31	2.20444e-10	3.77167e-31	5.55062e-15	1.57060e-30	5.97493e-10	2.01447e-31	6.80510e-10	1.23311e-31	-1.48771e-15	4.67899e-31	2.49900e-09	-5.39930e-32	2.38206e-09	3.50987e-32	4.00234e-16	1.33189e-31	8.94844e-09	1.45246e-32	9.08563e-09	9.68458e-33	-1.13224e-16	3.87601e-32	3.25695e-08	-4.10529e-33	3.13984e-08	2.99019e-33	3.03390e-17	1.13231e-32	1.17983e-07	1.10003e-33	1.10611e-07	8.50585e-34	-8.13200e-18	3.21359e-33	4.17419e-07	-2.94850e-34	3.92259e-07	2.40418e-34	2.18902e-18	9.12819e-34	1.47628e-06	7.93642e-35	1.51411e-06	6.60200e-35	-6.24098e-19	2.66677e-34	5.39067e-06	-2.26071e-35	5.20576e-06	2.06595e-35	1.67231e-19	7.82660e-35	1.95807e-05	6.05772e-36	1.74293e-05	5.88026e-36	-4.48270e-20	2.22185e-35	6.80449e-05	-1.62379e-36	2.12387e-07	1.66134e-36	1.20768e-20	6.31410e-36	1.55215e-04	4.37433e-37	-1.65913e-05	4.53250e-37	-3.48019e-21	1.85517e-36	7.06844e-05	-1.25945e-37	-5.60417e-06	1.44571e-37	9.32545e-22	5.48017e-37	2.12796e-05	3.37480e-38	-1.60049e-06	4.11830e-38	-2.49993e-22	1.55631e-37	6.04881e-06	-9.04700e-39	-4.51969e-07	1.16283e-38	6.74284e-23	4.42570e-38	1.72019e-06	2.44000e-39	-1.22124e-07	3.14201e-39	-1.97203e-23	1.31087e-38	5.09511e-07	-7.12986e-40	-4.00383e-08	1.03010e-39	5.28426e-24	3.90804e-39	1.51899e-07	1.91052e-40	-1.14188e-08	2.93782e-40	-1.41675e-24	1.11043e-39	4.31604e-08	-5.12222e-41	-3.22146e-09	8.28815e-41	3.82734e-25	3.16063e-40	1.22848e-08	1.38367e-41	-8.58099e-10	2.20771e-41	-1.14187e-25	9.46789e-41	3.68000e-09	-4.12464e-42	-2.92564e-10	7.52708e-42	3.05978e-26	2.85896e-41	1.11123e-09	1.10525e-42	-8.35723e-11	2.15014e-42	-8.20480e-27	8.12930e-42	3.15972e-10	-2.96372e-43	-2.35494e-11	6.05878e-43	2.22137e-27	2.31682e-42	9.00506e-11	8.02346e-44	-6.13728e-12	1.57900e-43	-6.80678e-28	7.05203e-43	2.74100e-11	-2.45666e-44	-2.21500e-12	5.69875e-44	1.82400e-28	2.16799e-43	8.42660e-12	6.58307e-45	-6.34125e-13	1.63147e-44	-4.89216e-29	6.17078e-44	2.39847e-12	-1.76564e-45	-1.78371e-13	4.58911e-45	1.32866e-29	1.76196e-44	6.84842e-13	4.79501e-46	-4.48251e-14	1.15326e-45	-4.22465e-30	5.49306e-45	2.13506e-13	-1.52363e-46	-1.76740e-14	4.54717e-46	1.13210e-30	1.73391e-45	6.73942e-14	4.08295e-47	-5.07574e-15	1.30588e-46	-3.03756e-31	4.94265e-46	1.92112e-14	-1.09550e-47	-1.42320e-15	3.66160e-47	8.29241e-32	1.41593e-46	5.50346e-15	2.99053e-48	-3.31251e-16	8.52240e-48	-2.79401e-32	4.60709e-47	1.79069e-15	-1.00710e-48	-1.54554e-16	3.97636e-48	7.48687e-33	1.52196e-47	5.91559e-16	2.69864e-49	-4.46495e-17	1.14874e-48	-2.00739e-33	4.34626e-48	1.68931e-16	-7.23563e-50	-1.25656e-17	3.23288e-49	5.42693e-34	1.24119e-48	4.82427e-17	1.95611e-50	-3.19142e-18	8.21087e-50	-1.63382e-34	3.85744e-49	1.49932e-17	-5.88810e-51	-1.15684e-18	2.97630e-50	4.37631e-35	1.18581e-49	4.60905e-18	1.57717e-51	-3.35648e-19	8.63554e-51	-1.16703e-35	3.33017e-50	1.29438e-18	-4.20579e-52	-1.08877e-19	2.80118e-51	2.91814e-36	7.95740e-51	3.09290e-19	1.05148e-52	-1.05745e-22	2.72059e-54	-2.24710e-39	4.25099e-57	1.91839e-25	-1.43341e-56
1.80869e-31	-9.28822e-16	-4.32179e-33	-2.18698e-19	5.29923e-33	-1.14271e-15	-2.61532e-32	1.31221e-16	1.15804e-33	5.46889e-16	1.08842e-31	1.90116e-12	-8.54315e-33	4.29529e-17	-3.10387e-34	1.62990e-16	3.24160e-32	-7.60349e-12	-2.43160e-33	1.22266e-17	8.35022e-35	4.63963e-17	9.22715e-33	2.85128e-11	-6.70936e-34	3.37363e-18	-2.36223e-35	1.35021e-17	2.68525e-33	-1.06448e-10	-2.07157e-34	1.04163e-18	6.32972e-36	3.94442e-18	7.84452e-34	4.20539e-10	-5.89275e-35	2.96302e-19	-1.69661e-36	1.11946e-18	2.22634e-34	-1.57571e-09	-1.66559e-35	8.37498e-20	4.56703e-37	3.17981e-19	6.32389e-35	5.88230e-09	-4.57378e-36	2.29981e-20	-1.30208e-37	9.28971e-20	1.84751e-35	-2.19535e-08	-1.43126e-36	7.19675e-21	3.48900e-38	2.72640e-20	5.42217e-36	8.75060e-08	-4.07377e-37	2.04839e-21	-9.35241e-39	7.73981e-21	1.53927e-36	-3.28071e-07	-1.15096e-37	5.78730e-22	2.51962e-39	2.19952e-21	4.37433e-37	1.22478e-06	-3.14006e-38	1.57890e-22	-7.26083e-40	6.46249e-22	1.28524e-37	-3.52636e-07	-1.00157e-38	5.03613e-23	1.94560e-40	1.90902e-22	3.79659e-38	9.44917e-08	-2.85311e-39	1.43461e-23	-5.21570e-41	5.42143e-23	1.07819e-38	-2.53309e-08	-8.05595e-40	4.05073e-24	1.40678e-41	1.54170e-23	3.06607e-39	6.83179e-09	-2.17675e-40	1.09452e-24	-4.11431e-42	4.56641e-24	9.08152e-40	-1.99630e-09	-7.13643e-41	3.58837e-25	1.10247e-42	1.36137e-24	2.70744e-40	5.34930e-10	-2.03528e-41	1.02339e-25	-2.95581e-43	3.86818e-25	7.69291e-41	-1.43418e-10	-5.74193e-42	2.88718e-26	7.98510e-44	1.10101e-25	2.18964e-41	3.87417e-11	-1.52948e-42	7.69058e-27	-2.38231e-44	3.29814e-26	6.55924e-42	-1.15486e-11	-5.21466e-43	2.62206e-27	6.38373e-45	9.95920e-27	1.98065e-42	3.09462e-12	-1.48959e-43	7.49004e-28	-1.71179e-45	2.83185e-27	5.63188e-43	-8.29816e-13	-4.19744e-44	2.11058e-28	4.63452e-46	8.07064e-28	1.60506e-43	2.24650e-13	-1.09391e-44	5.50044e-29	-1.42012e-46	2.45658e-28	4.88556e-44	-6.87846e-14	-3.94802e-45	1.98516e-29	3.80547e-47	7.55220e-29	1.50196e-44	1.84321e-14	-1.13026e-45	5.68326e-30	-1.02067e-47	2.14959e-29	4.27504e-45	-4.94366e-15	-3.17928e-46	1.59865e-30	2.77202e-48	6.13766e-30	1.22066e-45	1.34256e-15	-7.98962e-47	4.01893e-31	-8.81402e-49	1.91301e-30	3.80553e-46	-4.26604e-16	-3.15022e-47	1.58922e-31	2.36194e-49	6.02075e-31	1.20123e-46	1.14319e-16	-9.04700e-48	4.73175e-32	-6.33737e-50	1.65293e-31	3.42420e-47	-3.06731e-17	-2.53671e-48	1.93280e-32	1.73007e-50	2.48315e-32	9.80937e-48	8.37323e-18	-5.90421e-49	3.49062e-32	-5.82923e-51	-8.25276e-32	3.19173e-48	-2.81980e-18	-2.75477e-49	1.07742e-31	1.56201e-51	-3.86737e-31	1.05439e-48	7.55597e-19	-7.95833e-50	3.71969e-31	-4.18809e-52	-1.39819e-30	3.01103e-49	-2.02592e-19	-2.23970e-50	1.32508e-30	1.13224e-52	-4.96489e-30	8.59877e-50	5.47694e-20	-5.68839e-51	5.67271e-30	-3.40870e-53	-1.89092e-29	2.67239e-50	-1.64862e-20	-2.06194e-51	1.87513e-29	9.13045e-54	-7.30939e-29	8.21517e-51	4.41594e-21	-5.98259e-52	6.55194e-29	-2.43483e-54	-2.59766e-28	2.30710e-51	-1.17759e-21	-1.94062e-52	2.19766e-28	6.08879e-55	-9.00944e-28	5.51278e-52	2.94407e-22	-1.88479e-55	1.47629e-30	-6.86181e-58	-2.05312e-27	3.41935e-58	-4.14298e-26
-8.44501e-14	1.89075e-31	1.48698e-15	-3.17934e-33	-1.81613e-15	5.39668e-32	-1.58243e-11	-2.70745e-32	-3.98445e-16	-1.12744e-31	-4.28903e-11	-1.44606e-32	-4.88496e-11	-8.85170e-33	1.06794e-16	-3.35876e-32	-1.79388e-10	3.87582e-33	-1.70993e-10	-2.51952e-33	-2.87303e-17	-9.56078e-33	-6.42353e-10	-1.04263e-33	-6.52201e-10	-6.95196e-34	8.12764e-18	-2.78234e-33	-2.33796e-09	2.94693e-34	-2.25389e-09	-2.14647e-34	-2.17785e-18	-8.12817e-34	-8.46927e-09	-7.89646e-35	-7.94009e-09	-6.10582e-35	5.83746e-19	-2.30684e-34	-2.99639e-08	2.11654e-35	-2.81580e-08	-1.72581e-35	-1.57136e-19	-6.55256e-35	-1.05973e-07	-5.69706e-36	-1.08700e-07	-4.73917e-36	4.48001e-20	-1.91431e-35	-3.86978e-07	1.62282e-36	-3.74533e-07	-1.48302e-36	-1.20045e-20	-5.61823e-36	-1.40675e-06	-4.34846e-37	-1.30877e-06	-4.22107e-37	3.21785e-21	-1.59492e-36	-4.96444e-06	1.16562e-37	-3.94418e-06	-1.19257e-37	-8.66918e-22	-4.53250e-37	-1.65913e-05	-3.14006e-38	3.20593e-05	-3.25360e-38	2.49821e-22	-1.33171e-37	5.21177e-06	9.04081e-39	-5.11608e-06	-1.03778e-38	-6.69416e-23	-3.93387e-38	2.11709e-05	-2.42256e-39	-1.65721e-06	-2.95627e-39	1.79455e-23	-1.11718e-38	6.28859e-06	6.49428e-40	-4.70830e-07	-8.34725e-40	-4.84027e-24	-3.17694e-39	1.79235e-06	-1.75152e-40	-1.27260e-07	-2.25546e-40	1.41560e-24	-9.40989e-40	5.30945e-07	5.11808e-41	-4.17229e-08	-7.39447e-41	-3.79324e-25	-2.80534e-40	1.58290e-07	-1.37144e-41	-1.18992e-08	-2.10888e-41	1.01700e-25	-7.97107e-41	4.49764e-08	3.67692e-42	-3.35700e-09	-5.94955e-42	-2.74741e-26	-2.26882e-41	1.28017e-08	-9.93251e-43	-8.94204e-10	-1.58478e-42	8.19674e-27	-6.79641e-42	3.83484e-09	2.96082e-43	-3.04874e-10	-5.40322e-43	-2.19643e-27	-2.05227e-42	1.15798e-09	-7.93392e-44	-8.70887e-11	-1.54345e-43	5.88971e-28	-5.83552e-43	3.29266e-10	2.12747e-44	-2.45403e-11	-4.34922e-44	-1.59458e-28	-1.66310e-43	9.38395e-11	-5.75954e-45	-6.39551e-12	-1.13346e-44	4.88616e-29	-5.06221e-44	2.85633e-11	1.76349e-45	-2.30820e-12	-4.09077e-45	-1.30933e-29	-1.55627e-44	8.78115e-12	-4.72558e-46	-6.60806e-13	-1.17113e-45	3.51178e-30	-4.42962e-45	2.49939e-12	1.26745e-46	-1.85876e-13	-3.29423e-46	-9.53759e-31	-1.26480e-45	7.13658e-13	-3.44204e-47	-4.67111e-14	-8.27852e-47	3.03261e-31	-3.94313e-46	2.22489e-13	1.09372e-47	-1.84177e-14	-3.26413e-47	-8.12665e-32	-1.24467e-46	7.02298e-14	-2.93089e-48	-5.28931e-15	-9.37413e-48	2.18048e-32	-3.54802e-47	2.00195e-14	7.86391e-49	-1.48308e-15	-2.62844e-48	-5.95261e-33	-1.01641e-47	5.73503e-15	-2.14671e-49	-3.45188e-16	-6.11770e-49	2.00565e-33	-3.30714e-48	1.86604e-15	7.22934e-50	-1.61057e-16	-2.85438e-49	-5.37436e-34	-1.09252e-48	6.16449e-16	-1.93718e-50	-4.65282e-17	-8.24609e-50	1.44098e-34	-3.11991e-49	1.76039e-16	5.19400e-51	-1.30943e-17	-2.32068e-50	-3.89566e-35	-8.90969e-50	5.02725e-17	-1.40417e-51	-3.32570e-18	-5.89407e-51	1.17282e-35	-2.76902e-50	1.56240e-17	4.22670e-52	-1.20551e-18	-2.13650e-51	-3.14150e-36	-8.51222e-51	4.80298e-18	-1.13215e-52	-3.49771e-19	-6.19891e-52	8.37822e-37	-2.39052e-51	1.34884e-18	3.01908e-53	-1.13458e-19	-2.01080e-52	-2.09786e-37	-5.71212e-52	3.22304e-19	-7.54795e-54	-1.10194e-22	-1.95294e-55	1.32176e-39	-3.05152e-58	1.99911e-25	1.02896e-57
1.88161e-31	-8.46710e-14	-1.45128e-31	1.81608e-15	4.44807e-33	-2.71358e-16	-2.70879e-32	-1.58243e-11	3.88877e-32	4.28904e-11	1.12762e-31	7.27117e-17	-8.85190e-33	-4.88496e-11	-1.04229e-32	1.79388e-10	3.35879e-32	-1.94886e-17	-2.51952e-33	-1.70993e-10	2.80404e-33	6.42353e-10	9.56079e-33	5.24259e-18	-6.95196e-34	-6.52201e-10	-7.93247e-34	2.33796e-09	2.78234e-33	-1.48179e-18	-2.14647e-34	-2.25389e-09	2.12555e-34	8.46927e-09	8.12817e-34	3.97054e-19	-6.10582e-35	-7.94009e-09	-5.69728e-35	2.99639e-08	2.30684e-34	-1.06425e-19	-1.72581e-35	-2.81580e-08	1.53363e-35	1.05973e-07	6.55256e-35	2.86462e-20	-4.73917e-36	-1.08700e-07	-4.37243e-36	3.86978e-07	1.91431e-35	-8.15994e-21	-1.48302e-36	-3.74533e-07	1.17162e-36	1.40675e-06	5.61823e-36	2.18651e-21	-4.22107e-37	-1.30877e-06	-3.14058e-37	4.96444e-06	1.59492e-36	-5.86100e-22	-1.19257e-37	-3.94418e-06	8.46101e-38	1.65913e-05	4.53250e-37	1.57890e-22	-3.25360e-38	3.20593e-05	-2.43822e-38	-5.21177e-06	1.33171e-37	-4.54594e-23	-1.03778e-38	-5.11608e-06	6.53342e-39	-2.11709e-05	3.93387e-38	1.21812e-23	-2.95627e-39	-1.65721e-06	-1.75146e-39	-6.28859e-06	1.11718e-38	-3.26548e-24	-8.34725e-40	-4.70830e-07	4.72404e-40	-1.79235e-06	3.17694e-39	8.80708e-25	-2.25546e-40	-1.27260e-07	-1.38160e-40	-5.30945e-07	9.40989e-40	-2.57350e-25	-7.39447e-41	-4.17229e-08	3.70215e-41	-1.58290e-07	2.80534e-40	6.89596e-26	-2.10888e-41	-1.18992e-08	-9.92574e-42	-4.49764e-08	7.97107e-41	-1.84885e-26	-5.94955e-42	-3.35700e-09	2.68143e-42	-1.28017e-08	2.26882e-41	4.99431e-27	-1.58478e-42	-8.94204e-10	-7.99991e-43	-3.83484e-09	6.79641e-42	-1.48877e-27	-5.40322e-43	-3.04874e-10	2.14369e-43	-1.15798e-09	2.05227e-42	3.98937e-28	-1.54345e-43	-8.70887e-11	-5.74829e-44	-3.29266e-10	5.83552e-43	-1.06974e-28	-4.34922e-44	-2.45403e-11	1.55629e-44	-9.38395e-11	1.66310e-43	2.89604e-29	-1.13346e-44	-6.39551e-12	-4.76883e-45	-2.85633e-11	5.06221e-44	-8.86724e-30	-4.09077e-45	-2.30820e-12	1.27789e-45	-8.78115e-12	1.55627e-44	2.37616e-30	-1.17113e-45	-6.60806e-13	-3.42745e-46	-2.49939e-12	4.42962e-45	-6.37394e-31	-3.29423e-46	-1.85876e-13	9.30857e-47	-7.13658e-13	1.26480e-45	1.73415e-31	-8.27852e-47	-4.67111e-14	-2.95979e-47	-2.22489e-13	3.94313e-46	-5.62658e-32	-3.26413e-47	-1.84177e-14	7.93151e-48	-7.02298e-14	1.24467e-46	2.06031e-32	-9.37413e-48	-5.28931e-15	-2.12812e-48	-2.00195e-14	3.54802e-47	-2.61467e-32	-2.62844e-48	-1.48308e-15	5.80967e-49	-5.73503e-15	1.01641e-47	8.39837e-32	-6.11770e-49	-3.45188e-16	-1.95748e-49	-1.86604e-15	3.30714e-48	-3.09788e-31	-2.85438e-49	-1.61057e-16	5.24530e-50	-6.16449e-16	1.09252e-48	1.57648e-30	-8.24609e-50	-4.65282e-17	-1.40638e-50	-1.76039e-16	3.11991e-49	-5.99614e-30	-2.32068e-50	-1.30943e-17	3.80211e-51	-5.02725e-17	8.90969e-50	2.24081e-29	-5.89407e-51	-3.32570e-18	-1.14466e-51	-1.56240e-17	2.76902e-50	-8.36361e-29	-2.13650e-51	-1.20551e-18	3.06605e-52	-4.80298e-18	8.51222e-51	3.57059e-28	-6.19891e-52	-3.49771e-19	-8.17628e-53	-1.34884e-18	2.39052e-51	-1.34460e-27	-2.01080e-52	-1.13458e-19	2.04465e-53	-3.22304e-19	5.71212e-52	5.02135e-27	-1.95294e-55	-1.10194e-22	-2.30423e-56	-2.01881e-25	3.54298e-58	-1.87408e-26
-1.44370e-15	1.40929e-31	2.81371e-14	-3.44019e-33	-3.56183e-17	1.24789e-33	2.08004e-16	-2.03006e-32	-1.34882e-11	-8.45046e-32	-8.65842e-16	-3.34377e-34	6.79677e-17	-6.63356e-33	5.39245e-11	-2.51705e-32	-2.57898e-16	8.96214e-35	1.93456e-17	-1.88811e-33	-2.02210e-10	-7.16478e-33	-7.34106e-17	-2.41089e-35	5.33792e-18	-5.20974e-34	7.54915e-10	-2.08507e-33	-2.13637e-17	6.81426e-36	1.64812e-18	-1.60855e-34	-2.98541e-09	-6.09118e-34	-6.24105e-18	-1.82592e-36	4.68823e-19	-4.57565e-35	1.11867e-08	-1.72873e-34	-1.77126e-18	4.89413e-37	1.32513e-19	-1.29331e-35	-4.17615e-08	-4.91043e-35	-5.03125e-19	-1.31734e-37	3.63887e-20	-3.55149e-36	1.55859e-07	-1.43457e-35	-1.46986e-19	3.75249e-38	1.13870e-20	-1.11136e-36	-6.21885e-07	-4.21025e-36	-4.31384e-20	-1.00550e-38	3.24106e-21	-3.16324e-37	2.33168e-06	-1.19522e-36	-1.22463e-20	2.69528e-39	9.15694e-22	-8.93706e-38	-8.70484e-06	-3.39662e-37	-3.48019e-21	-7.26083e-40	2.49821e-22	-2.43822e-38	3.24877e-05	-9.97973e-38	-1.02253e-21	2.09053e-40	7.96841e-23	-7.77707e-39	-8.70534e-06	-2.94801e-38	-3.02054e-22	-5.60174e-41	2.26991e-23	-2.21540e-39	2.33370e-06	-8.37206e-39	-8.57805e-23	1.50169e-41	6.40926e-24	-6.25536e-40	-6.29447e-07	-2.38077e-39	-2.43935e-23	-4.05008e-42	1.73181e-24	-1.69022e-40	1.84090e-07	-7.05169e-40	-7.22519e-24	1.18347e-42	5.67769e-25	-5.54136e-41	-4.93287e-08	-2.10230e-40	-2.15402e-24	-3.17122e-43	1.61926e-25	-1.58038e-41	1.32254e-08	-5.97346e-41	-6.12043e-25	8.50223e-44	4.56824e-26	-4.45854e-42	-3.57283e-09	-1.70023e-41	-1.74207e-25	-2.29672e-44	1.21684e-26	-1.18762e-42	1.06594e-09	-5.09317e-42	-5.21848e-26	6.84637e-45	4.14875e-27	-4.04913e-43	-2.85632e-10	-1.53795e-42	-1.57579e-26	-1.83458e-45	1.18511e-27	-1.15665e-43	7.65921e-11	-4.37309e-43	-4.48068e-27	4.91939e-46	3.33946e-28	-3.25927e-44	-2.07366e-11	-1.24631e-43	-1.27698e-27	-1.33179e-46	8.70306e-29	-8.49408e-45	6.35415e-12	-3.79358e-44	-3.88692e-28	4.07775e-47	3.14102e-29	-3.06559e-45	-1.70271e-12	-1.16625e-44	-1.19495e-28	-1.09271e-47	8.99231e-30	-8.77638e-46	4.56685e-13	-3.31952e-45	-3.40119e-29	2.93074e-48	2.52941e-30	-2.46867e-46	-1.24030e-13	-9.47831e-46	-9.71151e-30	-7.95911e-49	6.35649e-31	-6.20385e-47	3.94372e-14	-2.95495e-46	-3.02765e-30	2.52903e-49	2.50629e-31	-2.44611e-47	-1.05682e-14	-9.32745e-47	-9.55693e-31	-6.77717e-50	7.19774e-32	-7.02490e-48	2.83558e-15	-2.65886e-47	-2.72427e-31	1.81839e-50	2.01819e-32	-1.96973e-48	-7.74099e-16	-7.61687e-48	-7.80427e-32	-4.96389e-51	4.69735e-33	-4.58455e-49	2.60822e-16	-2.47834e-48	-2.53932e-32	1.67166e-51	2.19168e-33	-2.13905e-49	-6.98902e-17	-8.18726e-49	-8.38869e-33	-4.47940e-52	6.33159e-34	-6.17955e-50	1.87391e-17	-2.33803e-49	-2.39556e-33	1.20102e-52	1.78189e-34	-1.73910e-50	-5.06606e-18	-6.67685e-50	-6.84113e-34	-3.24689e-53	4.52564e-35	-4.41697e-51	1.52518e-18	-2.07508e-50	-2.12613e-34	9.77349e-54	1.64047e-35	-1.60108e-51	-4.08530e-19	-6.37899e-51	-6.53593e-35	-2.61790e-54	4.75969e-36	-4.64541e-52	1.08943e-19	-1.79144e-51	-1.83552e-35	6.98106e-55	1.54389e-36	-1.50687e-52	-2.72435e-20	-4.28061e-52	-4.38618e-36	-1.74526e-55	1.89096e-39	-1.46352e-55	3.07023e-23	-2.66908e-58	-2.71966e-42	-3.29429e-61
7.70148e-31	-3.46561e-13	-5.94013e-31	7.43330e-15	1.82061e-32	-1.11068e-15	-1.10872e-31	-6.47694e-11	1.59169e-31	1.75552e-10	4.61539e-31	2.97611e-16	-3.62311e-32	-1.99943e-10	-4.26614e-32	7.34240e-10	1.37476e-31	-7.97674e-17	-1.03125e-32	-6.99882e-10	1.14771e-32	2.62917e-09	3.91327e-32	2.14581e-17	-2.84546e-33	-2.66948e-09	-3.24679e-33	9.56935e-09	1.13882e-32	-6.06502e-18	-8.78559e-34	-9.22526e-09	8.69995e-34	3.46650e-08	3.32689e-33	1.62515e-18	-2.49913e-34	-3.24991e-08	-2.33192e-34	1.22644e-07	9.44197e-34	-4.35601e-19	-7.06382e-35	-1.15252e-07	6.27721e-35	4.33753e-07	2.68199e-34	1.17250e-19	-1.93976e-35	-4.44920e-07	-1.78965e-35	1.58393e-06	7.83534e-35	-3.33989e-20	-6.07004e-36	-1.53341e-06	4.79549e-36	5.75846e-06	2.29956e-35	8.94947e-21	-1.72770e-36	-5.38619e-06	-1.28545e-36	2.03603e-05	6.52808e-36	-2.39893e-21	-4.88125e-37	-1.81449e-05	3.46312e-37	7.06844e-05	1.85517e-36	6.46249e-22	-1.33171e-37	-5.21177e-06	-9.97973e-38	1.67899e-04	5.45074e-37	-1.86067e-22	-4.24769e-38	1.96168e-05	2.67415e-38	7.68260e-05	1.61015e-37	4.98582e-23	-1.21001e-38	5.86528e-06	-7.16877e-39	2.22010e-05	4.57266e-38	-1.33657e-23	-3.41656e-39	1.66013e-06	1.93357e-39	6.31895e-06	1.30033e-38	3.60477e-24	-9.23166e-40	4.48630e-07	-5.65496e-40	1.87172e-06	3.85150e-39	-1.05334e-24	-3.02658e-40	1.47084e-07	1.51531e-40	5.58011e-07	1.14824e-39	2.82254e-25	-8.63171e-41	4.19478e-08	-4.06264e-41	1.58553e-07	3.26259e-40	-7.56740e-26	-2.43517e-41	1.18343e-08	1.09752e-41	4.51292e-08	9.28636e-41	2.04419e-26	-6.48656e-42	3.15229e-09	-3.27439e-42	1.35188e-08	2.78179e-41	-6.09360e-27	-2.21156e-42	1.07476e-09	8.77418e-43	4.08218e-09	8.40001e-42	1.63286e-27	-6.31741e-43	3.07009e-10	-2.35279e-43	1.16075e-09	2.38850e-42	-4.37850e-28	-1.78015e-43	8.65105e-11	6.36996e-44	3.30808e-10	6.80712e-43	1.18536e-28	-4.63930e-44	2.25458e-11	-1.95190e-44	1.00693e-10	2.07198e-43	-3.62939e-29	-1.67437e-44	8.13698e-12	5.23047e-45	3.09557e-11	6.36985e-44	9.72552e-30	-4.79349e-45	2.32951e-12	-1.40287e-45	8.81097e-12	1.81306e-44	-2.60818e-30	-1.34834e-45	6.55257e-13	3.81003e-46	2.51582e-12	5.17687e-45	7.07199e-31	-3.38843e-46	1.64668e-13	-1.21145e-46	7.84329e-13	1.61394e-45	-2.20615e-31	-1.33602e-46	6.49269e-14	3.24639e-47	2.47578e-13	5.09447e-46	3.96415e-32	-3.83687e-47	1.86461e-14	-8.71047e-48	7.05738e-14	1.45222e-46	6.20496e-32	-1.07583e-47	5.22824e-15	2.37792e-48	2.02174e-14	4.16019e-47	-2.87840e-31	-2.50400e-48	1.21687e-15	-8.01205e-49	6.57825e-15	1.35363e-47	1.08931e-30	-1.16831e-48	5.67766e-16	2.14692e-49	2.17314e-15	4.47172e-48	-5.55675e-30	-3.37516e-49	1.64023e-16	-5.75636e-50	6.20582e-16	1.27699e-48	2.11377e-29	-9.49864e-50	4.61608e-17	1.55622e-50	1.77223e-16	3.64677e-49	-7.89939e-29	-2.41246e-50	1.17239e-17	-4.68512e-51	5.50786e-17	1.13337e-49	2.94838e-28	-8.74478e-51	4.24972e-18	1.25494e-51	1.69317e-17	3.48408e-50	-1.25872e-27	-2.53724e-51	1.23303e-18	-3.34658e-52	4.75500e-18	9.78449e-51	4.74005e-27	-8.23026e-52	3.99968e-19	8.36881e-53	1.13620e-18	2.33799e-51	-1.77015e-26	-7.99347e-55	3.88461e-22	-9.43129e-56	7.11681e-25	1.45016e-57	6.60659e-26
3.45657e-13	-7.73892e-31	-6.08628e-15	1.30132e-32	7.43348e-15	-2.20888e-31	6.47696e-11	1.10817e-31	1.63085e-15	4.61463e-31	1.75552e-10	5.91879e-32	1.99943e-10	3.62303e-32	-4.37111e-16	1.37475e-31	7.34240e-10	-1.58639e-32	6.99882e-10	1.03125e-32	1.17594e-16	3.91326e-32	2.62917e-09	4.26751e-33	2.66948e-09	2.84546e-33	-3.32667e-17	1.13882e-32	9.56935e-09	-1.20619e-33	9.22526e-09	8.78559e-34	8.91400e-18	3.32689e-33	3.46650e-08	3.23205e-34	3.24991e-08	2.49913e-34	-2.38929e-18	9.44197e-34	1.22644e-07	-8.66308e-35	1.15252e-07	7.06382e-35	6.43165e-19	2.68199e-34	4.33753e-07	2.33183e-35	4.44920e-07	1.93976e-35	-1.83368e-19	7.83534e-35	1.58393e-06	-6.64227e-36	1.53341e-06	6.07004e-36	4.91348e-20	2.29956e-35	5.75846e-06	1.77984e-36	5.38619e-06	1.72770e-36	-1.31708e-20	6.52808e-36	2.03603e-05	-4.77091e-37	1.81449e-05	4.88125e-37	3.54833e-21	1.85517e-36	7.06844e-05	1.28524e-37	5.21177e-06	1.33171e-37	-1.02253e-21	5.45074e-37	1.67899e-04	-3.70044e-38	-1.96168e-05	4.24769e-38	2.73995e-22	1.61015e-37	7.68260e-05	9.91562e-39	-5.86528e-06	1.21001e-38	-7.34515e-23	4.57266e-38	2.22010e-05	-2.65813e-39	-1.66013e-06	3.41656e-39	1.98114e-23	1.30033e-38	6.31895e-06	7.16904e-40	-4.48630e-07	9.23166e-40	-5.79409e-24	3.85150e-39	1.87172e-06	-2.09485e-40	-1.47084e-07	3.02658e-40	1.55259e-24	1.14824e-39	5.58011e-07	5.61337e-41	-4.19478e-08	8.63171e-41	-4.16260e-25	3.26259e-40	1.58553e-07	-1.50498e-41	-1.18343e-08	2.43517e-41	1.12452e-25	9.28636e-41	4.51292e-08	4.06541e-42	-3.15229e-09	6.48656e-42	-3.35495e-26	2.78179e-41	1.35188e-08	-1.21187e-42	-1.07476e-09	2.21156e-42	8.99006e-27	8.40001e-42	4.08218e-09	3.24738e-43	-3.07009e-10	6.31741e-43	-2.41068e-27	2.38850e-42	1.16075e-09	-8.70780e-44	-8.65105e-11	1.78015e-43	6.52668e-28	6.80712e-43	3.30808e-10	2.35740e-44	-2.25458e-11	4.63930e-44	-1.99992e-28	2.07198e-43	1.00693e-10	-7.21801e-45	-8.13698e-12	1.67437e-44	5.35915e-29	6.36985e-44	3.09557e-11	1.93420e-45	-2.32951e-12	4.79349e-45	-1.43738e-29	1.81306e-44	8.81097e-12	-5.18770e-46	-6.55257e-13	1.34834e-45	3.90377e-30	5.17687e-45	2.51582e-12	1.40884e-46	-1.64668e-13	3.38843e-46	-1.24126e-30	1.61394e-45	7.84329e-13	-4.47663e-47	-6.49269e-14	1.33602e-46	3.32627e-31	5.09447e-46	2.47578e-13	1.19963e-47	-1.86461e-14	3.83687e-47	-8.92477e-32	1.45222e-46	7.05738e-14	-3.21873e-48	-5.22824e-15	1.07583e-47	2.43642e-32	4.16019e-47	2.02174e-14	8.78657e-49	-1.21687e-15	2.50400e-48	-8.20918e-33	1.35363e-47	6.57825e-15	-2.95899e-49	-5.67766e-16	1.16831e-48	2.19974e-33	4.47172e-48	2.17314e-15	7.92897e-50	-1.64023e-16	3.37516e-49	-5.89799e-34	1.27699e-48	6.20582e-16	-2.12592e-50	-4.61608e-17	9.49864e-50	1.59451e-34	3.64677e-49	1.77223e-16	5.74731e-51	-1.17239e-17	2.41246e-50	-4.80039e-35	1.13337e-49	5.50786e-17	-1.73000e-51	-4.24972e-18	8.74478e-51	1.28581e-35	3.48408e-50	1.69317e-17	4.63394e-52	-1.23303e-18	2.53724e-51	-3.42864e-36	9.78449e-51	4.75500e-18	-1.23572e-52	-3.99968e-19	8.23026e-52	8.56446e-37	2.33799e-51	1.13620e-18	3.08940e-53	-3.88461e-22	7.99347e-55	2.86091e-39	1.24900e-57	7.04737e-25	-4.21155e-57
-5.20754e-32	2.67425e-16	1.24432e-33	6.29671e-20	-1.52575e-33	3.29007e-16	7.53000e-33	-3.77809e-17	-3.33422e-34	-1.57459e-16	-3.13376e-32	-5.47378e-13	2.45973e-33	-1.23669e-17	8.93660e-35	-4.69277e-17	-9.33315e-33	2.18918e-12	7.00102e-34	-3.52027e-18	-2.40418e-35	-1.33583e-17	-2.65667e-33	-8.20936e-12	1.93175e-34	-9.71330e-19	6.80129e-36	-3.88750e-18	-7.73133e-34	3.06482e-11	5.96442e-35	-2.99906e-19	-1.82244e-36	-1.13567e-18	-2.25858e-34	-1.21081e-10	1.69663e-35	-8.53107e-20	4.88484e-37	-3.22312e-19	-6.41003e-35	4.53676e-10	4.79553e-36	-2.41131e-20	-1.31493e-37	-9.15525e-20	-1.82077e-35	-1.69362e-09	1.31688e-36	-6.62158e-21	3.74892e-38	-2.67468e-20	-5.31931e-36	6.32081e-09	4.12087e-37	-2.07208e-21	-1.00455e-38	-7.84981e-21	-1.56114e-36	-2.51946e-08	1.17291e-37	-5.89770e-22	2.69273e-39	-2.22843e-21	-4.43183e-37	9.44576e-08	3.31382e-38	-1.66627e-22	-7.25446e-40	-6.33283e-22	-1.25945e-37	-3.52636e-07	9.04081e-39	-4.54594e-23	2.09053e-40	-1.86067e-22	-3.70044e-38	1.31609e-06	2.88370e-39	-1.44999e-23	-5.60174e-41	-5.49642e-23	-1.09311e-38	-3.52656e-07	8.21462e-40	-4.13051e-24	1.50169e-41	-1.56093e-23	-3.10432e-39	9.45383e-08	2.31946e-40	-1.16628e-24	-4.05038e-42	-4.43883e-24	-8.82779e-40	-2.54972e-08	6.26726e-41	-3.15133e-25	1.18459e-42	-1.31475e-24	-2.61474e-40	7.45048e-09	2.05471e-41	-1.03316e-25	-3.17422e-43	-3.91963e-25	-7.79523e-41	-1.99643e-09	5.85996e-42	-2.94653e-26	8.51032e-44	-1.11372e-25	-2.21493e-41	5.35256e-10	1.65321e-42	-8.31273e-27	-2.29906e-44	-3.17000e-26	-6.30439e-42	-1.44589e-10	4.40364e-43	-2.21426e-27	6.85911e-45	-9.49596e-27	-1.88852e-42	4.31011e-11	1.50140e-43	-7.54940e-28	-1.83799e-45	-2.86744e-27	-5.70266e-43	-1.15495e-11	4.28881e-44	-2.15652e-28	4.92857e-46	-8.15340e-28	-1.62152e-43	3.09699e-12	1.20852e-44	-6.07674e-29	-1.33436e-46	-2.32369e-28	-4.62127e-44	-8.38426e-13	3.14956e-45	-1.58368e-29	4.08879e-47	-7.07294e-29	-1.40664e-44	2.56714e-13	1.13671e-45	-5.71565e-30	-1.09566e-47	-2.17441e-29	-4.32441e-45	-6.87910e-14	3.25424e-46	-1.63635e-30	2.93869e-48	-6.18894e-30	-1.23086e-45	1.84504e-14	9.15372e-47	-4.60401e-31	-7.98115e-49	-1.76670e-30	-3.51451e-46	-5.01064e-15	2.30036e-47	-1.16248e-31	2.53772e-49	-5.49058e-31	-1.09568e-46	1.59214e-15	9.07006e-48	-4.75510e-32	-6.80046e-50	-1.66686e-31	-3.45857e-47	-4.26655e-16	2.60480e-48	-1.99160e-32	1.82465e-50	-2.38803e-32	-9.85891e-48	1.14476e-16	7.30366e-49	-2.82031e-32	-4.98120e-51	7.72080e-32	-2.82430e-48	-3.12500e-17	1.69993e-49	-1.20050e-31	1.67834e-51	3.63280e-31	-9.18959e-49	1.05239e-17	7.93149e-50	-3.97336e-31	-4.49732e-52	1.46162e-30	-3.03580e-49	-2.81999e-18	2.29135e-50	-1.38686e-30	1.20583e-52	5.22345e-30	-8.66932e-50	7.56100e-19	6.44851e-51	-4.94501e-30	-3.25992e-53	1.85311e-29	-2.47575e-50	-2.04407e-19	1.63779e-51	-2.11712e-29	9.81426e-54	7.05721e-29	-7.69429e-51	6.15287e-20	5.93672e-52	-6.99825e-29	-2.62882e-54	2.72797e-28	-2.36530e-51	-1.64809e-20	1.72250e-52	-2.44528e-28	7.01033e-55	9.69483e-28	-6.64257e-52	4.39492e-21	5.58742e-53	-8.20197e-28	-1.75308e-55	3.36245e-27	-1.58723e-52	-1.09877e-21	5.42666e-56	-5.50971e-30	1.97564e-58	7.66253e-27	-9.84492e-59	1.54622e-25
-2.69366e-14	6.03084e-32	4.74296e-16	-1.01410e-33	-5.79281e-16	1.72135e-32	-5.04740e-12	-8.63579e-33	-1.27090e-16	-3.59612e-32	-1.36805e-11	-4.61243e-33	-1.55813e-11	-2.82338e-33	3.40634e-17	-1.07133e-32	-5.72183e-11	1.23625e-33	-5.45409e-11	-8.03637e-34	-9.16396e-18	-3.04955e-33	-2.04888e-10	-3.32561e-34	-2.08029e-10	-2.21743e-34	2.59243e-18	-8.87470e-34	-7.45727e-10	9.39967e-35	-7.18912e-10	-6.84649e-35	-6.94656e-19	-2.59260e-34	-2.70140e-09	-2.51869e-35	-2.53261e-09	-1.94754e-35	1.86194e-19	-7.35800e-35	-9.55744e-09	6.75102e-36	-8.98141e-09	-5.50473e-36	-5.01210e-20	-2.09003e-35	-3.38018e-08	-1.81716e-36	-3.46722e-08	-1.51163e-36	1.42896e-20	-6.10597e-36	-1.23433e-07	5.17623e-37	-1.19511e-07	-4.73030e-37	-3.82901e-21	-1.79202e-36	-4.48769e-07	-1.38700e-37	-4.20752e-07	-1.34637e-37	1.02638e-21	-5.08725e-37	-1.58806e-06	3.71790e-38	-1.48310e-06	-3.80389e-38	-2.76516e-22	-1.44571e-37	-5.60417e-06	-1.00157e-38	-5.11608e-06	-1.03778e-38	7.96841e-23	-4.24769e-38	-1.96168e-05	2.88370e-39	3.46737e-05	-3.31016e-39	-2.13520e-23	-1.25477e-38	2.49425e-07	-7.72711e-40	-4.92553e-06	-9.42946e-40	5.72397e-24	-3.56341e-39	2.05360e-05	2.07145e-40	-1.60588e-06	-2.66248e-40	-1.54387e-24	-1.01333e-39	6.14047e-06	-5.58674e-41	-4.36920e-07	-7.19411e-41	4.51525e-25	-3.00142e-40	1.82338e-06	1.63249e-41	-1.43303e-07	-2.35858e-41	-1.20991e-25	-8.94805e-41	5.43674e-07	-4.37442e-42	-4.08702e-08	-6.72657e-42	3.24386e-26	-2.54249e-41	1.54480e-07	1.17281e-42	-1.15303e-08	-1.89770e-42	-8.76326e-27	-7.23673e-42	4.39699e-08	-3.16812e-43	-3.07132e-09	-5.05489e-43	2.61447e-27	-2.16781e-42	1.31715e-08	9.44397e-44	-1.04715e-09	-1.72344e-43	-7.00583e-28	-6.54601e-43	3.97732e-09	-2.53064e-44	-2.99123e-10	-4.92307e-44	1.87861e-28	-1.86132e-43	1.13093e-09	6.78587e-45	-8.42883e-11	-1.38725e-44	-5.08616e-29	-5.30470e-44	3.22310e-10	-1.83709e-45	-2.19666e-11	-3.61535e-45	1.55851e-29	-1.61467e-44	9.81062e-11	5.62490e-46	-7.92796e-12	-1.30481e-45	-4.17631e-30	-4.96394e-45	3.01606e-11	-1.50729e-46	-2.26967e-12	-3.73550e-46	1.12013e-30	-1.41289e-45	8.58465e-12	4.04270e-47	-6.38426e-13	-1.05074e-46	-3.04216e-31	-4.03427e-46	2.45120e-12	-1.09789e-47	-1.60439e-13	-2.64055e-47	9.67296e-32	-1.25772e-46	7.64182e-13	3.48858e-48	-6.32591e-14	-1.04114e-47	-2.59211e-32	-3.97005e-47	2.41218e-13	-9.34852e-49	-1.81672e-14	-2.99002e-48	6.95495e-33	-1.13169e-47	6.87610e-14	2.50831e-49	-5.09394e-15	-8.38379e-49	-1.89867e-33	-3.24198e-48	1.96981e-14	-6.84725e-50	-1.18562e-15	-1.95133e-49	6.39730e-34	-1.05486e-48	6.40927e-15	2.30590e-50	-5.53182e-16	-9.10446e-50	-1.71423e-34	-3.48475e-49	2.11732e-15	-6.17894e-51	-1.59810e-16	-2.63021e-50	4.59622e-35	-9.95141e-50	6.04641e-16	1.65670e-51	-4.49751e-17	-7.40216e-51	-1.24258e-35	-2.84188e-50	1.72671e-16	-4.47880e-52	-1.14228e-17	-1.88000e-51	3.74089e-36	-8.83219e-51	5.36638e-17	1.34817e-52	-4.14056e-18	-6.81468e-52	-1.00209e-36	-2.71510e-51	1.64968e-17	-3.61116e-53	-1.20136e-18	-1.97723e-52	2.67478e-37	-7.62492e-52	4.63286e-18	9.62979e-54	-3.89694e-19	-6.41373e-53	-6.78207e-38	-1.82196e-52	1.10701e-18	-2.40753e-54	-3.78483e-22	-6.22920e-56	3.80424e-39	-9.73328e-59	6.86634e-25	3.28201e-58
6.00166e-32	-2.70071e-14	-4.62906e-32	5.79267e-16	1.41878e-33	-8.65536e-17	-8.64007e-33	-5.04739e-12	1.24038e-32	1.36805e-11	3.59671e-32	2.31925e-17	-2.82344e-33	-1.55813e-11	-3.32455e-33	5.72183e-11	1.07133e-32	-6.21616e-18	-8.03638e-34	-5.45409e-11	8.94391e-34	2.04888e-10	3.04955e-33	1.67220e-18	-2.21743e-34	-2.08029e-10	-2.53018e-34	7.45727e-10	8.87470e-34	-4.72638e-19	-6.84649e-35	-7.18912e-10	6.77975e-35	2.70140e-09	2.59260e-34	1.26646e-19	-1.94754e-35	-2.53261e-09	-1.81723e-35	9.55744e-09	7.35800e-35	-3.39458e-20	-5.50473e-36	-8.98141e-09	4.89174e-36	3.38018e-08	2.09003e-35	9.13713e-21	-1.51163e-36	-3.46722e-08	-1.39465e-36	1.23433e-07	6.10597e-36	-2.60273e-21	-4.73030e-37	-1.19511e-07	3.73706e-37	4.48769e-07	1.79202e-36	6.97420e-22	-1.34637e-37	-4.20752e-07	-1.00173e-37	1.58806e-06	5.08725e-37	-1.86945e-22	-3.80389e-38	-1.48310e-06	2.69876e-38	5.60417e-06	1.44571e-37	5.03613e-23	-1.03778e-38	-5.11608e-06	-7.77707e-39	1.96168e-05	4.24769e-38	-1.44999e-23	-3.31016e-39	3.46737e-05	2.08393e-39	-2.49425e-07	1.25477e-38	3.88538e-24	-9.42946e-40	-4.92553e-06	-5.58652e-40	-2.05360e-05	3.56341e-39	-1.04157e-24	-2.66248e-40	-1.60588e-06	1.50680e-40	-6.14047e-06	1.01333e-39	2.80915e-25	-7.19411e-41	-4.36920e-07	-4.40683e-41	-1.82338e-06	3.00142e-40	-8.20855e-26	-2.35858e-41	-1.43303e-07	1.18086e-41	-5.43674e-07	8.94805e-41	2.19957e-26	-6.72657e-42	-4.08702e-08	-3.16596e-42	-1.54480e-07	2.54249e-41	-5.89717e-27	-1.89770e-42	-1.15303e-08	8.55283e-43	-4.39699e-08	7.23673e-42	1.59301e-27	-5.05489e-43	-3.07132e-09	-2.55169e-43	-1.31715e-08	2.16781e-42	-4.74866e-28	-1.72344e-43	-1.04715e-09	6.83760e-44	-3.97732e-09	6.54601e-43	1.27247e-28	-4.92307e-44	-2.99123e-10	-1.83350e-44	-1.13093e-09	1.86132e-43	-3.41210e-29	-1.38725e-44	-8.42883e-11	4.96402e-45	-3.22310e-10	5.30470e-44	9.23735e-30	-3.61535e-45	-2.19666e-11	-1.52109e-45	-9.81062e-11	1.61467e-44	-2.82836e-30	-1.30481e-45	-7.92796e-12	4.07603e-46	-3.01606e-11	4.96394e-45	7.57986e-31	-3.73550e-46	-2.26967e-12	-1.09324e-46	-8.58465e-12	1.41289e-45	-2.03590e-31	-1.05074e-46	-6.38426e-13	2.96910e-47	-2.45120e-12	4.03427e-46	5.63742e-32	-2.64055e-47	-1.60439e-13	-9.44069e-48	-7.64182e-13	1.25772e-46	-2.19068e-32	-1.04114e-47	-6.32591e-14	2.52987e-48	-2.41218e-13	3.97005e-47	2.48482e-32	-2.99002e-48	-1.81672e-14	-6.78795e-49	-6.87610e-14	1.13169e-47	-7.74858e-32	-8.38379e-49	-5.09394e-15	1.85308e-49	-1.96981e-14	3.24198e-48	2.85095e-31	-1.95133e-49	-1.18562e-15	-6.24368e-50	-6.40927e-15	1.05486e-48	-1.06289e-30	-9.10446e-50	-5.53182e-16	1.67307e-50	-2.11732e-15	3.48475e-49	5.41443e-30	-2.63021e-50	-1.59810e-16	-4.48585e-51	-6.04641e-16	9.95141e-50	-2.05948e-29	-7.40216e-51	-4.49751e-17	1.21274e-51	-1.72671e-16	2.84188e-50	7.69649e-29	-1.88000e-51	-1.14228e-17	-3.65105e-52	-5.36638e-17	8.83219e-51	-2.87265e-28	-6.81468e-52	-4.14056e-18	9.77961e-53	-1.64968e-17	2.71510e-51	1.22639e-27	-1.97723e-52	-1.20136e-18	-2.60794e-53	-4.63286e-18	7.62492e-52	-4.61830e-27	-6.41373e-53	-3.89694e-19	6.52170e-54	-1.10701e-18	1.82196e-52	1.72468e-26	-6.22920e-56	-3.78483e-22	-7.34968e-57	-6.93400e-25	1.13009e-58	-6.43689e-26
3.86850e-16	-3.77631e-32	-7.53958e-15	9.21826e-34	9.54421e-18	-3.34381e-34	-5.57364e-17	5.43970e-33	3.61427e-12	2.26437e-32	2.32010e-16	8.95990e-35	-1.82125e-17	1.77752e-33	-1.44495e-11	6.74464e-33	6.91059e-17	-2.40148e-35	-5.18382e-18	5.05934e-34	5.41838e-11	1.91986e-33	1.96710e-17	6.46019e-36	-1.43034e-18	1.39599e-34	-2.02286e-10	5.58711e-34	5.72457e-18	-1.82594e-36	-4.41629e-19	4.31024e-35	7.99965e-10	1.63218e-34	1.67234e-18	4.89270e-37	-1.25625e-19	1.22608e-35	-2.99758e-09	4.63226e-35	4.74623e-19	-1.31142e-37	-3.55080e-20	3.46553e-36	1.11903e-08	1.31579e-35	1.34816e-19	3.52993e-38	-9.75066e-21	9.51652e-37	-4.17638e-08	3.84404e-36	3.93862e-20	-1.00551e-38	-3.05125e-21	2.97798e-37	1.66639e-07	1.12817e-36	1.15593e-20	2.69433e-39	-8.68470e-22	8.47616e-38	-6.24793e-07	3.20270e-37	3.28150e-21	-7.22223e-40	-2.45368e-22	2.39476e-38	2.33253e-06	9.10152e-38	9.32545e-22	1.94560e-40	-6.69416e-23	6.53342e-39	-8.70534e-06	2.67415e-38	2.73995e-22	-5.60174e-41	-2.13520e-23	2.08393e-39	3.51748e-05	7.89944e-39	8.09379e-23	1.50103e-41	-6.08242e-24	5.93636e-40	-9.42953e-06	2.24336e-39	2.29856e-23	-4.02389e-42	-1.71742e-24	1.67618e-40	2.54334e-06	6.37947e-40	6.53643e-24	1.08525e-42	-4.64052e-25	4.52908e-41	-7.43832e-07	1.88956e-40	1.93605e-24	-3.17120e-43	-1.52139e-25	1.48485e-41	1.99318e-07	5.63329e-41	5.77188e-25	8.49755e-44	-4.33894e-26	4.23475e-42	-5.34385e-08	1.60064e-41	1.64002e-25	-2.27824e-44	-1.22410e-26	1.19470e-42	1.44364e-08	4.55592e-42	4.66801e-26	6.15425e-45	-3.26063e-27	3.18233e-43	-4.30701e-09	1.36476e-42	1.39834e-26	-1.83454e-45	-1.11169e-27	1.08500e-43	1.15412e-09	4.12107e-43	4.22247e-27	4.91590e-46	-3.17560e-28	3.09935e-44	-3.09478e-10	1.17181e-43	1.20064e-27	-1.31819e-46	-8.94835e-29	8.73348e-45	8.37881e-11	3.33960e-44	3.42176e-28	3.56865e-47	-2.33206e-29	2.27606e-45	-2.56745e-11	1.01652e-44	1.04153e-28	-1.09267e-47	-8.41662e-30	8.21451e-46	6.87996e-12	3.12507e-45	3.20196e-29	2.92800e-48	-2.40956e-30	2.35170e-46	-1.84528e-12	8.89493e-46	9.11378e-30	-7.85317e-49	-6.77776e-31	6.61501e-47	5.01157e-13	2.53979e-46	2.60228e-30	2.13271e-49	-1.70327e-31	1.66237e-47	-1.59350e-13	7.91803e-47	8.11284e-31	-6.77675e-50	-6.71582e-32	6.55456e-48	4.27018e-14	2.49937e-47	2.56086e-31	1.81600e-50	-1.92869e-32	1.88238e-48	-1.14574e-14	7.12463e-48	7.29992e-32	-4.87253e-51	-5.40791e-33	5.27805e-49	3.12782e-15	2.04100e-48	2.09122e-32	1.33012e-51	-1.25869e-33	1.22847e-49	-1.05388e-15	6.64093e-49	6.80432e-33	-4.47934e-52	-5.87278e-34	5.73176e-50	2.82398e-16	2.19384e-49	2.24782e-33	1.20029e-52	-1.69660e-34	1.65586e-50	-7.57170e-17	6.26496e-50	6.41910e-34	-3.21824e-53	-4.77472e-35	4.66007e-51	2.04699e-17	1.78912e-50	1.83314e-34	8.70031e-54	-1.21268e-35	1.18356e-51	-6.16263e-18	5.56034e-51	5.69715e-35	-2.61889e-54	-4.39575e-36	4.29022e-52	1.65071e-18	1.70930e-51	1.75137e-35	7.01488e-55	-1.27533e-36	1.24478e-52	-4.40197e-19	4.80031e-52	4.91870e-36	-1.87063e-55	-4.13490e-37	4.03779e-53	1.10080e-19	1.14703e-52	1.17623e-36	4.67658e-56	-1.98341e-39	3.92162e-56	-1.24056e-22	7.15201e-59	7.25949e-43	8.82732e-62
2.27502e-31	-1.02374e-13	-1.75471e-31	2.19579e-15	5.37808e-33	-3.28094e-16	-3.27515e-32	-1.91329e-11	4.70184e-32	5.18581e-11	1.36339e-31	8.79144e-17	-1.07027e-32	-5.90632e-11	-1.26022e-32	2.16894e-10	4.06105e-32	-2.35633e-17	-3.04631e-33	-2.06745e-10	3.39032e-33	7.76657e-10	1.15598e-32	6.33872e-18	-8.40549e-34	-7.88565e-10	-9.59101e-34	2.82679e-09	3.36408e-33	-1.79160e-18	-2.59526e-34	-2.72514e-09	2.56997e-34	1.02400e-08	9.82762e-34	4.80070e-19	-7.38244e-35	-9.60022e-09	-6.88848e-35	3.62289e-08	2.78916e-34	-1.28676e-19	-2.08665e-35	-3.40454e-08	1.85429e-35	1.28131e-07	7.92258e-35	3.46356e-20	-5.73004e-36	-1.31430e-07	-5.28663e-36	4.67892e-07	2.31456e-35	-9.86604e-21	-1.79309e-36	-4.53030e-07	1.41659e-36	1.70113e-06	6.79290e-36	2.64367e-21	-5.10362e-37	-1.59530e-06	-3.79722e-37	6.02029e-06	1.92839e-36	-7.08643e-22	-1.44192e-37	-5.64797e-06	1.02301e-37	2.12796e-05	5.48017e-37	1.90902e-22	-3.93387e-38	-2.11709e-05	-2.94801e-38	7.68260e-05	1.61015e-37	-5.49642e-23	-1.25477e-38	-2.49425e-07	7.89944e-39	1.80997e-04	4.75637e-38	1.47281e-23	-3.57437e-39	2.03813e-05	-2.11765e-39	7.96772e-05	1.35076e-38	-3.94824e-24	-1.00925e-39	6.05202e-06	5.71175e-40	2.30732e-05	3.84118e-39	1.06485e-24	-2.72703e-40	1.63943e-06	-1.67047e-40	6.84052e-06	1.13773e-39	-3.11157e-25	-8.94053e-41	5.37566e-07	4.47621e-41	2.03945e-06	3.39189e-40	8.33778e-26	-2.54981e-41	1.53313e-07	-1.20010e-41	5.79488e-07	9.63768e-41	-2.23541e-26	-7.19349e-42	4.32525e-08	3.24207e-42	1.64941e-07	2.74319e-41	6.03853e-27	-1.91613e-42	1.15212e-08	-9.67255e-43	4.94091e-08	8.21742e-42	-1.80005e-27	-6.53294e-43	3.92808e-09	2.59189e-43	1.49198e-08	2.48136e-42	4.82347e-28	-1.86616e-43	1.12207e-09	-6.95015e-44	4.24236e-09	7.05562e-43	-1.29341e-28	-5.25856e-44	3.16183e-10	1.88169e-44	1.20905e-09	2.01082e-43	3.50155e-29	-1.37045e-44	8.24015e-11	-5.76591e-45	3.68017e-10	6.12063e-44	-1.07212e-29	-4.94608e-45	2.97395e-11	1.54508e-45	1.13139e-10	1.88165e-44	2.87263e-30	-1.41600e-45	8.51400e-12	-4.14407e-46	3.22028e-11	5.35577e-45	-7.69376e-31	-3.98300e-46	2.39487e-12	1.12548e-46	9.19496e-12	1.52925e-45	2.04874e-31	-1.00094e-46	6.01839e-13	-3.57863e-47	2.86661e-12	4.76757e-46	-5.01178e-32	-3.94660e-47	2.37298e-13	9.58984e-48	9.04860e-13	1.50491e-46	-5.77589e-32	-1.13341e-47	6.81489e-14	-2.57307e-48	2.57937e-13	4.28985e-47	2.81154e-31	-3.17800e-48	1.91084e-14	7.02436e-49	7.38916e-14	1.22892e-47	-1.06686e-30	-7.39680e-49	4.44750e-15	-2.36676e-49	2.40425e-14	3.99861e-48	3.98627e-30	-3.45118e-49	2.07510e-15	6.34200e-50	7.94250e-15	1.32095e-48	-2.03104e-29	-9.97020e-50	5.99482e-16	-1.70043e-50	2.26814e-15	3.77223e-49	7.72555e-29	-2.80590e-50	1.68711e-16	4.59707e-51	6.47725e-16	1.07726e-49	-2.88711e-28	-7.12642e-51	4.28492e-17	-1.38398e-51	2.01304e-16	3.34797e-50	1.07759e-27	-2.58321e-51	1.55321e-17	3.70710e-52	6.18829e-17	1.02920e-50	-4.60045e-27	-7.49500e-52	4.50654e-18	-9.88579e-53	1.73788e-17	2.89034e-51	1.73242e-26	-2.43122e-52	1.46183e-18	2.47214e-53	4.15265e-18	6.90642e-52	-6.46964e-26	-2.36127e-55	1.41977e-21	-2.78600e-56	2.60109e-24	4.28376e-58	2.41461e-25
1.02107e-13	-2.28608e-31	-1.79789e-15	3.84408e-33	2.19585e-15	-6.52503e-32	1.91329e-11	3.27352e-32	4.81752e-16	1.36316e-31	5.18579e-11	1.74841e-32	5.90632e-11	1.07024e-32	-1.29122e-16	4.06102e-32	2.16894e-10	-4.68618e-33	2.06745e-10	3.04630e-33	3.47373e-17	1.15598e-32	7.76657e-10	1.26062e-33	7.88565e-10	8.40549e-34	-9.82699e-18	3.36408e-33	2.82679e-09	-3.56308e-34	2.72514e-09	2.59526e-34	2.63320e-18	9.82762e-34	1.02400e-08	9.54747e-35	9.60022e-09	7.38244e-35	-7.05797e-19	2.78916e-34	3.62289e-08	-2.55907e-35	3.40454e-08	2.08665e-35	1.89991e-19	7.92258e-35	1.28131e-07	6.88822e-36	1.31430e-07	5.73004e-36	-5.41670e-20	2.31456e-35	4.67892e-07	-1.96212e-36	4.53030e-07	1.79309e-36	1.45144e-20	6.79290e-36	1.70113e-06	5.25764e-37	1.59530e-06	5.10362e-37	-3.89065e-21	1.92839e-36	6.02029e-06	-1.40933e-37	5.64797e-06	1.44192e-37	1.04818e-21	5.48017e-37	2.12796e-05	3.79659e-38	2.11709e-05	3.93387e-38	-3.02054e-22	1.61015e-37	7.68260e-05	-1.09311e-38	2.49425e-07	1.25477e-38	8.09379e-23	4.75637e-38	1.80997e-04	2.92907e-39	-2.03813e-05	3.57437e-39	-2.16976e-23	1.35076e-38	7.96772e-05	-7.85212e-40	-6.05202e-06	1.00925e-39	5.85228e-24	3.84118e-39	2.30732e-05	2.11773e-40	-1.63943e-06	2.72703e-40	-1.71157e-24	1.13773e-39	6.84052e-06	-6.18819e-41	-5.37566e-07	8.94053e-41	4.58634e-25	3.39189e-40	2.03945e-06	1.65819e-41	-1.53313e-07	2.54981e-41	-1.22963e-25	9.63768e-41	5.79488e-07	-4.44570e-42	-4.32525e-08	7.19349e-42	3.32184e-26	2.74319e-41	1.64941e-07	1.20092e-42	-1.15212e-08	1.91613e-42	-9.91053e-27	8.21742e-42	4.94091e-08	-3.57988e-43	-3.92808e-09	6.53294e-43	2.65566e-27	2.48136e-42	1.49198e-08	9.59276e-44	-1.12207e-09	1.86616e-43	-7.12115e-28	7.05562e-43	4.24236e-09	-2.57228e-44	-3.16183e-10	5.25856e-44	1.92798e-28	2.01082e-43	1.20905e-09	6.96376e-45	-8.24015e-11	1.37045e-44	-5.90777e-29	6.12063e-44	3.68017e-10	-2.13220e-45	-2.97395e-11	4.94608e-45	1.58309e-29	1.88165e-44	1.13139e-10	5.71361e-46	-8.51400e-12	1.41600e-45	-4.24603e-30	5.35577e-45	3.22028e-11	-1.53245e-46	-2.39487e-12	3.98300e-46	1.15317e-30	1.52925e-45	9.19496e-12	4.16171e-47	-6.01839e-13	1.00094e-46	-3.66668e-31	4.76757e-46	2.86661e-12	-1.32240e-47	-2.37298e-13	3.94660e-47	9.82579e-32	1.50491e-46	9.04860e-13	3.54369e-48	-6.81489e-14	1.13341e-47	-2.63638e-32	4.28985e-47	2.57937e-13	-9.50812e-49	-1.91084e-14	3.17800e-48	7.19719e-33	1.22892e-47	7.38916e-14	2.59555e-49	-4.44750e-15	7.39680e-49	-2.42499e-33	3.99861e-48	2.40425e-14	-8.74087e-50	-2.07510e-15	3.45118e-49	6.49804e-34	1.32095e-48	7.94250e-15	2.34222e-50	-5.99482e-16	9.97020e-50	-1.74226e-34	3.77223e-49	2.26814e-15	-6.27998e-51	-1.68711e-16	2.80590e-50	4.71017e-35	1.07726e-49	6.47725e-16	1.69776e-51	-4.28492e-17	7.12642e-51	-1.41803e-35	3.34797e-50	2.01304e-16	-5.11042e-52	-1.55321e-17	2.58321e-51	3.79804e-36	1.02920e-50	6.18829e-17	1.36886e-52	-4.50654e-18	7.49500e-52	-1.01190e-36	2.89034e-51	1.73788e-17	-3.65031e-53	-1.46183e-18	2.43122e-52	2.49549e-37	6.90642e-52	4.15265e-18	9.12609e-54	-1.41977e-21	2.36127e-55	1.37026e-38	3.68954e-58	2.57571e-24	-1.24409e-57
1.39540e-32	-7.16587e-17	-3.33427e-34	-1.68726e-20	4.08836e-34	-8.81601e-17	-2.01772e-33	1.01237e-17	8.93432e-35	4.21926e-17	8.39716e-33	1.46674e-13	-6.59105e-34	3.31382e-18	-2.39464e-35	1.25747e-17	2.50089e-33	-5.86610e-13	-1.87598e-34	9.43284e-19	6.44221e-36	3.57948e-18	7.11876e-34	2.19976e-12	-5.17628e-35	2.60276e-19	-1.82246e-36	1.04169e-18	2.07167e-34	-8.21245e-12	-1.59822e-35	8.03622e-20	4.88339e-37	3.04312e-19	6.05205e-35	3.24446e-11	-4.54626e-36	2.28597e-20	-1.30893e-37	8.63662e-20	1.71762e-35	-1.21566e-10	-1.28500e-36	6.46131e-21	3.52347e-38	2.45323e-20	4.87889e-36	4.53820e-10	-3.52868e-37	1.77431e-21	-1.00455e-38	7.16702e-21	1.42535e-36	-1.69371e-09	-1.10422e-37	5.55230e-22	2.69177e-39	2.10342e-21	4.18321e-37	6.75110e-09	-3.14292e-38	1.58034e-22	-7.21539e-40	5.97127e-22	1.18755e-37	-2.53107e-08	-8.87965e-39	4.46491e-23	1.94389e-40	1.69693e-22	3.37480e-38	9.44917e-08	-2.42256e-39	1.21812e-23	-5.60174e-41	4.98582e-23	9.91562e-39	-3.52656e-07	-7.72711e-40	3.88538e-24	1.50103e-41	1.47281e-23	2.92907e-39	1.42345e-06	-2.20117e-40	1.10680e-24	-4.02391e-42	4.18264e-24	8.31828e-40	-3.81592e-07	-6.21518e-41	3.12514e-25	1.08533e-42	1.18942e-24	2.36548e-40	1.02916e-07	-1.67936e-41	8.44425e-26	-3.17419e-43	3.52299e-25	7.00640e-41	-3.00729e-08	-5.50576e-42	2.76843e-26	8.50559e-44	1.05030e-25	2.08879e-41	8.05835e-09	-1.57022e-42	7.89547e-27	-2.28041e-44	2.98431e-26	5.93509e-42	-2.16049e-09	-4.42990e-43	2.22746e-27	6.16051e-45	8.49428e-27	1.68931e-42	5.83616e-10	-1.17999e-43	5.93329e-28	-1.83796e-45	2.54452e-27	5.06046e-43	-1.73972e-10	-4.02312e-44	2.02292e-28	4.92505e-46	7.68353e-28	1.52807e-43	4.66182e-11	-1.14922e-44	5.77857e-29	-1.32065e-46	2.18477e-28	4.34500e-44	-1.25006e-11	-3.23833e-45	1.62831e-29	3.57553e-47	6.22651e-29	1.23831e-44	3.38420e-12	-8.43951e-46	4.24361e-30	-1.09562e-47	1.89525e-29	3.76921e-45	-1.03619e-12	-3.04590e-46	1.53160e-30	2.93592e-48	5.82638e-30	1.15876e-45	2.77666e-13	-8.72000e-47	4.38609e-31	-7.87446e-49	1.65787e-30	3.29820e-46	-7.44727e-14	-2.45281e-47	1.23855e-31	2.13862e-49	4.71582e-31	9.41743e-47	2.02248e-14	-6.16400e-48	3.33360e-32	-6.80003e-50	1.40051e-31	2.93597e-47	-6.42648e-15	-2.43040e-48	2.00693e-32	1.82224e-50	1.74584e-32	9.26753e-48	1.72214e-15	-6.97977e-49	3.10314e-32	-4.88929e-51	-9.04220e-32	2.64178e-48	-4.62069e-16	-1.95708e-49	9.99988e-32	1.33475e-51	-3.65156e-31	7.56794e-49	1.26137e-16	-4.55511e-50	4.81344e-31	-4.49726e-52	-1.48375e-30	2.46243e-49	-4.24782e-17	-2.12531e-50	1.60229e-30	1.20509e-52	-5.90538e-30	8.13467e-50	1.13825e-17	-6.13986e-51	5.59745e-30	-3.23111e-53	-2.10854e-29	2.32302e-50	-3.05190e-18	-1.72793e-51	1.99598e-29	8.73523e-54	-7.47990e-29	6.63396e-51	8.25063e-19	-4.38860e-52	8.54549e-29	-2.62981e-54	-2.84855e-28	2.06175e-51	-2.48353e-19	-1.59079e-52	2.82475e-28	7.04415e-55	-1.10111e-27	6.33801e-52	6.65231e-20	-4.61557e-53	9.87004e-28	-1.87848e-55	-3.91319e-27	1.77993e-52	-1.77395e-20	-1.49719e-53	3.31062e-27	4.69751e-56	-1.35721e-26	4.25312e-53	4.43504e-21	-1.45412e-56	2.22392e-29	-5.29389e-59	-3.09288e-26	2.63803e-59	-6.24111e-25
-7.67327e-15	1.71797e-32	1.35110e-16	-2.88880e-34	-1.65016e-16	4.90350e-33	-1.43782e-12	-2.46003e-33	-3.62033e-17	-1.02440e-32	-3.89708e-12	-1.31392e-33	-4.43855e-12	-8.04279e-34	9.70344e-18	-3.05182e-33	-1.62994e-11	3.52163e-34	-1.55367e-11	-2.28927e-34	-2.61048e-18	-8.68707e-34	-5.83651e-11	-9.47347e-35	-5.92600e-11	-6.31665e-35	7.38490e-19	-2.52808e-34	-2.12431e-10	2.67763e-35	-2.04792e-10	-1.95032e-35	-1.97882e-19	-7.38538e-35	-7.69531e-10	-7.17485e-36	-7.21448e-10	-5.54784e-36	5.30400e-20	-2.09603e-35	-2.72257e-09	1.92312e-36	-2.55848e-09	-1.56810e-36	-1.42777e-20	-5.95375e-36	-9.62890e-09	-5.17644e-37	-9.87686e-09	-4.30608e-37	4.07060e-21	-1.73937e-36	-3.51617e-08	1.47452e-37	-3.40450e-08	-1.34749e-37	-1.09075e-21	-5.10481e-37	-1.27839e-07	-3.95107e-38	-1.19900e-07	-3.83533e-38	2.92379e-22	-1.44917e-37	-4.52440e-07	1.05910e-38	-4.25412e-07	-1.08359e-38	-7.87695e-23	-4.11830e-38	-1.60049e-06	-2.85311e-39	-1.65721e-06	-2.95627e-39	2.26991e-23	-1.21001e-38	-5.86528e-06	8.21462e-40	-4.92553e-06	-9.42946e-40	-6.08242e-24	-3.57437e-39	-2.03813e-05	-2.20117e-40	3.47396e-05	-2.68611e-40	1.63055e-24	-1.01509e-39	4.43685e-08	5.90080e-41	-4.88759e-06	-7.58444e-41	-4.39794e-25	-2.88661e-40	2.05502e-05	-1.59146e-41	-1.52585e-06	-2.04934e-41	1.28623e-25	-8.54997e-41	6.40211e-06	4.65037e-42	-5.04315e-07	-6.71873e-42	-3.44660e-26	-2.54897e-41	1.91375e-06	-1.24611e-42	-1.43880e-07	-1.91616e-42	9.24057e-27	-7.24264e-42	5.43842e-07	3.34091e-43	-4.05922e-08	-5.40585e-43	-2.49634e-27	-2.06148e-42	1.54796e-07	-9.02483e-44	-1.08125e-08	-1.43995e-43	7.44768e-28	-6.17532e-43	4.63701e-08	2.69025e-44	-3.68648e-09	-4.90945e-44	-1.99571e-28	-1.86472e-43	1.40021e-08	-7.20888e-45	-1.05306e-09	-1.40241e-44	5.35148e-29	-5.30224e-44	3.98142e-09	1.93305e-45	-2.96736e-10	-3.95176e-45	-1.44886e-29	-1.51112e-44	1.13469e-09	-5.23321e-46	-7.73332e-11	-1.02988e-45	4.43964e-30	-4.59960e-45	3.45381e-10	1.60233e-46	-2.79103e-11	-3.71694e-46	-1.18968e-30	-1.41405e-45	1.06180e-10	-4.29373e-47	-7.99034e-12	-1.06411e-46	3.19085e-31	-4.02482e-46	3.02221e-11	1.15162e-47	-2.24757e-12	-2.99319e-47	-8.66600e-32	-1.14922e-46	8.62940e-12	-3.12749e-48	-5.64822e-13	-7.52199e-48	2.75548e-32	-3.58279e-47	2.69029e-12	9.93769e-49	-2.22703e-13	-2.96584e-48	-7.38400e-33	-1.13092e-47	8.49205e-13	-2.66305e-49	-6.39573e-14	-8.51748e-49	1.98121e-33	-3.22378e-48	2.42072e-13	7.14527e-50	-1.79331e-14	-2.38824e-49	-5.40863e-34	-9.23522e-49	6.93468e-14	-1.95053e-50	-4.17395e-15	-5.55864e-50	1.82236e-34	-3.00492e-49	2.25638e-14	6.56869e-51	-1.94747e-15	-2.59353e-50	-4.88322e-35	-9.92680e-50	7.45398e-15	-1.76016e-51	-5.62609e-16	-7.49252e-51	1.30930e-35	-2.83480e-50	2.12863e-15	4.71935e-52	-1.58334e-16	-2.10861e-51	-3.53967e-36	-8.09548e-51	6.07885e-16	-1.27585e-52	-4.02137e-17	-5.35544e-52	1.06570e-36	-2.51597e-51	1.88923e-16	3.84044e-53	-1.45768e-17	-1.94126e-52	-2.85690e-37	-7.73433e-52	5.80766e-17	-1.02869e-53	-4.22936e-18	-5.63243e-53	7.70606e-38	-2.17206e-52	1.63099e-17	2.74318e-54	-1.37191e-18	-1.82704e-53	-2.25524e-38	-5.19012e-53	3.89723e-18	-6.85818e-55	-1.33244e-21	-1.77447e-56	1.31491e-38	-2.77266e-59	2.41729e-24	9.34925e-59
1.70966e-32	-7.69333e-15	-1.31865e-32	1.65012e-16	4.04158e-34	-2.46560e-17	-2.46125e-33	-1.43782e-12	3.53339e-33	3.89709e-12	1.02457e-32	6.60669e-18	-8.04297e-34	-4.43855e-12	-9.47043e-34	1.62994e-11	3.05184e-33	-1.77076e-18	-2.28927e-34	-1.55367e-11	2.54780e-34	5.83651e-11	8.68708e-34	4.76349e-19	-6.31665e-35	-5.92600e-11	-7.20756e-35	2.12431e-10	2.52808e-34	-1.34638e-19	-1.95032e-35	-2.04792e-10	1.93131e-35	7.69531e-10	7.38538e-35	3.60769e-20	-5.54784e-36	-7.21448e-10	-5.17664e-36	2.72257e-09	2.09603e-35	-9.66993e-21	-1.56810e-36	-2.55848e-09	1.39348e-36	9.62890e-09	5.95375e-36	2.60284e-21	-4.30608e-37	-9.87686e-09	-3.97286e-37	3.51617e-08	1.73937e-36	-7.41425e-22	-1.34749e-37	-3.40450e-08	1.06455e-37	1.27839e-07	5.10481e-37	1.98670e-22	-3.83533e-38	-1.19900e-07	-2.85358e-38	4.52440e-07	1.44917e-37	-5.32540e-23	-1.08359e-38	-4.25412e-07	7.68780e-39	1.60049e-06	4.11830e-38	1.43461e-23	-2.95627e-39	-1.65721e-06	-2.21540e-39	5.86528e-06	1.21001e-38	-4.13051e-24	-9.42946e-40	-4.92553e-06	5.93636e-40	2.03813e-05	3.57437e-39	1.10680e-24	-2.68611e-40	3.47396e-05	-1.59140e-40	-4.43685e-08	1.01509e-39	-2.96707e-25	-7.58444e-41	-4.88759e-06	4.29233e-41	-2.05502e-05	2.88661e-40	8.00225e-26	-2.04934e-41	-1.52585e-06	-1.25535e-41	-6.40211e-06	8.54997e-41	-2.33832e-26	-6.71873e-42	-5.04315e-07	3.36383e-42	-1.91375e-06	2.54897e-41	6.26577e-27	-1.91616e-42	-1.43880e-07	-9.01868e-43	-5.43842e-07	7.24264e-42	-1.67989e-27	-5.40585e-43	-4.05922e-08	2.43639e-43	-1.54796e-07	2.06148e-42	4.53791e-28	-1.43995e-43	-1.08125e-08	-7.26884e-44	-4.63701e-08	6.17532e-43	-1.35272e-28	-4.90945e-44	-3.68648e-09	1.94778e-44	-1.40021e-08	1.86472e-43	3.62480e-29	-1.40241e-44	-1.05306e-09	-5.22298e-45	-3.98142e-09	5.30224e-44	-9.71985e-30	-3.95176e-45	-2.96736e-10	1.41407e-45	-1.13469e-09	1.51112e-44	2.63140e-30	-1.02988e-45	-7.73332e-11	-4.33303e-46	-3.45381e-10	4.59960e-45	-8.05758e-31	-3.71694e-46	-2.79103e-11	1.16111e-46	-1.06180e-10	1.41405e-45	2.16192e-31	-1.06411e-46	-7.99034e-12	-3.11423e-47	-3.02221e-11	4.02482e-46	-5.90088e-32	-2.99319e-47	-2.24757e-12	8.45791e-48	-8.62940e-12	1.14922e-46	1.98435e-32	-7.52199e-48	-5.64822e-13	-2.68931e-48	-2.69029e-12	3.58279e-47	-2.03652e-32	-2.96584e-48	-2.22703e-13	7.20669e-49	-8.49205e-13	1.13092e-47	7.22680e-32	-8.51748e-49	-6.39573e-14	-1.93364e-49	-2.42072e-13	3.22378e-48	-2.68707e-31	-2.38824e-49	-1.79331e-14	5.27875e-50	-6.93468e-14	9.23522e-49	1.00256e-30	-5.55864e-50	-4.17395e-15	-1.77860e-50	-2.25638e-14	3.00492e-49	-3.74153e-30	-2.59353e-50	-1.94747e-15	4.76596e-51	-7.45398e-15	9.92680e-50	1.90613e-29	-7.49252e-51	-5.62609e-16	-1.27786e-51	-2.12863e-15	2.83480e-50	-7.25038e-29	-2.10861e-51	-1.58334e-16	3.45466e-52	-6.07885e-16	8.09548e-51	2.70954e-28	-5.35544e-52	-4.02137e-17	-1.04005e-52	-1.88923e-16	2.51597e-51	-1.01131e-27	-1.94126e-52	-1.45768e-17	2.78586e-53	-5.80766e-17	7.73433e-52	4.31749e-27	-5.63243e-53	-4.22936e-18	-7.42909e-54	-1.63099e-17	2.17206e-52	-1.62587e-26	-1.82704e-53	-1.37191e-18	1.85780e-54	-3.89723e-18	5.19012e-53	6.07171e-26	-1.77447e-56	-1.33244e-21	-2.09366e-57	-2.44111e-24	3.21921e-59	-2.26610e-25
-1.03705e-16	1.01234e-32	2.02118e-15	-2.47120e-34	-2.55858e-18	8.96398e-35	1.49416e-17	-1.45826e-33	-9.68900e-13	-6.07024e-33	-6.21963e-17	-2.40194e-35	4.88235e-18	-4.76510e-34	3.87358e-12	-1.80808e-33	-1.85257e-17	6.43780e-36	1.38966e-18	-1.35629e-34	-1.45254e-11	-5.14670e-34	-5.27332e-18	-1.73182e-36	3.83440e-19	-3.74233e-35	5.42281e-11	-1.49777e-34	-1.53462e-18	4.89491e-37	1.18390e-19	-1.15547e-35	-2.14452e-10	-4.37550e-35	-4.48315e-19	-1.31162e-37	3.36771e-20	-3.28684e-36	8.03579e-10	-1.24180e-35	-1.27235e-19	3.51561e-38	9.51885e-21	-9.29028e-37	-2.99987e-09	-3.52733e-36	-3.61411e-20	-9.46292e-39	2.61392e-21	-2.55115e-37	1.11959e-08	-1.03050e-36	-1.05585e-20	2.69554e-39	8.17969e-22	-7.98328e-38	-4.46721e-08	-3.02437e-37	-3.09878e-21	-7.22287e-40	2.32816e-22	-2.27226e-38	1.67492e-07	-8.58568e-38	-8.79692e-22	1.93611e-40	6.57774e-23	-6.41979e-39	-6.25298e-07	-2.43990e-38	-2.49993e-22	-5.21570e-41	1.79455e-23	-1.75146e-39	2.33370e-06	-7.16877e-39	-7.34515e-23	1.50169e-41	5.72397e-24	-5.58652e-40	-9.42953e-06	-2.11765e-39	-2.16976e-23	-4.02391e-42	1.63055e-24	-1.59140e-40	3.53844e-05	-6.01393e-40	-6.16189e-24	1.07871e-42	4.60399e-25	-4.49343e-41	-9.54391e-06	-1.71019e-40	-1.75226e-24	-2.90931e-43	1.24401e-25	-1.21414e-41	2.79124e-06	-5.06547e-41	-5.19010e-25	8.50123e-44	4.07848e-26	-3.98054e-42	-7.47941e-07	-1.51015e-41	-1.54731e-25	-2.27799e-44	1.16317e-26	-1.13524e-42	2.00528e-07	-4.29093e-42	-4.39651e-26	6.10744e-45	3.28152e-27	-3.20272e-43	-5.41726e-08	-1.22133e-42	-1.25138e-26	-1.64981e-45	8.74097e-28	-8.53107e-44	1.61621e-08	-3.65859e-43	-3.74861e-27	4.91798e-46	2.98019e-28	-2.90862e-44	-4.33086e-09	-1.10476e-43	-1.13194e-27	-1.31784e-46	8.51304e-29	-8.30861e-45	1.16132e-09	-3.14134e-44	-3.21862e-28	3.53376e-47	2.39884e-29	-2.34124e-45	-3.14416e-10	-8.95267e-45	-9.17294e-29	-9.56670e-48	6.25170e-30	-6.10158e-46	9.63440e-11	-2.72505e-45	-2.79210e-29	2.92918e-48	2.25630e-30	-2.20212e-46	-2.58171e-11	-8.37758e-46	-8.58370e-30	-7.84927e-49	6.45947e-31	-6.30436e-47	6.92443e-12	-2.38452e-46	-2.44319e-30	2.10525e-49	1.81696e-31	-1.77333e-47	-1.88060e-12	-6.80859e-47	-6.97610e-31	-5.71729e-50	4.56608e-32	-4.45643e-48	5.97963e-13	-2.12264e-47	-2.17486e-31	1.81669e-50	1.80035e-32	-1.75712e-48	-1.60239e-13	-6.70021e-48	-6.86506e-32	-4.86827e-51	5.17037e-33	-5.04622e-49	4.29941e-14	-1.90994e-48	-1.95694e-32	1.30621e-51	1.44973e-33	-1.41492e-49	-1.17372e-14	-5.47145e-49	-5.60607e-33	-3.56573e-52	3.37426e-34	-3.29324e-50	3.95468e-15	-1.78028e-49	-1.82408e-33	1.20081e-52	1.57435e-34	-1.53655e-50	-1.05970e-15	-5.88118e-50	-6.02588e-34	-3.21770e-53	4.54819e-35	-4.43898e-51	2.84129e-16	-1.67949e-50	-1.72081e-34	8.62734e-54	1.27999e-35	-1.24925e-51	-7.68136e-17	-4.79620e-51	-4.91421e-35	-2.33235e-54	3.25089e-36	-3.17285e-52	2.31253e-17	-1.49060e-51	-1.52728e-35	7.02062e-55	1.17832e-36	-1.15011e-52	-6.19429e-18	-4.58224e-52	-4.69529e-36	-1.88052e-55	3.41631e-37	-3.33696e-53	1.65184e-18	-1.28685e-52	-1.31960e-36	5.01473e-56	1.10068e-37	-1.08244e-53	-4.13077e-19	-3.07491e-53	-3.18725e-37	-1.25368e-56	6.04270e-39	-1.05130e-56	4.65520e-22	-1.91729e-59	-1.84133e-43	-2.36640e-62
6.46082e-32	-2.90733e-14	-4.98322e-32	6.23584e-16	1.52732e-33	-9.31756e-17	-9.30110e-33	-5.43355e-12	1.33528e-32	1.47272e-11	3.87189e-32	2.49668e-17	-3.03946e-33	-1.67734e-11	-3.57890e-33	6.15959e-11	1.15330e-32	-6.69174e-18	-8.65121e-34	-5.87136e-11	9.62818e-34	2.20563e-10	3.28287e-33	1.80013e-18	-2.38708e-34	-2.23945e-10	-2.72375e-34	8.02780e-10	9.55367e-34	-5.08798e-19	-7.37029e-35	-7.73914e-10	7.29845e-35	2.90807e-09	2.79095e-34	1.36335e-19	-2.09654e-35	-2.72637e-09	-1.95626e-35	1.02886e-08	7.92093e-35	-3.65429e-20	-5.92588e-36	-9.66855e-09	5.26599e-36	3.63878e-08	2.24994e-35	9.83618e-21	-1.62728e-36	-3.73249e-08	-1.50135e-36	1.32877e-07	6.57312e-36	-2.80186e-21	-5.09220e-37	-1.28657e-07	4.02297e-37	4.83106e-07	1.92912e-36	7.50777e-22	-1.44938e-37	-4.53110e-07	-1.07837e-37	1.70979e-06	5.47645e-37	-2.01248e-22	-4.09492e-38	-1.60802e-06	2.90524e-38	6.04881e-06	1.55631e-37	5.42143e-23	-1.11718e-38	-6.28859e-06	-8.37206e-39	2.22010e-05	4.57266e-38	-1.56093e-23	-3.56341e-39	-2.05360e-05	2.24336e-39	7.96772e-05	1.35076e-38	4.18264e-24	-1.01509e-39	-4.43685e-08	-6.01393e-40	1.81946e-04	3.83604e-39	-1.12126e-24	-2.86617e-40	2.03676e-05	1.62208e-40	8.02200e-05	1.09086e-39	3.02407e-25	-7.74450e-41	5.78797e-06	-4.74398e-41	2.41979e-05	3.23105e-40	-8.83656e-26	-2.53902e-41	1.90322e-06	1.27120e-41	7.22112e-06	9.63263e-41	2.36785e-26	-7.24120e-42	5.42862e-07	-3.40818e-42	2.05190e-06	2.73701e-41	-6.34834e-27	-2.04288e-42	1.53153e-07	9.20717e-43	5.84037e-07	7.79039e-42	1.71488e-27	-5.44162e-43	4.07953e-08	-2.74691e-43	1.74953e-07	2.33367e-42	-5.11196e-28	-1.85529e-43	1.39089e-08	7.36072e-44	5.28293e-08	7.04682e-43	1.36982e-28	-5.29972e-44	3.97315e-09	-1.97378e-44	1.50217e-08	2.00373e-43	-3.67315e-29	-1.49338e-44	1.11957e-09	5.34380e-45	4.28113e-09	5.71054e-44	9.94399e-30	-3.89194e-45	2.91775e-10	-1.63746e-45	1.30311e-09	1.73820e-44	-3.04447e-30	-1.40464e-45	1.05304e-10	4.38787e-46	4.00613e-10	5.34371e-45	8.14785e-31	-4.02129e-46	3.01472e-11	-1.17687e-46	1.14027e-10	1.52099e-45	-2.14669e-31	-1.13113e-46	8.47999e-12	3.19626e-47	3.25584e-11	4.34292e-46	4.38922e-32	-2.84257e-47	2.13105e-12	-1.01630e-47	1.01504e-11	1.35394e-46	3.91006e-32	-1.12080e-47	8.40249e-13	2.72342e-48	3.20402e-12	4.27379e-47	-2.62552e-31	-3.21877e-48	2.41308e-13	-7.30727e-49	9.13328e-13	1.21827e-47	1.01111e-30	-9.02520e-49	6.76610e-14	1.99485e-49	2.61643e-13	3.49001e-48	-3.78188e-30	-2.10062e-49	1.57481e-14	-6.72137e-50	8.51322e-14	1.13557e-48	1.41164e-29	-9.80102e-50	7.34772e-15	1.80107e-50	2.81236e-14	3.75136e-49	-7.19175e-29	-2.83144e-50	2.12270e-15	-4.82905e-51	8.03124e-15	1.07128e-49	2.73554e-28	-7.96848e-51	5.97388e-16	1.30552e-51	2.29353e-15	3.05930e-50	-1.02230e-27	-2.02383e-51	1.51725e-16	-3.93038e-52	7.12798e-16	9.50791e-51	3.81564e-27	-7.33605e-52	5.49976e-17	1.05278e-52	2.19121e-16	2.92282e-51	-1.62897e-26	-2.12851e-52	1.59572e-17	-2.80747e-53	6.15366e-17	8.20828e-52	6.13432e-26	-6.90442e-53	5.17617e-18	7.02065e-54	1.47041e-17	1.96136e-52	-2.29083e-25	-6.70578e-56	5.02725e-21	-7.91197e-57	9.21020e-24	1.21655e-58	8.54990e-25
2.89974e-14	-6.49223e-32	-5.10582e-16	1.09168e-33	6.23600e-16	-1.85304e-32	5.43356e-12	9.29649e-33	1.36813e-16	3.87125e-32	1.47271e-11	4.96532e-33	1.67734e-11	3.03939e-33	-3.66695e-17	1.15329e-32	6.15959e-11	-1.33083e-33	5.87136e-11	8.65120e-34	9.86507e-18	3.28286e-33	2.20563e-10	3.58005e-34	2.23945e-10	2.38708e-34	-2.79077e-18	9.55367e-34	8.02780e-10	-1.01188e-34	7.73914e-10	7.37029e-35	7.47802e-19	2.79095e-34	2.90807e-09	2.71139e-35	2.72637e-09	2.09654e-35	-2.00439e-19	7.92093e-35	1.02886e-08	-7.26752e-36	9.66855e-09	5.92588e-36	5.39556e-20	2.24994e-35	3.63878e-08	1.95619e-36	3.73249e-08	1.62728e-36	-1.53829e-20	6.57312e-36	1.32877e-07	-5.57224e-37	1.28657e-07	5.09220e-37	4.12195e-21	1.92912e-36	4.83106e-07	1.49312e-37	4.53110e-07	1.44938e-37	-1.10491e-21	5.47645e-37	1.70979e-06	-4.00235e-38	1.60802e-06	4.09492e-38	2.97672e-22	1.55631e-37	6.04881e-06	1.07819e-38	6.28859e-06	1.11718e-38	-8.57805e-23	4.57266e-38	2.22010e-05	-3.10432e-39	2.05360e-05	3.56341e-39	2.29856e-23	1.35076e-38	7.96772e-05	8.31828e-40	4.43685e-08	1.01509e-39	-6.16189e-24	3.83604e-39	1.81946e-04	-2.22993e-40	-2.03676e-05	2.86617e-40	1.66199e-24	1.09086e-39	8.02200e-05	6.01416e-41	-5.78797e-06	7.74450e-41	-4.86070e-25	3.23105e-40	2.41979e-05	-1.75738e-41	-1.90322e-06	2.53902e-41	1.30248e-25	9.63263e-41	7.22112e-06	4.70910e-42	-5.42862e-07	7.24120e-42	-3.49203e-26	2.73701e-41	2.05190e-06	-1.26254e-42	-1.53153e-07	2.04288e-42	9.43370e-27	7.79039e-42	5.84037e-07	3.41050e-43	-4.07953e-08	5.44162e-43	-2.81449e-27	2.33367e-42	1.74953e-07	-1.01665e-43	-1.39089e-08	1.85529e-43	7.54182e-28	7.04682e-43	5.28293e-08	2.72425e-44	-3.97315e-09	5.29972e-44	-2.02234e-28	2.00373e-43	1.50217e-08	-7.30504e-45	-1.11957e-09	1.49338e-44	5.47528e-29	5.71054e-44	4.28113e-09	1.97764e-45	-2.91775e-10	3.89194e-45	-1.67775e-29	1.73820e-44	1.30311e-09	-6.05524e-46	-1.05304e-10	1.40464e-45	4.49583e-30	5.34371e-45	4.00613e-10	1.62261e-46	-3.01472e-11	4.02129e-46	-1.20583e-30	1.52099e-45	1.14027e-10	-4.35200e-47	-8.47999e-12	1.13113e-46	3.27490e-31	4.34292e-46	3.25584e-11	1.18189e-47	-2.13105e-12	2.84257e-47	-1.04130e-31	1.35394e-46	1.01504e-11	-3.75548e-48	-8.40249e-13	1.12080e-47	2.79043e-32	4.27379e-47	3.20402e-12	1.00637e-48	-2.41308e-13	3.21877e-48	-7.48705e-33	1.21827e-47	9.13328e-13	-2.70021e-49	-6.76610e-14	9.02520e-49	2.04393e-33	3.49001e-48	2.61643e-13	7.37111e-50	-1.57481e-14	2.10062e-49	-6.88674e-34	1.13557e-48	8.51322e-14	-2.48232e-50	-7.34772e-15	9.80102e-50	1.84538e-34	3.75136e-49	2.81236e-14	6.65167e-51	-2.12270e-15	2.83144e-50	-4.94786e-35	1.07128e-49	8.03124e-15	-1.78345e-51	-5.97388e-16	7.96848e-51	1.33764e-35	3.05930e-50	2.29353e-15	4.82146e-52	-1.51725e-16	2.02383e-51	-4.02686e-36	9.50791e-51	7.12798e-16	-1.45131e-52	-5.49976e-17	7.33605e-52	1.07774e-36	2.92282e-51	2.19121e-16	3.88744e-53	-1.59572e-17	2.12851e-52	-2.84101e-37	8.20828e-52	6.15366e-17	-1.03665e-53	-5.17617e-18	6.90442e-53	5.86629e-38	1.96136e-52	1.47041e-17	2.59172e-54	-5.02725e-21	6.70578e-56	4.94491e-38	1.04779e-58	9.12032e-24	-3.53310e-58
-3.74073e-33	1.92099e-17	8.93834e-35	4.52311e-21	-1.09599e-34	2.36335e-17	5.40902e-34	-2.71391e-18	-2.39507e-35	-1.13108e-17	-2.25107e-33	-3.93198e-14	1.76690e-34	-8.88353e-19	6.41942e-36	-3.37096e-18	-6.70428e-34	1.57255e-13	5.02904e-35	-2.52871e-19	-1.72700e-36	-9.59569e-19	-1.90836e-34	-5.89702e-13	1.38763e-35	-6.97735e-20	4.88557e-37	-2.79251e-19	-5.55364e-35	2.20155e-12	4.28442e-36	-2.15431e-20	-1.30911e-37	-8.15785e-20	-1.62241e-35	-8.69760e-12	1.21874e-36	-6.12812e-21	3.50892e-38	-2.31526e-20	-4.60451e-36	3.25888e-11	3.44477e-37	-1.73212e-21	-9.44555e-39	-6.57649e-21	-1.30791e-36	-1.21658e-10	9.45951e-38	-4.75647e-22	2.69296e-39	-1.92130e-21	-3.82102e-37	4.54042e-10	2.96015e-38	-1.48843e-22	-7.21596e-40	-5.63875e-22	-1.12141e-37	-1.80980e-09	8.42538e-39	-4.23649e-23	1.93427e-40	-1.60075e-22	-3.18351e-38	6.78517e-09	2.38041e-39	-1.19693e-23	-5.21109e-41	-4.54905e-23	-9.04700e-39	-2.53309e-08	6.49428e-40	-3.26548e-24	1.50169e-41	-1.33657e-23	-2.65813e-39	9.45383e-08	2.07145e-40	-1.04157e-24	-4.02389e-42	-3.94824e-24	-7.85212e-40	-3.81592e-07	5.90080e-41	-2.96707e-25	1.07871e-42	-1.12126e-24	-2.22993e-40	1.43183e-06	1.66613e-41	-8.37773e-26	-2.90951e-43	-3.18854e-25	-6.34126e-41	-3.86167e-07	4.50195e-42	-2.26369e-26	8.50922e-44	-9.44426e-26	-1.87824e-41	1.12841e-07	1.47596e-42	-7.42148e-27	-2.28014e-44	-2.81559e-26	-5.59954e-42	-3.02370e-08	4.20938e-43	-2.11658e-27	6.11321e-45	-8.00019e-27	-1.59105e-42	8.10671e-09	1.18755e-43	-5.97128e-28	-1.65148e-45	-2.27710e-27	-4.52863e-43	-2.18987e-09	3.16326e-44	-1.59057e-28	4.92710e-46	-6.82123e-28	-1.35658e-43	6.52788e-10	1.07850e-44	-5.42295e-29	-1.32028e-46	-2.05976e-28	-4.09639e-44	-1.74923e-10	3.08078e-45	-1.54909e-29	3.54034e-47	-5.85683e-29	-1.16479e-44	4.69054e-11	8.68116e-46	-4.36511e-30	-9.58512e-48	-1.66917e-29	-3.31959e-45	-1.26984e-11	2.26242e-46	-1.13765e-30	2.93710e-48	-5.08054e-30	-1.01043e-45	3.88805e-12	8.16530e-47	-4.10727e-31	-7.87048e-49	-1.56137e-30	-3.10635e-46	-1.04187e-12	2.33762e-47	-1.18087e-31	2.11095e-49	-4.42519e-31	-8.84165e-47	2.79440e-13	6.57538e-48	-3.50182e-32	-5.73310e-50	-1.19628e-31	-2.52458e-47	-7.58885e-14	1.65242e-48	-1.70963e-32	1.82292e-50	-1.11444e-32	-7.87060e-48	2.41138e-14	6.51529e-49	-3.27262e-32	-4.88497e-51	9.68523e-32	-2.48439e-48	-6.46190e-15	1.87110e-49	-1.04210e-31	1.31070e-51	3.85568e-31	-7.08195e-49	1.73380e-15	5.24643e-50	-3.71792e-31	-3.57814e-52	1.38342e-30	-2.02878e-49	-4.73297e-16	1.22111e-50	-1.80533e-30	1.20560e-52	5.57170e-30	-6.60115e-50	1.59389e-16	5.69742e-51	-6.01183e-30	-3.23055e-53	2.21599e-29	-2.18070e-50	-4.27101e-17	1.64594e-51	-2.10029e-29	8.66181e-54	7.91182e-29	-6.22743e-51	1.14515e-17	4.63215e-52	-7.48941e-29	-2.34170e-54	2.80665e-28	-1.77840e-51	-3.09584e-18	1.17647e-52	-3.20648e-28	7.04987e-55	1.06885e-27	-5.52704e-52	9.31882e-19	4.26452e-53	-1.05992e-27	-1.88836e-55	4.13164e-27	-1.69906e-52	-2.49611e-19	1.23732e-53	-3.70349e-27	5.03572e-56	1.46833e-26	-4.77155e-53	6.65632e-20	4.01360e-54	-1.24223e-26	-1.25929e-56	5.09259e-26	-1.14016e-53	-1.66414e-20	3.89813e-57	-8.34472e-29	1.41916e-59	1.16053e-25	-7.07190e-60	2.34182e-24
-2.16660e-15	4.85081e-33	3.81492e-17	-8.15673e-35	-4.65935e-17	1.38454e-33	-4.05980e-13	-6.94606e-34	-1.02223e-17	-2.89248e-33	-1.10037e-12	-3.70994e-34	-1.25326e-12	-2.27094e-34	2.73984e-18	-8.61703e-34	-4.60226e-12	9.94357e-35	-4.38691e-12	-6.46392e-35	-7.37089e-19	-2.45286e-34	-1.64798e-11	-2.67490e-35	-1.67325e-11	-1.78355e-35	2.08518e-19	-7.13822e-35	-5.99813e-11	7.56047e-36	-5.78245e-11	-5.50686e-36	-5.58736e-20	-2.08532e-35	-2.17283e-10	-2.02587e-36	-2.03706e-10	-1.56647e-36	1.49762e-20	-5.91829e-36	-7.68737e-10	5.43008e-37	-7.22406e-10	-4.42765e-37	-4.03140e-21	-1.68109e-36	-2.71879e-09	-1.46160e-37	-2.78880e-09	-1.21585e-37	1.14937e-21	-4.91124e-37	-9.92817e-09	4.16342e-38	-9.61287e-09	-3.80474e-38	-3.07980e-22	-1.44138e-37	-3.60963e-08	-1.11561e-38	-3.38553e-08	-1.08293e-38	8.25553e-23	-4.09184e-38	-1.27751e-07	2.99044e-39	-1.20161e-07	-3.05960e-39	-2.22411e-23	-1.16283e-38	-4.51969e-07	-8.05595e-40	-4.70830e-07	-8.34725e-40	6.40926e-24	-3.41656e-39	-1.66013e-06	2.31946e-40	-1.60588e-06	-2.66248e-40	-1.71742e-24	-1.00925e-39	-6.05202e-06	-6.21518e-41	-4.88759e-06	-7.58444e-41	4.60399e-25	-2.86617e-40	-2.03676e-05	1.66613e-41	3.48187e-05	-2.14152e-41	-1.24179e-25	-8.15056e-41	3.04556e-07	-4.49360e-42	-4.58291e-06	-5.78647e-42	3.63177e-26	-2.41415e-41	2.15860e-05	1.31307e-42	-1.77978e-06	-1.89708e-42	-9.73172e-27	-7.19722e-42	6.78345e-06	-3.51850e-43	-5.11101e-07	-5.41041e-43	2.60914e-27	-2.04501e-42	1.93230e-06	9.43330e-44	-1.44242e-07	-1.52638e-43	-7.04859e-28	-5.82075e-43	5.50065e-07	-2.54823e-44	-3.84225e-08	-4.06582e-44	2.10291e-28	-1.74365e-43	1.64777e-07	7.59611e-45	-1.30999e-08	-1.38622e-44	-5.63503e-29	-5.26518e-44	4.97566e-08	-2.03548e-45	-3.74206e-09	-3.95980e-45	1.51103e-29	-1.49713e-44	1.41480e-08	5.45811e-46	-1.05446e-09	-1.11581e-45	-4.09097e-30	-4.26675e-45	4.03213e-09	-1.47763e-46	-2.74805e-10	-2.90795e-46	1.25356e-30	-1.29873e-45	1.22732e-09	4.52430e-47	-9.91797e-11	-1.04951e-46	-3.35915e-31	-3.99266e-46	3.77312e-10	-1.21237e-47	-2.83938e-11	-3.00459e-47	9.00961e-32	-1.13644e-46	1.07395e-10	3.25168e-48	-7.98678e-12	-8.45149e-48	-2.44691e-32	-3.24490e-47	3.06647e-11	-8.83070e-49	-2.00710e-12	-2.12389e-48	7.78029e-33	-1.01163e-47	9.56000e-12	2.80598e-49	-7.91378e-13	-8.37426e-49	-2.08493e-33	-3.19325e-48	3.01766e-12	-7.51933e-50	-2.27273e-13	-2.40497e-49	5.59411e-34	-9.10259e-49	8.60207e-13	2.01752e-50	-6.37257e-14	-6.74336e-50	-1.52717e-34	-2.60763e-49	2.46425e-13	-5.50748e-51	-1.48322e-14	-1.56952e-50	5.14557e-35	-8.48461e-50	8.01807e-14	1.85472e-51	-6.92036e-15	-7.32303e-51	-1.37881e-35	-2.80291e-50	2.64878e-14	-4.96993e-52	-1.99924e-15	-2.11557e-51	3.69691e-36	-8.00425e-51	7.56413e-15	1.33254e-52	-5.62643e-16	-5.95381e-52	-9.99503e-37	-2.28582e-51	2.16013e-15	-3.60245e-53	-1.42900e-16	-1.51215e-52	3.01100e-37	-7.10403e-52	6.71340e-16	1.08438e-53	-5.17989e-17	-5.48128e-53	-8.14848e-38	-2.18385e-52	2.06376e-16	-2.90458e-54	-1.50291e-17	-1.59036e-53	2.48396e-38	-6.13298e-53	5.79575e-17	7.74557e-55	-4.87512e-18	-5.15878e-54	-1.78738e-38	-1.46547e-53	1.38489e-17	-1.93646e-55	-4.73486e-21	-5.01036e-57	4.66554e-38	-7.82881e-60	8.58986e-24	2.63983e-59
4.82734e-33	-2.17227e-15	-3.72331e-33	4.65924e-17	1.14117e-34	-6.96180e-18	-6.94951e-34	-4.05979e-13	9.97680e-34	1.10037e-12	2.89296e-33	1.86545e-18	-2.27099e-34	-1.25326e-12	-2.67405e-34	4.60226e-12	8.61710e-34	-4.99987e-19	-6.46393e-35	-4.38691e-12	7.19389e-35	1.64798e-11	2.45286e-34	1.34501e-19	-1.78355e-35	-1.67325e-11	-2.03511e-35	5.99813e-11	7.13822e-35	-3.80159e-20	-5.50686e-36	-5.78245e-11	5.45319e-36	2.17283e-10	2.08532e-35	1.01866e-20	-1.56647e-36	-2.03706e-10	-1.46166e-36	7.68737e-10	5.91829e-36	-2.73038e-21	-4.42765e-37	-7.22406e-10	3.93460e-37	2.71879e-09	1.68109e-36	7.34931e-22	-1.21585e-37	-2.78880e-09	-1.12177e-37	9.92817e-09	4.91124e-37	-2.09347e-22	-3.80474e-38	-9.61287e-09	3.00585e-38	3.60963e-08	1.44138e-37	5.60959e-23	-1.08293e-38	-3.38553e-08	-8.05729e-39	1.27751e-07	4.09184e-38	-1.50366e-23	-3.05960e-39	-1.20161e-07	2.17071e-39	4.51969e-07	1.16283e-38	4.05073e-24	-8.34725e-40	-4.70830e-07	-6.25536e-40	1.66013e-06	3.41656e-39	-1.16628e-24	-2.66248e-40	-1.60588e-06	1.67618e-40	6.05202e-06	1.00925e-39	3.12514e-25	-7.58444e-41	-4.88759e-06	-4.49343e-41	2.03676e-05	2.86617e-40	-8.37773e-26	-2.14152e-41	3.48187e-05	1.21197e-41	-3.04556e-07	8.15056e-41	2.25949e-26	-5.78647e-42	-4.58291e-06	-3.54456e-42	-2.15860e-05	2.41415e-41	-6.60242e-27	-1.89708e-42	-1.77978e-06	9.49803e-43	-6.78345e-06	7.19722e-42	1.76919e-27	-5.41041e-43	-5.11101e-07	-2.54649e-43	-1.93230e-06	2.04501e-42	-4.74329e-28	-1.52638e-43	-1.44242e-07	6.87933e-44	-5.50065e-07	5.82075e-43	1.28131e-28	-4.06582e-44	-3.84225e-08	-2.05241e-44	-1.64777e-07	1.74365e-43	-3.81951e-29	-1.38622e-44	-1.30999e-08	5.49971e-45	-4.97566e-08	5.26518e-44	1.02349e-29	-3.95980e-45	-3.74206e-09	-1.47475e-45	-1.41480e-08	1.49713e-44	-2.74449e-30	-1.11581e-45	-1.05446e-09	3.99273e-46	-4.03213e-09	4.26675e-45	7.43054e-31	-2.90795e-46	-2.74805e-10	-1.22346e-46	-1.22732e-09	1.29873e-45	-2.27730e-31	-1.04951e-46	-9.91797e-11	3.27849e-47	-3.77312e-10	3.99266e-46	6.19996e-32	-3.00459e-47	-2.83938e-11	-8.79326e-48	-1.07395e-10	1.13644e-46	-2.02681e-32	-8.45149e-48	-7.98678e-12	2.38815e-48	-3.06647e-11	3.24490e-47	1.90726e-32	-2.12389e-48	-2.00710e-12	-7.59347e-49	-9.56000e-12	1.01163e-47	-5.60225e-32	-8.37426e-49	-7.91378e-13	2.03486e-49	-3.01766e-12	3.19325e-48	2.52425e-31	-2.40497e-49	-2.27273e-13	-5.45978e-50	-8.60207e-13	9.10259e-49	-9.53679e-31	-6.74336e-50	-6.37257e-14	1.49049e-50	-2.46425e-13	2.60763e-49	3.56229e-30	-1.56952e-50	-1.48322e-14	-5.02201e-51	-8.01807e-14	8.48461e-50	-1.32955e-29	-7.32303e-51	-6.92036e-15	1.34570e-51	-2.64878e-14	2.80291e-50	6.77347e-29	-2.11557e-51	-1.99924e-15	-3.60812e-52	-7.56413e-15	8.00425e-51	-2.57643e-28	-5.95381e-52	-5.62643e-16	9.75447e-53	-2.16013e-15	2.28582e-51	9.62838e-28	-1.51215e-52	-1.42900e-16	-2.93666e-53	-6.71340e-16	7.10403e-52	-3.59371e-27	-5.48128e-53	-5.17989e-17	7.86607e-54	-2.06376e-16	2.18385e-52	1.53423e-26	-1.59036e-53	-1.50291e-17	-2.09766e-54	-5.79575e-17	6.13298e-53	-5.77754e-26	-5.15878e-54	-4.87512e-18	5.24562e-55	-1.38489e-17	1.46547e-53	2.15759e-25	-5.01036e-57	-4.73486e-21	-5.91159e-58	-8.67451e-24	9.08967e-60	-8.05262e-25
2.79715e-17	-2.73049e-33	-5.45155e-16	6.66534e-35	6.90102e-19	-2.41777e-35	-4.03007e-18	3.93322e-34	2.61332e-13	1.63727e-33	1.67756e-17	6.47853e-36	-1.31687e-18	1.28525e-34	-1.04478e-12	4.87677e-34	4.99675e-18	-1.73641e-36	-3.74820e-19	3.65820e-35	3.91781e-12	1.38817e-34	1.42233e-18	4.67109e-37	-1.03422e-19	1.00938e-35	-1.46264e-11	4.03980e-35	4.13920e-19	-1.32026e-37	-3.19323e-20	3.11655e-36	5.78421e-11	1.18016e-35	1.20920e-19	3.53770e-38	-9.08342e-21	8.86530e-37	-2.16742e-10	3.34940e-36	3.43180e-20	-9.48234e-39	-2.56743e-21	2.50578e-37	8.09126e-10	9.51393e-37	9.74801e-21	2.55235e-39	-7.05029e-22	6.88099e-38	-3.01976e-09	2.77947e-37	2.84785e-21	-7.27042e-40	-2.20623e-22	2.15326e-38	1.20490e-08	8.15734e-38	8.35804e-22	1.94816e-40	-6.27954e-23	6.12875e-39	-4.51762e-08	2.31574e-38	2.37271e-22	-5.22209e-41	-1.77415e-23	1.73155e-39	1.68656e-07	6.58093e-39	6.74284e-23	1.40678e-41	-4.84027e-24	4.72404e-40	-6.29447e-07	1.93357e-39	1.98114e-23	-4.05038e-42	-1.54387e-24	1.50680e-40	2.54334e-06	5.71175e-40	5.85228e-24	1.08533e-42	-4.39794e-25	4.29233e-41	-9.54391e-06	1.62208e-40	1.66199e-24	-2.90951e-43	-1.24179e-25	1.21197e-41	3.56323e-05	4.61273e-41	4.72622e-25	7.84701e-44	-3.35536e-26	3.27479e-42	-1.04211e-05	1.36626e-41	1.39988e-25	-2.29296e-44	-1.10005e-26	1.07363e-42	2.79245e-06	4.07319e-42	4.17341e-26	6.14422e-45	-3.13730e-27	3.06197e-43	-7.48675e-07	1.15735e-42	1.18583e-26	-1.64730e-45	-8.85094e-28	8.63840e-44	2.02254e-07	3.29419e-43	3.37524e-27	4.44988e-46	-2.35762e-28	2.30101e-44	-6.03415e-08	9.86799e-44	1.01108e-27	-1.32648e-46	-8.03818e-29	7.84516e-45	1.61693e-08	2.97977e-44	3.05309e-28	3.55448e-47	-2.29614e-29	2.24101e-45	-4.33580e-09	8.47283e-45	8.68130e-29	-9.53129e-48	-6.47018e-30	6.31481e-46	1.17387e-09	2.41472e-45	2.47413e-29	2.58034e-48	-1.68621e-30	1.64572e-46	-3.59702e-10	7.35004e-46	7.53087e-30	-7.90061e-49	-6.08570e-31	5.93957e-47	9.63885e-11	2.25961e-46	2.31520e-30	2.11711e-49	-1.74225e-31	1.70042e-47	-2.58524e-11	6.43155e-47	6.58979e-31	-5.67830e-50	-4.90072e-32	4.78304e-48	7.02123e-12	1.83642e-47	1.88160e-31	1.54207e-50	-1.23157e-32	1.20199e-48	-2.23250e-12	5.72519e-48	5.86605e-32	-4.89998e-51	-4.85593e-33	4.73932e-49	5.98255e-13	1.80719e-48	1.85165e-32	1.31307e-51	-1.39456e-33	1.36107e-49	-1.60519e-13	5.15152e-49	5.27826e-33	-3.52312e-52	-3.91023e-34	3.81634e-50	4.38210e-14	1.47576e-49	1.51207e-33	9.61751e-53	-9.10109e-35	8.88255e-51	-1.47648e-14	4.80178e-50	4.91992e-34	-3.23882e-53	-4.24636e-35	4.14439e-51	3.95641e-15	1.58628e-50	1.62530e-34	8.67880e-54	-1.22674e-35	1.19728e-51	-1.06080e-15	4.52993e-51	4.64138e-35	-2.32697e-54	-3.45238e-36	3.36950e-52	2.86784e-16	1.29364e-51	1.32547e-35	6.29083e-55	-8.76751e-37	8.55785e-53	-8.63387e-17	4.02045e-52	4.11967e-36	-1.89361e-55	-3.17545e-37	3.10208e-53	2.31265e-17	1.23592e-52	1.26748e-36	5.07216e-56	-9.11933e-38	9.00046e-54	-6.16718e-18	3.47090e-53	3.59709e-37	-1.35258e-56	-2.67826e-38	2.91956e-54	1.54223e-18	8.29367e-54	9.86745e-38	3.38144e-57	-2.21874e-38	2.83556e-57	-1.73803e-21	5.17132e-60	1.05816e-44	6.38266e-63
1.83727e-32	-8.26759e-15	-1.41708e-32	1.77329e-16	4.34326e-34	-2.64964e-17	-2.64496e-33	-1.54514e-12	3.79714e-33	4.18798e-12	1.10105e-32	7.09984e-18	-8.64333e-34	-4.76986e-12	-1.01773e-33	1.75161e-11	3.27964e-33	-1.90294e-18	-2.46015e-34	-1.66964e-11	2.73797e-34	6.27217e-11	9.33551e-34	5.11906e-19	-6.78815e-35	-6.36833e-11	-7.74556e-35	2.28287e-10	2.71679e-34	-1.44687e-19	-2.09590e-35	-2.20078e-10	2.07547e-35	8.26971e-10	7.93665e-35	3.87698e-20	-5.96195e-36	-7.75300e-10	-5.56304e-36	2.92579e-09	2.25248e-35	-1.03917e-20	-1.68515e-36	-2.74945e-09	1.49750e-36	1.03476e-08	6.39816e-36	2.79712e-21	-4.62750e-37	-1.06141e-08	-4.26941e-37	3.77863e-08	1.86920e-36	-7.96767e-22	-1.44807e-37	-3.65863e-08	1.14402e-37	1.37381e-07	5.48585e-37	2.13499e-22	-4.12161e-38	-1.28852e-07	-3.06658e-38	4.86215e-07	1.55734e-37	-5.72290e-23	-1.16447e-38	-4.57334e-07	8.26165e-39	1.72019e-06	4.42570e-38	1.54170e-23	-3.17694e-39	-1.79235e-06	-2.38077e-39	6.31895e-06	1.30033e-38	-4.43883e-24	-1.01333e-39	-6.14047e-06	6.37947e-40	2.30732e-05	3.84118e-39	1.18942e-24	-2.88661e-40	-2.05502e-05	-1.71019e-40	8.02200e-05	1.09086e-39	-3.18854e-25	-8.15056e-41	-3.04556e-07	4.61273e-41	1.83066e-04	3.10208e-40	8.59956e-26	-2.20231e-41	1.93231e-05	-1.34905e-41	8.40373e-05	9.18817e-41	-2.51286e-26	-7.22024e-42	6.71965e-06	3.61492e-42	2.55366e-05	2.73924e-41	6.73347e-27	-2.05919e-42	1.92129e-06	-9.69187e-43	7.26268e-06	7.78326e-42	-1.80528e-27	-5.80936e-43	5.42104e-07	2.61825e-43	2.06729e-06	2.21536e-42	4.87663e-28	-1.54744e-43	1.44401e-07	-7.81141e-44	6.19272e-07	6.63627e-43	-1.45369e-28	-5.27591e-44	4.92328e-08	2.09317e-44	1.86998e-07	2.00391e-43	3.89537e-29	-1.50709e-44	1.40636e-08	-5.61284e-45	5.31718e-08	5.69802e-44	-1.04453e-29	-4.24674e-45	3.96290e-09	1.51962e-45	1.51537e-08	1.62391e-44	2.82756e-30	-1.10676e-45	1.03278e-09	-4.65646e-46	4.61256e-09	4.94293e-45	-8.64937e-31	-3.99439e-46	3.72741e-10	1.24778e-46	1.41803e-09	1.51960e-45	2.28110e-31	-1.14354e-46	1.06711e-10	-3.34669e-47	4.03616e-10	4.32525e-46	-4.75045e-32	-3.21661e-47	3.00162e-11	9.08924e-48	1.15245e-10	1.23500e-46	-3.80923e-32	-8.08345e-48	7.54318e-12	-2.89005e-48	3.59288e-11	3.85022e-47	1.99874e-31	-3.18722e-48	2.97419e-12	7.74462e-49	1.13411e-11	1.21534e-47	-9.45816e-31	-9.15325e-49	8.54147e-13	-2.07797e-49	3.23287e-12	3.46442e-48	3.58339e-30	-2.56650e-49	2.39497e-13	5.67278e-50	9.26124e-13	9.92457e-49	-1.33877e-29	-5.97355e-50	5.57430e-14	-1.91136e-50	3.01338e-13	3.22922e-49	4.99676e-29	-2.78712e-50	2.60084e-14	5.12171e-51	9.95477e-14	1.06678e-49	-2.54563e-28	-8.05179e-51	7.51363e-15	-1.37324e-51	2.84278e-14	3.04640e-50	9.68286e-28	-2.26600e-51	2.11455e-15	3.71252e-52	8.11829e-15	8.69976e-51	-3.61858e-27	-5.75519e-52	5.37053e-16	-1.11768e-52	2.52306e-15	2.70377e-51	1.35060e-26	-2.08616e-52	1.94673e-16	2.99380e-53	7.75612e-16	8.31165e-52	-5.76600e-26	-6.05285e-53	5.64829e-17	-7.98362e-54	2.17818e-16	2.33420e-52	2.17134e-25	-1.96342e-53	1.83219e-17	1.99647e-54	5.20474e-17	5.57753e-53	-8.10875e-25	-1.90693e-56	1.77947e-20	-2.24993e-57	3.26009e-23	3.45950e-59	3.02637e-24
8.24603e-15	-1.84620e-32	-1.45195e-16	3.10443e-34	1.77334e-16	-5.26952e-33	1.54515e-12	2.64365e-33	3.89056e-17	1.10087e-32	4.18797e-12	1.41199e-33	4.76986e-12	8.64313e-34	-1.04277e-17	3.27962e-33	1.75161e-11	-3.78449e-34	1.66964e-11	2.46015e-34	2.80534e-18	9.33551e-34	6.27217e-11	1.01806e-34	6.36833e-11	6.78815e-35	-7.93613e-19	2.71679e-34	2.28287e-10	-2.87749e-35	2.20078e-10	2.09590e-35	2.12653e-19	7.93665e-35	8.26971e-10	7.71040e-36	7.75300e-10	5.96195e-36	-5.69991e-20	2.25248e-35	2.92579e-09	-2.06667e-36	2.74945e-09	1.68515e-36	1.53434e-20	6.39816e-36	1.03476e-08	5.56282e-37	1.06141e-08	4.62750e-37	-4.37445e-21	1.86920e-36	3.77863e-08	-1.58458e-37	3.65863e-08	1.44807e-37	1.17216e-21	5.48585e-37	1.37381e-07	4.24600e-38	1.28852e-07	4.12161e-38	-3.14203e-22	1.55734e-37	4.86215e-07	-1.13815e-38	4.57334e-07	1.16447e-38	8.46491e-23	4.42570e-38	1.72019e-06	3.06607e-39	1.79235e-06	3.17694e-39	-2.43935e-23	1.30033e-38	6.31895e-06	-8.82779e-40	6.14047e-06	1.01333e-39	6.53643e-24	3.84118e-39	2.30732e-05	2.36548e-40	2.05502e-05	2.88661e-40	-1.75226e-24	1.09086e-39	8.02200e-05	-6.34126e-41	3.04556e-07	8.15056e-41	4.72622e-25	3.10208e-40	1.83066e-04	1.71025e-41	-1.93231e-05	2.20231e-41	-1.38224e-25	9.18817e-41	8.40373e-05	-4.99749e-42	-6.71965e-06	7.22024e-42	3.70386e-26	2.73924e-41	2.55366e-05	1.33913e-42	-1.92129e-06	2.05919e-42	-9.93032e-27	7.78326e-42	7.26268e-06	-3.59029e-43	-5.42104e-07	5.80936e-43	2.68267e-27	2.21536e-42	2.06729e-06	9.69848e-44	-1.44401e-07	1.54744e-43	-8.00360e-28	6.63627e-43	6.19272e-07	-2.89106e-44	-4.92328e-08	5.27591e-44	2.14467e-28	2.00391e-43	1.86998e-07	7.74697e-45	-1.40636e-08	1.50709e-44	-5.75094e-29	5.69802e-44	5.31718e-08	-2.07734e-45	-3.96290e-09	4.24674e-45	1.55701e-29	1.62391e-44	1.51537e-08	5.62383e-46	-1.03278e-09	1.10676e-45	-4.77103e-30	4.94293e-45	4.61256e-09	-1.72193e-46	-3.72741e-10	3.99439e-46	1.27848e-30	1.51960e-45	1.41803e-09	4.61423e-47	-1.06711e-10	1.14354e-46	-3.42903e-31	4.32525e-46	4.03616e-10	-1.23758e-47	-3.00162e-11	3.21661e-47	9.31286e-32	1.23500e-46	1.15245e-10	3.36094e-48	-7.54318e-12	8.08345e-48	-2.96116e-32	3.85022e-47	3.59288e-11	-1.06795e-48	-2.97419e-12	3.18722e-48	7.93517e-33	1.21534e-47	1.13411e-11	2.86183e-49	-8.54147e-13	9.15325e-49	-2.12910e-33	3.46442e-48	3.23287e-12	-7.67862e-50	-2.39497e-13	2.56650e-49	5.81235e-34	9.92457e-49	9.26124e-13	2.09613e-50	-5.57430e-14	5.97355e-50	-1.95839e-34	3.22922e-49	3.01338e-13	-7.05900e-51	-2.60084e-14	2.78712e-50	5.24772e-35	1.06678e-49	9.95477e-14	1.89154e-51	-7.51363e-15	8.05179e-51	-1.40702e-35	3.04640e-50	2.84278e-14	-5.07162e-52	-2.11455e-15	2.26600e-51	3.80366e-36	8.69976e-51	8.11829e-15	1.37108e-52	-5.37053e-16	5.75519e-52	-1.14440e-36	2.70377e-51	2.52306e-15	-4.12711e-53	-1.94673e-16	2.08616e-52	3.03406e-37	8.31165e-52	7.75612e-16	1.10547e-53	-5.64829e-17	6.05285e-53	-6.92218e-38	2.33420e-52	2.17818e-16	-2.94794e-54	-1.83219e-17	1.96342e-53	-2.65187e-38	5.57753e-53	5.20474e-17	7.37010e-55	-1.77947e-20	1.90693e-56	1.75297e-37	2.97962e-59	3.22828e-23	-1.00471e-58
1.00888e-33	-5.18096e-18	-2.41069e-35	-1.21989e-21	2.95590e-35	-6.37402e-18	-1.45882e-34	7.31948e-19	6.45956e-36	3.05054e-18	6.07119e-34	1.06046e-14	-4.76536e-35	2.39591e-19	-1.73133e-36	9.09154e-19	1.80816e-34	-4.24122e-14	-1.35634e-35	6.81999e-20	4.65775e-37	2.58798e-19	5.14689e-35	1.59044e-13	-3.74247e-36	1.88181e-20	-1.31765e-37	7.53145e-20	1.49783e-35	-5.93764e-13	-1.15552e-36	5.81023e-21	3.53071e-38	2.20019e-20	4.37566e-36	2.34576e-12	-3.28697e-37	1.65277e-21	-9.46365e-39	6.24432e-21	1.24185e-36	-8.78929e-12	-9.29063e-38	4.67156e-22	2.54749e-39	1.77369e-21	3.52746e-37	3.28114e-11	-2.55125e-38	1.28283e-22	-7.26296e-40	5.18179e-22	1.03054e-37	-1.22456e-10	-7.98358e-39	4.01434e-23	1.94616e-40	1.52078e-22	3.02448e-38	4.88108e-10	-2.27234e-39	1.14259e-23	-5.21676e-41	4.31726e-23	8.58601e-39	-1.82997e-09	-6.42003e-40	3.22815e-24	1.40544e-41	1.22689e-23	2.44000e-39	6.83179e-09	-1.75152e-40	8.80708e-25	-4.05008e-42	3.60477e-24	7.16904e-40	-2.54972e-08	-5.58674e-41	2.80915e-25	1.08525e-42	1.06485e-24	2.11773e-40	1.02916e-07	-1.59146e-41	8.00225e-26	-2.90931e-43	3.02407e-25	6.01416e-41	-3.86167e-07	-4.49360e-42	2.25949e-26	7.84701e-44	8.59956e-26	1.71025e-41	1.44175e-06	-1.21419e-42	6.10523e-27	-2.29496e-44	2.54714e-26	5.06566e-42	-4.21292e-07	-3.98069e-43	2.00159e-27	6.14958e-45	7.59370e-27	1.51021e-42	1.12889e-07	-1.13528e-43	5.70846e-28	-1.64875e-45	2.15767e-27	4.29110e-43	-3.02663e-08	-3.20284e-44	1.61047e-28	4.45408e-46	6.14140e-28	1.22138e-43	8.17588e-09	-8.53140e-45	4.28980e-29	-1.32885e-46	1.83970e-28	3.65873e-44	-2.43718e-09	-2.90873e-45	1.46258e-29	3.56083e-47	5.55523e-29	1.10480e-44	6.53075e-10	-8.30893e-46	4.17795e-30	-9.54837e-48	1.57960e-29	3.14145e-45	-1.75121e-10	-2.34133e-46	1.17732e-30	2.58513e-48	4.50164e-30	8.95301e-46	4.74093e-11	-6.10181e-47	3.06986e-31	-7.92141e-49	1.36970e-30	2.72516e-46	-1.45160e-11	-2.20220e-47	1.11313e-31	2.12269e-49	4.19095e-31	8.37790e-47	3.88983e-12	-6.30460e-48	3.37412e-32	-5.69327e-50	1.12213e-31	2.38461e-47	-1.04329e-12	-1.77340e-48	1.62181e-32	1.54623e-50	6.93120e-33	6.80884e-48	2.83329e-13	-4.45660e-49	3.50490e-32	-4.91645e-51	-9.54731e-32	2.12272e-48	-9.00287e-14	-1.75719e-49	1.10836e-31	1.31749e-51	-4.04867e-31	6.70047e-49	2.41255e-14	-5.04641e-50	3.85807e-31	-3.53498e-52	-1.45185e-30	1.91002e-49	-6.47313e-15	-1.41498e-50	1.38717e-30	9.65033e-53	-5.16851e-30	5.47166e-50	1.76705e-15	-3.29336e-51	6.73997e-30	-3.25154e-53	-2.08031e-29	1.78035e-50	-5.95078e-16	-1.53661e-51	2.24450e-29	8.71288e-54	-8.27342e-29	5.88140e-51	1.59458e-16	-4.43915e-52	7.84143e-29	-2.33611e-54	-2.95387e-28	1.67955e-51	-4.27541e-17	-1.24930e-52	2.79616e-28	6.31562e-55	-1.04786e-27	4.79639e-52	1.15583e-17	-3.17298e-53	1.19714e-27	-1.90137e-55	-3.99054e-27	1.49065e-52	-3.47918e-18	-1.15015e-53	3.95720e-27	5.09295e-56	-1.54255e-26	4.58241e-53	9.31922e-19	-3.33708e-54	1.38270e-26	-1.35815e-56	-5.48200e-26	1.28690e-53	-2.48513e-19	-1.08248e-54	4.63785e-26	3.39632e-57	-1.90132e-25	3.07502e-54	6.21305e-20	-1.05134e-57	3.11549e-28	-3.82751e-60	-4.33282e-25	1.90731e-60	-8.74318e-24
-5.85424e-16	1.31070e-33	1.03080e-17	-2.20398e-35	-1.25897e-17	3.74107e-34	-1.09697e-13	-1.87685e-34	-2.76209e-18	-7.81559e-34	-2.97323e-13	-1.00244e-34	-3.38634e-13	-6.13616e-35	7.40314e-19	-2.32835e-34	-1.24355e-12	2.68679e-35	-1.18536e-12	-1.74657e-35	-1.99164e-19	-6.62771e-35	-4.45291e-12	-7.22769e-36	-4.52118e-12	-4.81923e-36	5.63423e-20	-1.92877e-35	-1.62072e-11	2.04287e-36	-1.56244e-11	-1.48797e-36	-1.50972e-20	-5.63459e-36	-5.87105e-11	-5.47397e-37	-5.50421e-11	-4.23267e-37	4.04663e-21	-1.59914e-36	-2.07716e-10	1.46723e-37	-1.95197e-10	-1.19637e-37	-1.08930e-21	-4.54235e-37	-7.34627e-10	-3.94931e-38	-7.53545e-10	-3.28528e-38	3.10562e-22	-1.32703e-37	-2.68263e-09	1.12497e-38	-2.59743e-09	-1.02806e-38	-8.32173e-23	-3.89466e-38	-9.75334e-09	-3.01443e-39	-9.14783e-09	-2.92613e-39	2.23067e-23	-1.10563e-38	-3.45187e-08	8.08026e-40	-3.24685e-08	-8.26715e-40	-6.00964e-24	-3.14201e-39	-1.22124e-07	-2.17675e-40	-1.27260e-07	-2.25546e-40	1.73181e-24	-9.23166e-40	-4.48630e-07	6.26726e-41	-4.36920e-07	-7.19411e-41	-4.64052e-25	-2.72703e-40	-1.63943e-06	-1.67936e-41	-1.52585e-06	-2.04934e-41	1.24401e-25	-7.74450e-41	-5.78797e-06	4.50195e-42	-4.58291e-06	-5.78647e-42	-3.35536e-26	-2.20231e-41	-1.93231e-05	-1.21419e-42	3.84727e-05	-1.56352e-42	9.81318e-27	-6.52311e-42	7.59095e-06	3.54795e-43	-6.28979e-06	-5.12598e-43	-2.62954e-27	-1.94471e-42	2.59934e-05	-9.50710e-44	-2.03334e-06	-1.46191e-43	7.05000e-28	-5.52570e-43	7.71665e-06	2.54891e-44	-5.77119e-07	-4.12434e-44	-1.90455e-28	-1.57279e-43	2.20126e-06	-6.88540e-45	-1.53775e-07	-1.09860e-44	5.68213e-29	-4.71140e-44	6.59480e-07	2.05249e-45	-5.24297e-08	-3.74561e-45	-1.52260e-29	-1.42267e-44	1.99140e-07	-5.49994e-46	-1.49768e-08	-1.06995e-45	4.08286e-30	-4.04529e-45	5.66245e-08	1.47480e-46	-4.22023e-09	-3.01496e-46	-1.10539e-30	-1.15289e-45	1.61378e-08	-3.99262e-47	-1.09985e-09	-7.85737e-47	3.38718e-31	-3.50922e-46	4.91208e-09	1.22248e-47	-3.96945e-10	-2.83580e-47	-9.07655e-32	-1.07883e-46	1.51011e-09	-3.27586e-48	-1.13640e-10	-8.11851e-48	2.43443e-32	-3.07069e-47	4.29825e-10	8.78616e-49	-3.19654e-11	-2.28362e-48	-6.61163e-33	-8.76783e-48	1.22729e-10	-2.38609e-49	-8.03300e-12	-5.73882e-49	2.10226e-33	-2.73345e-48	3.82619e-11	7.58186e-50	-3.16732e-12	-2.26275e-49	-5.63354e-34	-8.62827e-49	1.20776e-11	-2.03175e-50	-9.09612e-13	-6.49832e-50	1.51155e-34	-2.45955e-49	3.44279e-12	5.45141e-51	-2.55048e-13	-1.82208e-50	-4.12646e-35	-7.04592e-50	9.86263e-13	-1.48814e-51	-5.93627e-14	-4.24090e-51	1.39035e-35	-2.29257e-50	3.20906e-13	5.01151e-52	-2.76973e-14	-1.97871e-51	-3.72562e-36	-7.57355e-51	1.06012e-13	-1.34289e-52	-8.00153e-15	-5.71634e-52	9.98974e-37	-2.16278e-51	3.02738e-14	3.60058e-53	-2.25186e-15	-1.60874e-52	-2.70277e-37	-6.17636e-52	8.64546e-15	-9.73395e-54	-5.71927e-16	-4.08588e-53	8.21350e-38	-1.91953e-52	2.68689e-15	2.93002e-54	-2.07314e-16	-1.48106e-53	-2.53345e-38	-5.90083e-53	8.25977e-16	-7.84828e-55	-6.01507e-17	-4.29720e-54	1.92029e-38	-1.65715e-53	2.31963e-16	2.09288e-55	-1.95116e-17	-1.39392e-54	-5.14772e-38	-3.95975e-54	5.54271e-17	-5.23238e-56	-1.89502e-20	-1.35382e-57	1.86706e-37	-2.11537e-60	3.43791e-23	7.13291e-60
1.30436e-33	-5.86955e-16	-1.00605e-33	1.25894e-17	3.08348e-35	-1.88110e-18	-1.87778e-34	-1.09697e-13	2.69577e-34	2.97324e-13	7.81688e-34	5.04051e-19	-6.13630e-35	-3.38634e-13	-7.22537e-35	1.24355e-12	2.32837e-34	-1.35098e-19	-1.74658e-35	-1.18536e-12	1.94381e-35	4.45291e-12	6.62771e-35	3.63426e-20	-4.81923e-36	-4.52118e-12	-5.49894e-36	1.62072e-11	1.92877e-35	-1.02720e-20	-1.48797e-36	-1.56244e-11	1.47347e-36	5.87105e-11	5.63459e-36	2.75245e-21	-4.23267e-37	-5.50421e-11	-3.94946e-37	2.07716e-10	1.59914e-36	-7.37757e-22	-1.19637e-37	-1.95197e-10	1.06314e-37	7.34627e-10	4.54235e-37	1.98581e-22	-3.28528e-38	-7.53545e-10	-3.03105e-38	2.68263e-09	1.32703e-37	-5.65662e-23	-1.02806e-38	-2.59743e-09	8.12190e-39	9.75334e-09	3.89466e-38	1.51573e-23	-2.92613e-39	-9.14783e-09	-2.17711e-39	3.45187e-08	1.10563e-38	-4.06295e-24	-8.26715e-40	-3.24685e-08	5.86533e-40	1.22124e-07	3.14201e-39	1.09452e-24	-2.25546e-40	-1.27260e-07	-1.69022e-40	4.48630e-07	9.23166e-40	-3.15133e-25	-7.19411e-41	-4.36920e-07	4.52908e-41	1.63943e-06	2.72703e-40	8.44425e-26	-2.04934e-41	-1.52585e-06	-1.21414e-41	5.78797e-06	7.74450e-41	-2.26369e-26	-5.78647e-42	-4.58291e-06	3.27479e-42	1.93231e-05	2.20231e-41	6.10523e-27	-1.56352e-42	3.84727e-05	-9.57753e-43	-7.59095e-06	6.52311e-42	-1.78400e-27	-5.12598e-43	-6.28979e-06	2.56640e-43	-2.59934e-05	1.94471e-42	4.78040e-28	-1.46191e-43	-2.03334e-06	-6.88071e-44	-7.71665e-06	5.52570e-43	-1.28165e-28	-4.12434e-44	-5.77119e-07	1.85882e-44	-2.20126e-06	1.57279e-43	3.46215e-29	-1.09860e-44	-1.53775e-07	-5.54569e-45	-6.59480e-07	4.71140e-44	-1.03205e-29	-3.74561e-45	-5.24297e-08	1.48604e-45	-1.99140e-07	1.42267e-44	2.76552e-30	-1.06995e-45	-1.49768e-08	-3.98482e-46	-5.66245e-08	4.04529e-45	-7.41634e-31	-3.01496e-46	-4.22023e-09	1.07885e-46	-1.61378e-08	1.15289e-45	2.01014e-31	-7.85737e-47	-1.09985e-09	-3.30584e-47	-4.91208e-09	3.50922e-46	-6.24209e-32	-2.83580e-47	-3.96945e-10	8.85859e-48	-1.51011e-09	1.07883e-46	2.06297e-32	-8.11851e-48	-1.13640e-10	-2.37597e-48	-4.29825e-10	3.07069e-47	-2.00981e-32	-2.28362e-48	-3.19654e-11	6.45287e-49	-1.22729e-10	8.76783e-48	5.97626e-32	-5.73882e-49	-8.03300e-12	-2.05178e-49	-3.82619e-11	2.73345e-48	-2.18952e-31	-2.26275e-49	-3.16732e-12	5.49827e-50	-1.20776e-11	8.62827e-49	1.00887e-30	-6.49832e-50	-9.09612e-13	-1.47525e-50	-3.44279e-12	2.45955e-49	-3.81652e-30	-1.82208e-50	-2.55048e-13	4.02737e-51	-9.86263e-13	7.04592e-50	1.42572e-29	-4.24090e-51	-5.93627e-14	-1.35696e-51	-3.20906e-13	2.29257e-50	-5.32123e-29	-1.97871e-51	-2.76973e-14	3.63614e-52	-1.06012e-13	7.57355e-51	2.71094e-28	-5.71634e-52	-8.00153e-15	-9.74928e-53	-3.02738e-14	2.16278e-51	-1.03116e-27	-1.60874e-52	-2.25186e-15	2.63569e-53	-8.64546e-15	6.17636e-52	3.85355e-27	-4.08588e-53	-5.71927e-16	-7.93497e-54	-2.68689e-15	1.91953e-52	-1.43831e-26	-1.48106e-53	-2.07314e-16	2.12544e-54	-8.25977e-16	5.90083e-53	6.14041e-26	-4.29720e-54	-6.01507e-17	-5.66795e-55	-2.31963e-16	1.65715e-53	-2.31234e-25	-1.39392e-54	-1.95116e-17	1.41739e-55	-5.54271e-17	3.95975e-54	8.63530e-25	-1.35382e-57	-1.89502e-20	-1.59733e-58	-3.47179e-23	2.45606e-60	-3.22289e-24
-8.18062e-18	7.98566e-34	1.59437e-16	-1.94936e-35	-2.01829e-19	7.07107e-36	1.17864e-18	-1.15032e-34	-7.64299e-14	-4.78840e-34	-4.90625e-18	-1.89473e-36	3.85135e-19	-3.75887e-35	3.05560e-13	-1.42627e-34	-1.46136e-18	5.07835e-37	1.09621e-19	-1.06989e-35	-1.14581e-12	-4.05988e-35	-4.15977e-19	-1.36612e-37	3.02470e-20	-2.95207e-36	4.27768e-12	-1.18149e-35	-1.21056e-19	3.86126e-38	9.33900e-21	-9.11475e-37	-1.69167e-11	-3.45153e-36	-3.53645e-20	-1.03465e-38	2.65656e-21	-2.59277e-37	6.33889e-11	-9.79572e-37	-1.00367e-20	2.77323e-39	7.50877e-22	-7.32847e-38	-2.36639e-10	-2.78247e-37	-2.85093e-21	-7.46466e-40	2.06195e-22	-2.01243e-38	8.83167e-10	-8.12890e-38	-8.32890e-22	2.12633e-40	6.45240e-23	-6.29746e-39	-3.52388e-09	-2.38572e-38	-2.44441e-22	-5.69763e-41	1.83653e-23	-1.79243e-39	1.32123e-08	-6.77266e-39	-6.93930e-23	1.52726e-41	5.18873e-24	-5.06413e-40	-4.93255e-08	-1.92467e-39	-1.97203e-23	-4.11431e-42	1.41560e-24	-1.38160e-40	1.84090e-07	-5.65496e-40	-5.79409e-24	1.18459e-42	4.51525e-25	-4.40683e-41	-7.43832e-07	-1.67047e-40	-1.71157e-24	-3.17419e-43	1.28623e-25	-1.25535e-41	2.79124e-06	-4.74398e-41	-4.86070e-25	8.50922e-44	3.63177e-26	-3.54456e-42	-1.04211e-05	-1.34905e-41	-1.38224e-25	-2.29496e-44	9.81318e-27	-9.57753e-43	3.88932e-05	-3.99580e-42	-4.09411e-26	6.70604e-45	3.21723e-27	-3.13998e-43	-1.04218e-05	-1.19126e-42	-1.22056e-26	-1.79695e-45	9.17543e-28	-8.95510e-44	2.79417e-06	-3.38483e-43	-3.46810e-27	4.81774e-46	2.58857e-28	-2.52641e-44	-7.54844e-07	-9.63428e-44	-9.87132e-28	-1.30142e-46	6.89516e-29	-6.72958e-45	2.25204e-07	-2.88602e-44	-2.95702e-28	3.87946e-47	2.35087e-29	-2.29442e-45	-6.03464e-08	-8.71472e-45	-8.92913e-29	-1.03955e-47	6.71536e-30	-6.55410e-46	1.61819e-08	-2.47799e-45	-2.53895e-29	2.78755e-48	1.89228e-30	-1.84685e-46	-4.38108e-09	-7.06216e-46	-7.23591e-30	-7.54652e-49	4.93154e-31	-4.81312e-47	1.34246e-09	-2.14961e-46	-2.20250e-30	2.31063e-49	1.77984e-31	-1.73710e-47	-3.59737e-10	-6.60850e-47	-6.77109e-31	-6.19175e-50	5.09544e-32	-4.97308e-48	9.64853e-11	-1.88099e-47	-1.92727e-31	1.66069e-50	1.43328e-32	-1.39886e-48	-2.62043e-11	-5.37083e-48	-5.50297e-32	-4.50999e-51	3.60187e-33	-3.51538e-49	8.33204e-12	-1.67440e-48	-1.71560e-32	1.43306e-51	1.42018e-33	-1.38607e-49	-2.23278e-12	-5.28534e-49	-5.41538e-33	-3.84025e-52	4.07856e-34	-3.98062e-50	5.99082e-13	-1.50663e-49	-1.54369e-33	1.03038e-52	1.14360e-34	-1.11614e-50	-1.63547e-13	-4.31605e-50	-4.42224e-34	-2.81276e-53	2.66173e-35	-2.59781e-51	5.51047e-14	-1.40434e-50	-1.43889e-34	9.47235e-54	1.24190e-35	-1.21208e-51	-1.47659e-14	-4.63926e-51	-4.75341e-35	-2.53822e-54	3.58774e-36	-3.50161e-52	3.95907e-15	-1.32483e-51	-1.35744e-35	6.80552e-55	1.00962e-36	-9.85452e-53	-1.07032e-15	-3.78340e-52	-3.87678e-36	-1.83983e-55	2.56110e-37	-2.50285e-53	3.22230e-16	-1.17583e-52	-1.20587e-36	5.53809e-56	9.18557e-38	-9.07241e-54	-8.63116e-17	-3.61462e-53	-3.74645e-37	-1.48342e-56	2.31422e-38	-2.63230e-54	2.30169e-17	-1.01511e-53	-1.19231e-37	3.95578e-57	-2.93792e-39	-8.53861e-55	-5.75584e-18	-2.42559e-54	-7.59730e-38	-9.88944e-58	8.27069e-38	-8.29295e-58	6.48658e-21	-1.51242e-60	1.41806e-43	-1.86669e-63
5.44188e-33	-2.44881e-15	-4.19731e-33	5.25238e-17	1.28645e-34	-7.84807e-18	-7.83421e-34	-4.57662e-13	1.12469e-33	1.24045e-12	3.26125e-33	2.10293e-18	-2.56010e-34	-1.41280e-12	-3.01446e-34	5.18815e-12	9.71410e-34	-5.63638e-19	-7.28682e-35	-4.94538e-12	8.10971e-35	1.85778e-11	2.76512e-34	1.51623e-19	-2.01061e-35	-1.88626e-11	-2.29419e-35	6.76172e-11	8.04695e-35	-4.28555e-20	-6.20791e-36	-6.51859e-11	6.14740e-36	2.44944e-10	2.35079e-35	1.14834e-20	-1.76589e-36	-2.29639e-10	-1.64774e-36	8.66601e-10	6.67171e-36	-3.07797e-21	-4.99131e-37	-8.14371e-10	4.43549e-37	3.06491e-09	1.89510e-36	8.28491e-22	-1.37064e-37	-3.14383e-09	-1.26457e-37	1.11921e-08	5.53646e-37	-2.35998e-22	-4.28910e-38	-1.08366e-08	3.38850e-38	4.06915e-08	1.62487e-37	6.32371e-23	-1.22080e-38	-3.81653e-08	-9.08302e-39	1.44014e-07	4.61276e-38	-1.69509e-23	-3.44910e-39	-1.35460e-07	2.44705e-39	5.09511e-07	1.31087e-38	4.56641e-24	-9.40989e-40	-5.30945e-07	-7.05169e-40	1.87172e-06	3.85150e-39	-1.31475e-24	-3.00142e-40	-1.82338e-06	1.88956e-40	6.84052e-06	1.13773e-39	3.52299e-25	-8.54997e-41	-6.40211e-06	-5.06547e-41	2.41979e-05	3.23105e-40	-9.44426e-26	-2.41415e-41	-2.15860e-05	1.36626e-41	8.40373e-05	9.18817e-41	2.54714e-26	-6.52311e-42	-7.59095e-06	-3.99580e-42	2.01487e-04	2.72148e-41	-7.44294e-27	-2.13859e-42	2.37298e-05	1.07072e-42	9.29826e-05	8.11346e-42	1.99441e-27	-6.09918e-43	7.09987e-06	-2.87067e-43	2.68790e-05	2.30535e-42	-5.34714e-28	-1.72070e-43	2.00783e-06	7.75510e-44	7.65735e-06	6.56176e-43	1.44443e-28	-4.58342e-44	5.34891e-07	-2.31369e-44	2.29392e-06	1.96562e-43	-4.30575e-29	-1.56269e-44	1.82369e-07	6.19985e-45	6.92682e-07	5.93546e-44	1.15378e-29	-4.46390e-45	5.20947e-08	-1.66249e-45	1.96960e-07	1.68772e-44	-3.09362e-30	-1.25786e-45	1.46795e-08	4.50103e-46	5.61329e-08	4.80992e-45	8.36690e-31	-3.27814e-46	3.82566e-09	-1.37922e-46	1.70860e-08	1.46407e-45	-2.53144e-31	-1.18311e-46	1.38072e-09	3.69586e-47	5.25271e-09	4.50095e-46	5.42585e-32	-3.38709e-47	3.95281e-10	-9.91269e-48	1.49509e-09	1.28111e-46	3.61096e-32	-9.52741e-48	1.11187e-10	2.69218e-48	4.26896e-10	3.65799e-47	-1.98697e-31	-2.39427e-48	2.79417e-11	-8.56015e-49	1.33089e-10	1.14041e-47	7.58678e-31	-9.44034e-49	1.10171e-11	2.29391e-49	4.20101e-11	3.59977e-48	-3.50842e-30	-2.71114e-49	3.16396e-12	-6.15483e-50	1.19753e-11	1.02614e-48	1.32750e-29	-7.60183e-50	8.87150e-13	1.68024e-50	3.43058e-12	2.93960e-49	-4.95916e-29	-1.76933e-50	2.06485e-13	-5.66133e-51	1.11623e-12	9.56474e-50	1.85091e-28	-8.25529e-51	9.63411e-14	1.51702e-51	3.68748e-13	3.15973e-50	-9.42961e-28	-2.38489e-51	2.78322e-14	-4.06745e-52	1.05303e-13	9.02323e-51	3.58675e-27	-6.71176e-52	7.83277e-15	1.09963e-52	3.00720e-14	2.57681e-51	-1.34040e-26	-1.70465e-52	1.98937e-15	-3.31051e-53	9.34599e-15	8.00840e-52	5.00294e-26	-6.17907e-53	7.21112e-16	8.86746e-54	2.87304e-15	2.46186e-52	-2.13586e-25	-1.79282e-53	2.09226e-16	-2.36470e-54	8.06849e-16	6.91374e-53	8.04314e-25	-5.81552e-54	6.78684e-17	5.91342e-55	1.92795e-16	1.65203e-53	-3.00367e-24	-5.64820e-57	6.59158e-20	-6.66417e-58	1.20761e-22	1.02468e-59	1.12104e-23
2.44242e-15	-5.46834e-33	-4.30058e-17	9.19512e-35	5.25251e-17	-1.56080e-33	4.57663e-13	7.83033e-34	1.15236e-17	3.26071e-33	1.24045e-12	4.18223e-34	1.41280e-12	2.56004e-34	-3.08863e-18	9.71402e-34	5.18815e-12	-1.12094e-34	4.94538e-12	7.28681e-35	8.30924e-19	2.76512e-34	1.85778e-11	3.01543e-35	1.88626e-11	2.01061e-35	-2.35063e-19	8.04695e-35	6.76172e-11	-8.52296e-36	6.51859e-11	6.20791e-36	6.29865e-20	2.35079e-35	2.44944e-10	2.28377e-36	2.29639e-10	1.76589e-36	-1.68828e-20	6.67171e-36	8.66601e-10	-6.12135e-37	8.14371e-10	4.99131e-37	4.54462e-21	1.89510e-36	3.06491e-09	1.64767e-37	3.14383e-09	1.37064e-37	-1.29568e-21	5.53646e-37	1.11921e-08	-4.69344e-38	1.08366e-08	4.28910e-38	3.47187e-22	1.62487e-37	4.06915e-08	1.25764e-38	3.81653e-08	1.22080e-38	-9.30650e-23	4.61276e-38	1.44014e-07	-3.37113e-39	1.35460e-07	3.44910e-39	2.50725e-23	1.31087e-38	5.09511e-07	9.08152e-40	5.30945e-07	9.40989e-40	-7.22519e-24	3.85150e-39	1.87172e-06	-2.61474e-40	1.82338e-06	3.00142e-40	1.93605e-24	1.13773e-39	6.84052e-06	7.00640e-41	6.40211e-06	8.54997e-41	-5.19010e-25	3.23105e-40	2.41979e-05	-1.87824e-41	2.15860e-05	2.41415e-41	1.39988e-25	9.18817e-41	8.40373e-05	5.06566e-42	7.59095e-06	6.52311e-42	-4.09411e-26	2.72148e-41	2.01487e-04	-1.48023e-42	-2.37298e-05	2.13859e-42	1.09706e-26	8.11346e-42	9.29826e-05	3.96642e-43	-7.09987e-06	6.09918e-43	-2.94130e-27	2.30535e-42	2.68790e-05	-1.06342e-43	-2.00783e-06	1.72070e-43	7.94590e-28	6.56176e-43	7.65735e-06	2.87263e-44	-5.34891e-07	4.58342e-44	-2.37062e-28	1.96562e-43	2.29392e-06	-8.56313e-45	-1.82369e-07	1.56269e-44	6.35239e-29	5.93546e-44	6.92682e-07	2.29461e-45	-5.20947e-08	4.46390e-45	-1.70339e-29	1.68772e-44	1.96960e-07	-6.15295e-46	-1.46795e-08	1.25786e-45	4.61177e-30	4.80992e-45	5.61329e-08	1.66574e-46	-3.82566e-09	3.27814e-46	-1.41315e-30	1.46407e-45	1.70860e-08	-5.10026e-47	-1.38072e-09	1.18311e-46	3.78679e-31	4.50095e-46	5.25271e-09	1.36671e-47	-3.95281e-10	3.38709e-47	-1.01566e-31	1.28111e-46	1.49509e-09	-3.66564e-48	-1.11187e-10	9.52741e-48	2.75841e-32	3.65799e-47	4.26896e-10	9.95489e-49	-2.79417e-11	2.39427e-48	-8.77076e-33	1.14041e-47	1.33089e-10	-3.16320e-49	-1.10171e-11	9.44034e-49	2.35035e-33	3.59977e-48	4.20101e-11	8.47658e-50	-3.16396e-12	2.71114e-49	-6.30626e-34	1.02614e-48	1.19753e-11	-2.27436e-50	-8.87150e-13	7.60183e-50	1.72158e-34	2.93960e-49	3.43058e-12	6.20861e-51	-2.06485e-13	1.76933e-50	-5.80062e-35	9.56474e-50	1.11623e-12	-2.09083e-51	-9.63411e-14	8.25529e-51	1.55434e-35	3.15973e-50	3.68748e-13	5.60262e-52	-2.78322e-14	2.38489e-51	-4.16732e-36	9.02323e-51	1.05303e-13	-1.50218e-52	-7.83277e-15	6.71176e-52	1.12590e-36	2.57681e-51	3.00720e-14	4.06106e-53	-1.98937e-15	1.70465e-52	-3.36299e-37	8.00840e-52	9.34599e-15	-1.22242e-53	-7.21112e-16	6.17907e-53	7.84833e-38	2.46186e-52	2.87304e-15	3.27435e-54	-2.09226e-16	1.79282e-53	2.23656e-38	6.91374e-53	8.06849e-16	-8.73161e-55	-6.78684e-17	5.81552e-54	-1.67946e-37	1.65203e-53	1.92795e-16	2.18298e-55	-6.59158e-20	5.64820e-57	6.49417e-37	8.82545e-60	1.19583e-22	-2.97589e-59
-2.94804e-34	1.51392e-18	7.04423e-36	3.56462e-22	-8.63738e-36	1.86254e-18	4.26280e-35	-2.13881e-19	-1.88753e-36	-8.91392e-19	-1.77405e-34	-3.09876e-15	1.39248e-35	-7.00103e-20	5.05909e-37	-2.65662e-19	-5.28358e-35	1.23932e-14	3.96334e-36	-1.99285e-20	-1.36103e-37	-7.56228e-20	-1.50396e-35	-4.64739e-14	1.09358e-36	-5.49879e-21	3.85027e-38	-2.20075e-20	-4.37677e-36	1.73502e-13	3.37651e-37	-1.69779e-21	-1.03170e-38	-6.42913e-21	-1.27860e-36	-6.85450e-13	9.60478e-38	-4.82952e-22	2.76535e-39	-1.82464e-21	-3.62878e-37	2.56830e-12	2.71479e-38	-1.36507e-22	-7.44396e-40	-5.18287e-22	-1.03075e-37	-9.58774e-12	7.45496e-39	-3.74853e-23	2.12230e-40	-1.51416e-22	-3.01131e-38	3.57827e-11	2.33286e-39	-1.17302e-23	-5.68683e-41	-4.44385e-23	-8.83777e-39	-1.42629e-10	6.63997e-40	-3.33874e-24	1.52438e-41	-1.26154e-23	-2.50890e-39	5.34733e-10	1.87598e-40	-9.43290e-25	-4.10681e-42	-3.58507e-24	-7.12986e-40	-1.99630e-09	5.11808e-41	-2.57350e-25	1.18347e-42	-1.05334e-24	-2.09485e-40	7.45048e-09	1.63249e-41	-8.20855e-26	-3.17120e-43	-3.11157e-25	-6.18819e-41	-3.00729e-08	4.65037e-42	-2.33832e-26	8.50123e-44	-8.83656e-26	-1.75738e-41	1.12841e-07	1.31307e-42	-6.60242e-27	-2.29296e-44	-2.51286e-26	-4.99749e-42	-4.21292e-07	3.54795e-43	-1.78400e-27	6.70604e-45	-7.44294e-27	-1.48023e-42	1.57233e-06	1.16319e-43	-5.84880e-28	-1.79695e-45	-2.21894e-27	-4.41295e-43	-4.21321e-07	3.31737e-44	-1.66806e-28	4.81777e-46	-6.30488e-28	-1.25389e-43	1.12959e-07	9.35895e-45	-4.70591e-29	-1.30152e-46	-1.79457e-28	-3.56897e-44	-3.05136e-08	2.49294e-45	-1.25351e-29	3.88300e-47	-5.37575e-29	-1.06911e-44	9.09593e-09	8.49955e-46	-4.27379e-30	-1.04050e-47	-1.62328e-29	-3.22833e-45	-2.43738e-09	2.42793e-46	-1.22087e-30	2.79011e-48	-4.61556e-30	-9.17958e-46	6.53579e-10	6.84155e-47	-3.44160e-31	-7.55395e-49	-1.31490e-30	-2.61614e-46	-1.76939e-10	1.78300e-47	-9.02956e-32	2.31470e-49	-3.98262e-31	-7.96312e-47	5.41760e-11	6.43500e-48	-3.45248e-32	-6.20265e-50	-1.15013e-31	-2.44809e-47	-1.45174e-11	1.84225e-48	-1.68774e-32	1.66362e-50	-6.33078e-33	-6.96802e-48	3.89371e-12	5.18200e-49	-2.98542e-32	-4.51820e-51	9.19035e-32	-1.98960e-48	-1.05743e-12	1.30225e-49	-1.23100e-31	1.43663e-51	3.93037e-31	-6.20275e-49	3.36001e-13	5.13464e-50	-4.10616e-31	-3.84980e-52	1.52262e-30	-1.95793e-49	-9.00399e-14	1.47460e-50	-1.43902e-30	1.03295e-52	5.42183e-30	-5.58122e-50	2.41587e-14	4.13467e-51	-5.17689e-30	-2.81990e-53	1.92906e-29	-1.59886e-50	-6.59491e-15	9.62347e-52	-2.51545e-29	9.50125e-54	7.76405e-29	-5.20231e-51	2.22092e-15	4.49009e-52	-8.37684e-29	-2.54597e-54	3.08777e-28	-1.71859e-51	-5.95122e-16	1.29715e-52	-2.92654e-28	6.82630e-55	1.10243e-27	-4.90778e-52	1.59565e-16	3.65056e-53	-1.04357e-27	-1.84547e-55	3.91078e-27	-1.40154e-52	-4.31374e-17	9.27168e-54	-4.46791e-27	5.55594e-56	1.48933e-26	-4.35581e-53	1.29848e-17	3.36083e-54	-1.47689e-26	-1.48820e-56	5.75702e-26	-1.33902e-53	-3.47808e-18	9.75122e-55	-5.16043e-26	3.96861e-57	2.04597e-25	-3.76042e-54	9.27490e-19	3.16309e-55	-1.73092e-25	-9.92432e-58	7.09600e-25	-8.98546e-55	-2.31881e-19	3.07208e-58	-1.16275e-27	1.11843e-60	1.61708e-24	-5.57330e-61	3.26309e-23
-1.91930e-16	4.29712e-34	3.37948e-18	-7.22570e-36	-4.12752e-18	1.22651e-34	-3.59640e-14	-6.15322e-35	-9.05547e-19	-2.56233e-34	-9.74770e-14	-3.28648e-35	-1.11021e-13	-2.01173e-35	2.42711e-19	-7.63347e-35	-4.07695e-13	8.80859e-36	-3.88618e-13	-5.72612e-36	-6.52956e-20	-2.17288e-35	-1.45988e-12	-2.36959e-36	-1.48226e-12	-1.57997e-36	1.84717e-20	-6.32345e-36	-5.31349e-12	6.69750e-37	-5.12243e-12	-4.87830e-37	-4.94960e-21	-1.84729e-36	-1.92482e-11	-1.79463e-37	-1.80455e-11	-1.38767e-37	1.32668e-21	-5.24276e-37	-6.80992e-11	4.81028e-38	-6.39949e-11	-3.92226e-38	-3.57125e-22	-1.48920e-37	-2.40846e-10	-1.29477e-38	-2.47048e-10	-1.07707e-38	1.01817e-22	-4.35066e-38	-8.79495e-10	3.68819e-39	-8.51563e-10	-3.37046e-39	-2.72827e-23	-1.27686e-38	-3.19762e-09	-9.88276e-40	-2.99910e-09	-9.59325e-40	7.31323e-24	-3.62479e-39	-1.13169e-08	2.64910e-40	-1.06447e-08	-2.71037e-40	-1.97025e-24	-1.03010e-39	-4.00383e-08	-7.13643e-41	-4.17229e-08	-7.39447e-41	5.67769e-25	-3.02658e-40	-1.47084e-07	2.05471e-41	-1.43303e-07	-2.35858e-41	-1.52139e-25	-8.94053e-41	-5.37566e-07	-5.50576e-42	-5.04315e-07	-6.71873e-42	4.07848e-26	-2.53902e-41	-1.90322e-06	1.47596e-42	-1.77978e-06	-1.89708e-42	-1.10005e-26	-7.22024e-42	-6.71965e-06	-3.98069e-43	-6.28979e-06	-5.12598e-43	3.21723e-27	-2.13859e-42	-2.37298e-05	1.16319e-43	4.22987e-05	-1.68055e-43	-8.62092e-28	-6.37571e-43	3.70187e-07	-3.11689e-44	-6.01547e-06	-4.79285e-44	2.31133e-28	-1.81159e-43	2.50827e-05	8.35656e-45	-1.95926e-06	-1.35216e-44	-6.24404e-29	-5.15636e-44	7.50639e-06	-2.25737e-45	-5.25493e-07	-3.60174e-45	1.86288e-29	-1.54462e-44	2.25429e-06	6.72907e-46	-1.79241e-07	-1.22799e-45	-4.99183e-30	-4.66420e-45	6.80809e-07	-1.80315e-46	-5.12021e-08	-3.50782e-46	1.33856e-30	-1.32624e-45	1.93586e-07	4.83511e-47	-1.44280e-08	-9.88449e-47	-3.62402e-31	-3.77973e-46	5.51712e-08	-1.30897e-47	-3.76012e-09	-2.57603e-47	1.11048e-31	-1.15049e-46	1.67932e-08	4.00788e-48	-1.35706e-09	-9.29712e-48	-2.97573e-32	-3.53693e-47	5.16271e-09	-1.07398e-48	-3.88508e-10	-2.66164e-48	7.98123e-33	-1.00672e-47	1.46947e-09	2.88053e-49	-1.09282e-10	-7.48682e-49	-2.16761e-33	-2.87452e-48	4.19581e-10	-7.82275e-50	-2.74629e-11	-1.88146e-49	6.89223e-34	-8.96157e-49	1.30808e-10	2.48570e-50	-1.08283e-11	-7.41840e-50	-1.84695e-34	-2.82876e-49	4.12903e-11	-6.66106e-51	-3.10975e-12	-2.13046e-50	4.95558e-35	-8.06360e-50	1.17701e-11	1.78724e-51	-8.71950e-13	-5.97366e-51	-1.35285e-35	-2.30999e-50	3.37180e-12	-4.87884e-52	-2.02947e-13	-1.39037e-51	4.55825e-36	-7.51616e-51	1.09710e-12	1.64302e-52	-9.46904e-14	-6.48716e-52	-1.22149e-36	-2.48298e-51	3.62430e-13	-4.40265e-53	-2.73554e-14	-1.87409e-52	3.27697e-37	-7.09063e-52	1.03499e-13	1.18044e-53	-7.69857e-15	-5.27423e-53	-8.92998e-38	-2.02491e-52	2.95568e-14	-3.19126e-54	-1.95528e-15	-1.33955e-53	2.95027e-38	-6.29316e-53	9.18586e-15	9.60603e-55	-7.08757e-16	-4.85564e-54	-1.93007e-38	-1.93458e-53	2.82382e-15	-2.57305e-55	-2.05641e-16	-1.40883e-54	4.77000e-38	-5.43295e-54	7.93025e-16	6.86147e-56	-6.67056e-17	-4.56994e-55	-1.71499e-37	-1.29820e-54	1.89492e-16	-1.71543e-56	-6.47864e-20	-4.43847e-58	6.38298e-37	-6.93521e-61	1.17534e-22	2.33851e-60
4.27633e-34	-1.92432e-16	-3.29833e-34	4.12742e-18	1.01091e-35	-6.16717e-19	-6.15627e-35	-3.59640e-14	8.83802e-35	9.74773e-14	2.56275e-34	1.65252e-19	-2.01178e-35	-1.11021e-13	-2.36882e-35	4.07695e-13	7.63353e-35	-4.42917e-20	-5.72612e-36	-3.88618e-13	6.37276e-36	1.45988e-12	2.17288e-35	1.19149e-20	-1.57998e-36	-1.48226e-12	-1.80282e-36	5.31349e-12	6.32345e-36	-3.36767e-21	-4.87830e-37	-5.12243e-12	4.83075e-37	1.92482e-11	1.84729e-36	9.02385e-22	-1.38767e-37	-1.80455e-11	-1.29482e-37	6.80992e-11	5.24276e-37	-2.41872e-22	-3.92226e-38	-6.39949e-11	3.48549e-38	2.40846e-10	1.48920e-37	6.51044e-23	-1.07707e-38	-2.47048e-10	-9.93725e-39	8.79495e-10	4.35066e-38	-1.85451e-23	-3.37046e-39	-8.51563e-10	2.66275e-39	3.19762e-09	1.27686e-38	4.96929e-24	-9.59325e-40	-2.99910e-09	-7.13761e-40	1.13169e-08	3.62479e-39	-1.33203e-24	-2.71037e-40	-1.06447e-08	1.92294e-40	4.00383e-08	1.03010e-39	3.58837e-25	-7.39447e-41	-4.17229e-08	-5.54136e-41	1.47084e-07	3.02658e-40	-1.03316e-25	-2.35858e-41	-1.43303e-07	1.48485e-41	5.37566e-07	8.94053e-41	2.76843e-26	-6.71873e-42	-5.04315e-07	-3.98054e-42	1.90322e-06	2.53902e-41	-7.42148e-27	-1.89708e-42	-1.77978e-06	1.07363e-42	6.71965e-06	7.22024e-42	2.00159e-27	-5.12598e-43	-6.28979e-06	-3.13998e-43	2.37298e-05	2.13859e-42	-5.84880e-28	-1.68055e-43	4.22987e-05	8.41390e-44	-3.70187e-07	6.37571e-43	1.56725e-28	-4.79285e-44	-6.01547e-06	-2.25583e-44	-2.50827e-05	1.81159e-43	-4.20188e-29	-1.35216e-44	-1.95926e-06	6.09411e-45	-7.50639e-06	5.15636e-44	1.13506e-29	-3.60174e-45	-5.25493e-07	-1.81814e-45	-2.25429e-06	1.54462e-44	-3.38356e-30	-1.22799e-45	-1.79241e-07	4.87196e-46	-6.80809e-07	4.66420e-45	9.06728e-31	-3.50782e-46	-5.12021e-08	-1.30642e-46	-1.93586e-07	1.32624e-45	-2.43354e-31	-9.88449e-47	-1.44280e-08	3.53699e-47	-5.51712e-08	3.77973e-46	6.66900e-32	-2.57603e-47	-3.76012e-09	-1.08381e-47	-1.67932e-08	1.15049e-46	-2.34057e-32	-9.29712e-48	-1.35706e-09	2.90428e-48	-5.16271e-09	3.53693e-47	1.96152e-32	-2.66164e-48	-3.88508e-10	-7.78958e-49	-1.46947e-09	1.00672e-47	-5.50553e-32	-7.48682e-49	-1.09282e-10	2.11556e-49	-4.19581e-10	2.87452e-48	2.00606e-31	-1.88146e-49	-2.74629e-11	-6.72673e-50	-1.30808e-10	8.96157e-49	-7.47368e-31	-7.41840e-50	-1.08283e-11	1.80260e-50	-4.12903e-11	2.82876e-49	3.44876e-30	-2.13046e-50	-3.10975e-12	-4.83658e-51	-1.17701e-11	8.06360e-50	-1.30477e-29	-5.97366e-51	-8.71950e-13	1.32037e-51	-3.37180e-12	2.30999e-50	4.87420e-29	-1.39037e-51	-2.02947e-13	-4.44878e-52	-1.09710e-12	7.51616e-51	-1.81920e-28	-6.48716e-52	-9.46904e-14	1.19210e-52	-3.62430e-13	2.48298e-51	9.26805e-28	-1.87409e-52	-2.73554e-14	-3.19628e-53	-1.03499e-13	7.09063e-52	-3.52530e-27	-5.27423e-53	-7.69857e-15	8.64108e-54	-2.95568e-14	2.02491e-52	1.31744e-26	-1.33955e-53	-1.95528e-15	-2.60147e-54	-9.18586e-15	6.29316e-53	-4.91723e-26	-4.85564e-54	-7.08757e-16	6.96822e-55	-2.82382e-15	1.93458e-53	2.09926e-25	-1.40883e-54	-2.05641e-16	-1.85823e-55	-7.93025e-16	5.43295e-54	-7.90533e-25	-4.56994e-55	-6.67056e-17	4.64688e-56	-1.89492e-16	1.29820e-54	2.95221e-24	-4.43847e-58	-6.47864e-20	-5.23683e-59	-1.18692e-22	8.05216e-61	-1.10183e-23
2.19208e-18	-2.13984e-34	-4.27230e-17	5.22352e-36	5.40822e-20	-1.89477e-36	-3.15830e-19	3.08240e-35	2.04802e-14	1.28310e-34	1.31468e-18	5.07712e-37	-1.03201e-19	1.00723e-35	-8.18781e-14	3.82184e-35	3.91588e-19	-1.36080e-37	-2.93741e-20	2.86687e-36	3.07032e-13	1.08789e-35	1.11465e-19	3.66066e-38	-8.10501e-21	7.91038e-37	-1.14625e-12	3.16593e-36	3.24382e-20	-1.03466e-38	-2.50248e-21	2.44239e-37	4.53300e-12	9.24875e-37	9.47630e-21	2.77244e-39	-7.11853e-22	6.94759e-38	-1.69857e-11	2.62487e-37	2.68945e-21	-7.43116e-40	-2.01206e-22	1.96374e-38	6.34099e-11	7.45592e-38	7.63936e-22	2.00023e-40	-5.52520e-23	5.39252e-39	-2.36654e-10	2.17822e-38	2.23182e-22	-5.69771e-41	-1.72899e-23	1.68747e-39	9.44260e-10	6.39278e-39	6.55006e-23	1.52674e-41	-4.92118e-24	4.80301e-40	-3.54039e-09	1.81481e-39	1.85946e-23	-4.09247e-42	-1.39037e-24	1.35699e-40	1.32173e-08	5.15737e-40	5.28426e-24	1.10247e-42	-3.79324e-25	3.70215e-41	-4.93287e-08	1.51531e-40	1.55259e-24	-3.17422e-43	-1.20991e-25	1.18086e-41	1.99318e-07	4.47621e-41	4.58634e-25	8.50559e-44	-3.44660e-26	3.36383e-42	-7.47941e-07	1.27120e-41	1.30248e-25	-2.28014e-44	-9.73172e-27	9.49803e-43	2.79245e-06	3.61492e-42	3.70386e-26	6.14958e-45	-2.62954e-27	2.56640e-43	-1.04218e-05	1.07072e-42	1.09706e-26	-1.79695e-45	-8.62092e-28	8.41390e-44	4.28734e-05	3.19210e-43	3.27063e-27	4.81513e-46	-2.45865e-28	2.39961e-44	-1.14947e-05	9.07000e-44	9.29315e-28	-1.29096e-46	-6.93634e-29	6.76977e-45	3.10528e-06	2.58161e-44	2.64512e-28	3.48730e-47	-1.84763e-29	1.80326e-45	-9.26443e-07	7.73339e-45	7.92366e-29	-1.03954e-47	-6.29939e-30	6.14813e-46	2.48253e-07	2.33520e-45	2.39266e-29	2.78559e-48	-1.79945e-30	1.75624e-46	-6.65690e-08	6.64002e-46	6.80339e-30	-7.46952e-49	-5.07058e-31	4.94882e-47	1.80229e-08	1.89238e-46	1.93894e-30	2.02217e-49	-1.32146e-31	1.28973e-47	-5.52262e-09	5.76011e-47	5.90183e-31	-6.19158e-50	-4.76927e-32	4.65474e-48	1.47989e-09	1.77082e-47	1.81439e-31	1.65915e-50	-1.36538e-32	1.33259e-48	-3.96921e-10	5.04030e-48	5.16431e-32	-4.44999e-51	-3.84061e-33	3.74839e-49	1.07799e-10	1.43917e-48	1.47458e-32	1.20850e-51	-9.65159e-34	9.41982e-50	-3.42763e-11	4.48674e-49	4.59713e-33	-3.84004e-52	-3.80551e-34	3.71413e-50	9.18521e-12	1.41626e-49	1.45111e-33	1.02903e-52	-1.09289e-34	1.06665e-50	-2.46450e-12	4.03716e-50	4.13649e-34	-2.76101e-53	-3.06439e-35	2.99080e-51	6.72798e-13	1.15653e-50	1.18499e-34	7.53709e-54	-7.13237e-36	6.96111e-52	-2.26690e-13	3.76308e-51	3.85566e-35	-2.53821e-54	-3.32778e-36	3.24790e-52	6.07441e-14	1.24314e-51	1.27373e-35	6.80144e-55	-9.61289e-37	9.38293e-53	-1.62868e-14	3.55003e-52	3.63771e-36	-1.82361e-55	-2.70239e-37	2.64062e-53	4.40310e-15	1.01380e-52	1.03994e-36	4.93002e-56	-6.73467e-38	6.70665e-54	-1.32559e-15	3.15076e-53	3.27395e-37	-1.48399e-56	-2.03814e-38	2.43105e-54	3.55069e-16	9.68574e-54	1.16891e-37	3.97497e-57	8.52215e-39	7.05352e-55	-9.46867e-17	2.72009e-54	9.04951e-38	-1.05999e-57	4.57321e-38	2.28801e-55	2.36784e-17	6.49961e-55	2.16958e-37	2.64998e-58	-3.40207e-37	2.22218e-58	-2.66845e-20	4.05268e-61	-6.42646e-43	5.00199e-64
1.62237e-33	-7.30056e-16	-1.25133e-33	1.56588e-17	3.83524e-35	-2.33972e-18	-2.33559e-34	-1.36441e-13	3.35300e-34	3.69813e-13	9.72265e-34	6.26939e-19	-7.63234e-35	-4.21194e-13	-8.98693e-35	1.54673e-12	2.89603e-34	-1.68036e-19	-2.17240e-35	-1.47435e-12	2.41772e-35	5.53854e-12	8.24356e-35	4.52030e-20	-5.99416e-36	-5.62345e-12	-6.83959e-36	2.01585e-11	2.39901e-35	-1.27764e-20	-1.85075e-36	-1.94337e-11	1.83271e-36	7.30243e-11	7.00832e-36	3.42350e-21	-5.26460e-37	-6.84615e-11	-4.91235e-37	2.58357e-10	1.98902e-36	-9.17624e-22	-1.48804e-37	-2.42786e-10	1.32234e-37	9.13731e-10	5.64979e-37	2.46995e-22	-4.08623e-38	-9.37261e-10	-3.77003e-38	3.33666e-09	1.65057e-37	-7.03572e-23	-1.27870e-38	-3.23069e-09	1.01020e-38	1.21312e-08	4.84419e-38	1.88527e-23	-3.63952e-39	-1.13781e-08	-2.70789e-39	4.29344e-08	1.37519e-38	-5.05351e-24	-1.02827e-39	-4.03844e-08	7.29531e-40	1.51899e-07	3.90804e-39	1.36137e-24	-2.80534e-40	-1.58290e-07	-2.10230e-40	5.58011e-07	1.14824e-39	-3.91963e-25	-8.94805e-41	-5.43674e-07	5.63329e-41	2.03945e-06	3.39189e-40	1.05030e-25	-2.54897e-41	-1.91375e-06	-1.51015e-41	7.22112e-06	9.63263e-41	-2.81559e-26	-7.19722e-42	-6.78345e-06	4.07319e-42	2.55366e-05	2.73924e-41	7.59370e-27	-1.94471e-42	-2.59934e-05	-1.19126e-42	9.29826e-05	8.11346e-42	-2.21894e-27	-6.37571e-43	-3.70187e-07	3.19210e-43	2.20642e-04	2.41884e-42	5.94588e-28	-1.81833e-43	2.48524e-05	-8.55824e-44	9.71745e-05	6.87287e-43	-1.59412e-28	-5.12986e-44	7.37328e-06	2.31200e-44	2.81657e-05	1.95624e-43	4.30623e-29	-1.36644e-44	1.96900e-06	-6.89774e-45	8.44509e-06	5.86004e-44	-1.28365e-29	-4.65880e-45	6.71425e-07	1.84834e-45	2.55024e-06	1.76952e-44	3.43951e-30	-1.33081e-45	1.91797e-07	-4.95632e-46	7.25150e-07	5.03154e-45	-9.21486e-31	-3.75001e-46	5.40455e-08	1.34188e-46	2.06665e-07	1.43397e-45	2.46439e-31	-9.77302e-47	1.40850e-08	-4.11181e-47	6.29055e-08	4.36477e-46	-6.42699e-32	-3.52717e-47	5.08339e-09	1.10183e-47	1.93389e-08	1.34185e-46	-3.27600e-32	-1.00978e-47	1.45531e-09	-2.95524e-48	5.50446e-09	3.81933e-47	1.95310e-31	-2.84038e-48	4.09357e-10	8.02609e-49	1.57170e-09	1.09054e-47	-7.48480e-31	-7.13796e-49	1.02873e-10	-2.55201e-49	4.89992e-10	3.39987e-48	2.79861e-30	-2.81442e-49	4.05616e-11	6.83875e-50	1.54669e-10	1.07319e-48	-1.29184e-29	-8.08262e-50	1.16487e-11	-1.83492e-50	4.40894e-11	3.05920e-49	4.88750e-29	-2.26631e-50	3.26622e-12	5.00925e-51	1.26304e-11	8.76373e-50	-1.82582e-28	-5.27484e-51	7.60215e-13	-1.68779e-51	4.10961e-12	2.85151e-50	6.81452e-28	-2.46112e-51	3.54699e-13	4.52264e-52	1.35762e-12	9.42000e-51	-3.47170e-27	-7.11000e-52	1.02470e-13	-1.21262e-52	3.87695e-13	2.69007e-51	1.32054e-26	-2.00096e-52	2.88379e-14	3.27828e-53	1.10716e-13	7.68217e-52	-4.93497e-26	-5.08202e-53	7.32426e-15	-9.86953e-54	3.44091e-14	2.38752e-52	1.84193e-25	-1.84215e-53	2.65492e-15	2.64363e-54	1.05777e-14	7.33946e-53	-7.86359e-25	-5.34487e-54	7.70307e-16	-7.04980e-55	2.97058e-15	2.06117e-53	2.96124e-24	-1.73376e-54	2.49871e-16	1.76295e-55	7.09815e-16	4.92514e-54	-1.10586e-23	-1.68388e-57	2.42682e-19	-1.98677e-58	4.44607e-22	3.05486e-60	4.12732e-23
7.28151e-16	-1.63026e-33	-1.28212e-17	2.74131e-35	1.56591e-17	-4.65316e-34	1.36442e-13	2.33443e-34	3.43549e-18	9.72104e-34	3.69812e-13	1.24684e-34	4.21194e-13	7.63217e-35	-9.20804e-19	2.89601e-34	1.54673e-12	-3.34183e-35	1.47435e-12	2.17239e-35	2.47721e-19	8.24356e-35	5.53853e-12	8.98981e-36	5.62345e-12	5.99416e-36	-7.00787e-20	2.39901e-35	2.01585e-11	-2.54092e-36	1.94337e-11	1.85075e-36	1.87780e-20	7.00832e-36	7.30243e-11	6.80854e-37	6.84615e-11	5.26460e-37	-5.03321e-21	1.98902e-36	2.58357e-10	-1.82494e-37	2.42786e-10	1.48804e-37	1.35487e-21	5.64979e-37	9.13731e-10	4.91216e-38	9.37261e-10	4.08623e-38	-3.86278e-22	1.65057e-37	3.33666e-09	-1.39924e-38	3.23069e-09	1.27870e-38	1.03506e-22	4.84419e-38	1.21312e-08	3.74936e-39	1.13781e-08	3.63952e-39	-2.77452e-23	1.37519e-38	4.29344e-08	-1.00502e-39	4.03844e-08	1.02827e-39	7.47480e-24	3.90804e-39	1.51899e-07	2.70744e-40	1.58290e-07	2.80534e-40	-2.15402e-24	1.14824e-39	5.58011e-07	-7.79523e-41	5.43674e-07	8.94805e-41	5.77188e-25	3.39189e-40	2.03945e-06	2.08879e-41	1.91375e-06	2.54897e-41	-1.54731e-25	9.63263e-41	7.22112e-06	-5.59954e-42	6.78345e-06	7.19722e-42	4.17341e-26	2.73924e-41	2.55366e-05	1.51021e-42	2.59934e-05	1.94471e-42	-1.22056e-26	8.11346e-42	9.29826e-05	-4.41295e-43	3.70187e-07	6.37571e-43	3.27063e-27	2.41884e-42	2.20642e-04	1.18250e-43	-2.48524e-05	1.81833e-43	-8.76880e-28	6.87287e-43	9.71745e-05	-3.17034e-44	-7.37328e-06	5.12986e-44	2.36889e-28	1.95624e-43	2.81657e-05	8.56408e-45	-1.96900e-06	1.36644e-44	-7.06745e-29	5.86004e-44	8.44509e-06	-2.55290e-45	-6.71425e-07	4.65880e-45	1.89382e-29	1.76952e-44	2.55024e-06	6.84083e-46	-1.91797e-07	1.33081e-45	-5.07827e-30	5.03154e-45	7.25150e-07	-1.83436e-46	-5.40455e-08	3.75001e-46	1.37489e-30	1.43397e-45	2.06665e-07	4.96603e-47	-1.40850e-08	9.77302e-47	-4.21298e-31	4.36477e-46	6.29055e-08	-1.52052e-47	-5.08339e-09	3.52717e-47	1.12894e-31	1.34185e-46	1.93389e-08	4.07452e-48	-1.45531e-09	1.00978e-47	-3.02795e-32	3.81933e-47	5.50446e-09	-1.09282e-48	-4.09357e-10	2.84038e-48	8.22357e-33	1.09054e-47	1.57170e-09	2.96782e-49	-1.02873e-10	7.13796e-49	-2.61480e-33	3.39987e-48	4.89992e-10	-9.43033e-50	-4.05616e-11	2.81442e-49	7.00701e-34	1.07319e-48	1.54669e-10	2.52709e-50	-1.16487e-11	8.08262e-50	-1.88007e-34	3.05920e-49	4.40894e-11	-6.78047e-51	-3.26622e-12	2.26631e-50	5.13249e-35	8.76373e-50	1.26304e-11	1.85095e-51	-7.60215e-13	5.27484e-51	-1.72932e-35	2.85151e-50	4.10961e-12	-6.23333e-52	-3.54699e-13	2.46112e-51	4.63371e-36	9.42000e-51	1.35762e-12	1.67029e-52	-1.02470e-13	7.11000e-52	-1.24169e-36	2.69007e-51	3.87695e-13	-4.47841e-53	-2.88379e-14	2.00096e-52	3.33036e-37	7.68217e-52	1.10716e-13	1.21071e-53	-7.32426e-15	5.08202e-53	-9.04555e-38	2.38752e-52	3.44091e-14	-3.64437e-54	-2.65492e-15	1.84215e-53	-1.84670e-38	7.33946e-53	1.05777e-14	9.76171e-55	-7.70307e-16	5.34487e-54	1.64323e-37	2.06117e-53	2.97058e-15	-2.60313e-55	-2.49871e-16	1.73376e-54	-6.38827e-37	4.92514e-54	7.09815e-16	6.50804e-56	-2.42682e-19	1.68388e-57	2.39098e-36	2.63110e-60	4.40268e-22	-8.87193e-60
7.89957e-35	-4.05670e-19	-1.88757e-36	-9.55178e-23	2.31448e-36	-4.99087e-19	-1.14226e-35	5.73116e-20	5.05784e-37	2.38858e-19	4.75375e-35	8.30344e-16	-3.73128e-36	1.87600e-20	-1.35564e-37	7.11869e-20	1.41579e-35	-3.32088e-15	-1.06202e-36	5.34006e-21	3.64702e-38	2.02639e-20	4.03003e-36	1.24532e-14	-2.93036e-37	1.47346e-21	-1.03172e-38	5.89714e-21	1.17280e-36	-4.64918e-14	-9.04772e-38	4.54942e-22	2.76455e-39	1.72275e-21	3.42615e-37	1.83674e-13	-2.57370e-38	1.29412e-22	-7.41005e-40	4.88931e-22	9.72369e-38	-6.88202e-13	-7.27458e-39	3.65783e-23	1.99469e-40	1.38880e-22	2.76201e-38	2.56914e-12	-1.99763e-39	1.00446e-23	-5.68691e-41	4.05735e-23	8.06912e-39	-9.58834e-12	-6.25115e-40	3.14323e-24	1.52385e-41	1.19078e-23	2.36817e-39	3.82189e-11	-1.77925e-40	8.94650e-25	-4.08473e-42	3.38042e-24	6.72286e-40	-1.43287e-10	-5.02689e-41	2.52764e-25	1.10046e-42	9.60657e-25	1.91052e-40	5.34930e-10	-1.37144e-41	6.89596e-26	-3.17122e-43	2.82254e-25	5.61337e-41	-1.99643e-09	-4.37442e-42	2.19957e-26	8.49755e-44	8.33778e-26	1.65819e-41	8.05835e-09	-1.24611e-42	6.26577e-27	-2.27799e-44	2.36785e-26	4.70910e-42	-3.02370e-08	-3.51850e-43	1.76919e-27	6.14422e-45	6.73347e-27	1.33913e-42	1.12889e-07	-9.50710e-44	4.78040e-28	-1.79695e-45	1.99441e-27	3.96642e-43	-4.21321e-07	-3.11689e-44	1.56725e-28	4.81513e-46	5.94588e-28	1.18250e-43	1.73136e-06	-8.88925e-45	4.46973e-29	-1.29097e-46	1.68946e-28	3.35993e-44	-4.64189e-07	-2.50783e-45	1.26100e-29	3.48755e-47	4.80873e-29	9.56343e-45	1.25392e-07	-6.68010e-46	3.35893e-30	-1.04049e-47	1.44048e-29	2.86479e-45	-3.73785e-08	-2.27754e-46	1.14525e-30	2.78814e-48	4.34957e-30	8.65064e-46	1.00161e-08	-6.50590e-47	3.27306e-31	-7.47639e-49	1.23618e-30	2.45976e-46	-2.68580e-09	-1.83326e-47	9.27988e-32	2.02416e-49	3.50176e-31	7.01022e-47	7.27107e-10	-4.77773e-48	2.66624e-32	-6.20248e-50	9.84834e-32	2.13380e-47	-2.22629e-10	-1.72433e-48	1.75795e-32	1.66207e-50	-2.30021e-34	6.55990e-48	5.96575e-11	-4.93651e-49	3.37715e-32	-4.45784e-51	-1.08576e-31	1.86715e-48	-1.60007e-11	-1.38857e-49	1.12673e-31	1.21070e-51	-4.16096e-31	5.33133e-49	4.34537e-12	-3.48953e-50	5.03347e-31	-3.84959e-52	-1.62711e-30	1.66209e-49	-1.38075e-12	-1.37588e-50	1.68638e-30	1.03159e-52	-6.26078e-30	5.24648e-50	3.70007e-13	-3.95135e-51	5.91317e-30	-2.76789e-53	-2.22814e-29	1.49555e-50	-9.92771e-14	-1.10793e-51	2.12737e-29	7.55622e-54	-7.92727e-29	4.28432e-51	2.71009e-14	-2.57871e-52	1.03369e-28	-2.54596e-54	-3.19054e-28	1.39401e-51	-9.12660e-15	-1.20317e-52	3.44235e-28	6.82220e-55	-1.26888e-27	4.60515e-52	2.44558e-15	-3.47586e-53	1.20263e-27	-1.82918e-55	-4.53030e-27	1.31509e-52	-6.55711e-16	-9.78205e-54	4.28842e-27	4.94514e-56	-1.60708e-26	3.75558e-53	1.77268e-16	-2.48444e-54	1.83603e-26	-1.48877e-56	-6.12022e-26	1.16718e-53	-5.33595e-17	-9.00569e-55	6.06908e-26	3.98779e-57	-2.36577e-25	3.58804e-54	1.42927e-17	-2.61294e-55	2.12061e-25	-1.06343e-57	-8.40763e-25	1.00764e-54	-3.81140e-18	-8.47582e-56	7.11298e-25	2.65933e-58	-2.91601e-24	2.40775e-55	9.52883e-19	-8.23197e-59	4.77817e-27	-2.99695e-61	-6.64516e-24	1.49342e-61	-1.34092e-22
-5.47378e-17	1.22552e-34	9.63814e-19	-2.06074e-36	-1.17716e-18	3.49795e-35	-1.02568e-14	-1.75488e-35	-2.58259e-19	-7.30766e-35	-2.78001e-14	-9.37292e-36	-3.16627e-14	-5.73738e-36	6.92202e-20	-2.17704e-35	-1.16273e-13	2.51218e-36	-1.10832e-13	-1.63307e-36	-1.86221e-20	-6.19699e-36	-4.16352e-13	-6.75797e-37	-4.22735e-13	-4.50603e-37	5.26807e-21	-1.80342e-36	-1.51539e-12	1.91010e-37	-1.46090e-12	-1.39127e-37	-1.41161e-21	-5.26841e-37	-5.48950e-12	-5.11823e-38	-5.14650e-12	-3.95759e-38	3.78365e-22	-1.49522e-37	-1.94216e-11	1.37187e-38	-1.82511e-11	-1.11862e-38	-1.01851e-22	-4.24715e-38	-6.86885e-11	-3.69265e-39	-7.04573e-11	-3.07177e-39	2.90380e-23	-1.24079e-38	-2.50829e-10	1.05186e-39	-2.42863e-10	-9.61243e-40	-7.78091e-24	-3.64155e-39	-9.11949e-10	-2.81853e-40	-8.55332e-10	-2.73596e-40	2.08571e-24	-1.03378e-39	-3.22754e-09	7.55514e-41	-3.03584e-09	-7.72988e-41	-5.61908e-25	-2.93782e-40	-1.14188e-08	-2.03528e-41	-1.18992e-08	-2.10888e-41	1.61926e-25	-8.63171e-41	-4.19478e-08	5.85996e-42	-4.08702e-08	-6.72657e-42	-4.33894e-26	-2.54981e-41	-1.53313e-07	-1.57022e-42	-1.43880e-07	-1.91616e-42	1.16317e-26	-7.24120e-42	-5.42862e-07	4.20938e-43	-5.11101e-07	-5.41041e-43	-3.13730e-27	-2.05919e-42	-1.92129e-06	-1.13528e-43	-2.03334e-06	-1.46191e-43	9.17543e-28	-6.09918e-43	-7.09987e-06	3.31737e-44	-6.01547e-06	-4.79285e-44	-2.45865e-28	-1.81833e-43	-2.48524e-05	-8.88925e-45	4.23966e-05	-1.36690e-44	6.59183e-29	-5.16659e-44	6.67560e-08	2.38326e-45	-5.95835e-06	-3.85630e-45	-1.78078e-29	-1.47057e-44	2.51066e-05	-6.43793e-46	-1.83360e-06	-1.02720e-45	5.31286e-30	-4.40521e-45	7.91048e-06	1.91911e-46	-6.30440e-07	-3.50219e-46	-1.42365e-30	-1.33021e-45	2.39513e-06	-5.14251e-47	-1.80152e-07	-1.00042e-46	3.81752e-31	-3.78239e-46	6.81132e-07	1.37895e-47	-5.07651e-08	-2.81902e-47	-1.03356e-31	-1.07797e-46	1.94121e-07	-3.73315e-48	-1.32301e-08	-7.34673e-48	3.16705e-32	-3.28116e-47	5.90874e-08	1.14303e-48	-4.77486e-09	-2.65151e-48	-8.48668e-33	-1.00872e-47	1.81651e-08	-3.06296e-49	-1.36698e-09	-7.59090e-49	2.27622e-33	-2.87113e-48	5.17037e-09	8.21516e-50	-3.84511e-10	-2.13521e-49	-6.18196e-34	-8.19802e-49	1.47631e-09	-2.23102e-50	-9.66290e-11	-5.36586e-50	1.96564e-34	-2.55581e-49	4.60252e-10	7.08913e-51	-3.80997e-11	-2.11570e-50	-5.26743e-35	-8.06753e-50	1.45281e-10	-1.89971e-51	-1.09417e-11	-6.07600e-51	1.41331e-35	-2.29971e-50	4.14134e-11	5.09713e-52	-3.06798e-12	-1.70367e-51	-3.85829e-36	-6.58801e-51	1.18638e-11	-1.39143e-52	-7.14074e-13	-3.96529e-52	1.30003e-36	-2.14358e-51	3.86018e-12	4.68582e-53	-3.33171e-13	-1.85012e-52	-3.48537e-37	-7.08136e-52	1.27522e-12	-1.25562e-53	-9.62505e-14	-5.34485e-53	9.41181e-38	-2.02222e-52	3.64164e-13	3.36658e-54	-2.70876e-14	-1.50419e-53	-2.79351e-38	-5.77497e-53	1.03996e-13	-9.10136e-55	-6.87971e-15	-3.82034e-54	1.76224e-38	-1.79479e-53	3.23207e-14	2.73961e-55	-2.49378e-15	-1.38481e-54	-4.48250e-38	-5.51734e-54	9.93568e-15	-7.33823e-56	-7.23553e-16	-4.01793e-55	1.61678e-37	-1.54946e-54	2.79028e-15	1.95687e-56	-2.34705e-16	-1.30333e-55	-6.01886e-37	-3.70241e-55	6.66733e-16	-4.89233e-57	-2.27953e-19	-1.26583e-58	2.24586e-36	-1.97790e-61	4.13546e-22	6.66936e-61
1.21959e-34	-5.48810e-17	-9.40671e-35	1.17713e-18	2.88309e-36	-1.75885e-19	-1.75575e-35	-1.02568e-14	2.52057e-35	2.78002e-14	7.30887e-35	4.71293e-20	-5.73751e-36	-3.16627e-14	-6.75580e-36	1.16273e-13	2.17705e-35	-1.26318e-20	-1.63307e-36	-1.10832e-13	1.81749e-36	4.16352e-13	6.19699e-36	3.39807e-21	-4.50603e-37	-4.22735e-13	-5.14157e-37	1.51539e-12	1.80342e-36	-9.60447e-22	-1.39127e-37	-1.46090e-12	1.37771e-37	5.48950e-12	5.26841e-37	2.57357e-22	-3.95759e-38	-5.14650e-12	-3.69279e-38	1.94216e-11	1.49522e-37	-6.89812e-23	-1.11862e-38	-1.82511e-11	9.94050e-39	6.86885e-11	4.24715e-38	1.85675e-23	-3.07177e-39	-7.04573e-11	-2.83407e-39	2.50829e-10	1.24079e-38	-5.28901e-24	-9.61243e-40	-2.42863e-10	7.59407e-40	9.11949e-10	3.64155e-39	1.41722e-24	-2.73596e-40	-8.55332e-10	-2.03562e-40	3.22754e-09	1.03378e-39	-3.79891e-25	-7.72988e-41	-3.03584e-09	5.48415e-41	1.14188e-08	2.93782e-40	1.02339e-25	-2.10888e-41	-1.18992e-08	-1.58038e-41	4.19478e-08	8.63171e-41	-2.94653e-26	-6.72657e-42	-4.08702e-08	4.23475e-42	1.53313e-07	2.54981e-41	7.89547e-27	-1.91616e-42	-1.43880e-07	-1.13524e-42	5.42862e-07	7.24120e-42	-2.11658e-27	-5.41041e-43	-5.11101e-07	3.06197e-43	1.92129e-06	2.05919e-42	5.70846e-28	-1.46191e-43	-2.03334e-06	-8.95510e-44	7.09987e-06	6.09918e-43	-1.66806e-28	-4.79285e-44	-6.01547e-06	2.39961e-44	2.48524e-05	1.81833e-43	4.46973e-29	-1.36690e-44	4.23966e-05	-6.43354e-45	-6.67560e-08	5.16659e-44	-1.19836e-29	-3.85630e-45	-5.95835e-06	1.73802e-45	-2.51066e-05	1.47057e-44	3.23716e-30	-1.02720e-45	-1.83360e-06	-5.18528e-46	-7.91048e-06	4.40521e-45	-9.65026e-31	-3.50219e-46	-6.30440e-07	1.38947e-46	-2.39513e-06	1.33021e-45	2.58796e-31	-1.00042e-46	-1.80152e-07	-3.72585e-47	-6.81132e-07	3.78239e-46	-7.01585e-32	-2.81902e-47	-5.07651e-08	1.00874e-47	-1.94121e-07	1.07797e-46	2.18380e-32	-7.34673e-48	-1.32301e-08	-3.09100e-48	-5.90874e-08	3.28116e-47	-1.71936e-32	-2.65151e-48	-4.77486e-09	8.28289e-49	-1.81651e-08	1.00872e-47	5.15559e-32	-7.59090e-49	-1.36698e-09	-2.22156e-49	-5.17037e-09	2.87113e-48	-1.89030e-31	-2.13521e-49	-3.84511e-10	6.03351e-50	-1.47631e-09	8.19802e-49	7.04565e-31	-5.36586e-50	-9.66290e-11	-1.91844e-50	-4.60252e-10	2.55581e-49	-2.62923e-30	-2.11570e-50	-3.80997e-11	5.14094e-51	-1.45281e-10	8.06753e-50	1.21344e-29	-6.07600e-51	-1.09417e-11	-1.37938e-51	-4.14134e-11	2.29971e-50	-4.59086e-29	-1.70367e-51	-3.06798e-12	3.76564e-52	-1.18638e-11	6.58801e-51	1.71500e-28	-3.96529e-52	-7.14074e-13	-1.26878e-52	-3.86018e-12	2.14358e-51	-6.40091e-28	-1.85012e-52	-3.33171e-13	3.39983e-53	-1.27522e-12	7.08136e-52	3.26099e-27	-5.34485e-53	-9.62505e-14	-9.11569e-54	-3.64164e-13	2.02222e-52	-1.24039e-26	-1.50419e-53	-2.70876e-14	2.46440e-54	-1.03996e-13	5.77497e-53	4.63544e-26	-3.82034e-54	-6.87971e-15	-7.41928e-55	-3.23207e-14	1.79479e-53	-1.73014e-25	-1.38481e-54	-2.49378e-15	1.98731e-55	-9.93568e-15	5.51734e-54	7.38631e-25	-4.01793e-55	-7.23553e-16	-5.29960e-56	-2.79028e-15	1.54946e-54	-2.78151e-24	-1.30333e-55	-2.34705e-16	1.32527e-56	-6.66733e-16	3.70241e-55	1.03874e-23	-1.26583e-58	-2.27953e-19	-1.49353e-59	-4.17621e-22	2.29645e-61	-3.87681e-23
-5.87714e-19	5.73707e-35	1.14543e-17	-1.40046e-36	-1.44998e-20	5.08001e-37	8.46763e-20	-8.26414e-36	-5.49089e-15	-3.44009e-35	-3.52475e-19	-1.36121e-37	2.76689e-20	-2.70045e-36	2.19521e-14	-1.02466e-35	-1.04987e-19	3.64839e-38	7.87540e-21	-7.68629e-37	-8.23175e-14	-2.91671e-36	-2.98847e-20	-9.81449e-39	2.17301e-21	-2.12083e-37	3.07318e-13	-8.48808e-37	-8.69692e-21	2.77401e-39	6.70934e-22	-6.54823e-38	-1.21533e-12	-2.47966e-37	-2.54066e-21	-7.43312e-40	1.90853e-22	-1.86270e-38	4.55400e-12	-7.03746e-38	-7.21061e-22	1.99235e-40	5.39447e-23	-5.26493e-39	-1.70007e-11	-1.99899e-38	-2.04817e-22	-5.36277e-41	1.48135e-23	-1.44577e-39	6.34486e-11	-5.83997e-39	-5.98366e-23	1.52760e-41	4.63555e-24	-4.52423e-40	-2.53163e-10	-1.71395e-39	-1.75612e-23	-4.09330e-42	1.31940e-24	-1.28772e-40	9.49203e-10	-4.86563e-40	-4.98534e-24	1.09722e-42	3.72770e-25	-3.63818e-41	-3.54365e-09	-1.38273e-40	-1.41675e-24	-2.95581e-43	1.01700e-25	-9.92574e-42	1.32254e-08	-4.06264e-41	-4.16260e-25	8.51032e-44	3.24386e-26	-3.16596e-42	-5.34385e-08	-1.20010e-41	-1.22963e-25	-2.28041e-44	9.24057e-27	-9.01868e-43	2.00528e-07	-3.40818e-42	-3.49203e-26	6.11321e-45	2.60914e-27	-2.54649e-43	-7.48675e-07	-9.69187e-43	-9.93032e-27	-1.64875e-45	7.05000e-28	-6.88071e-44	2.79417e-06	-2.87067e-43	-2.94130e-27	4.81777e-46	2.31133e-28	-2.25583e-44	-1.14947e-05	-8.55824e-44	-8.76880e-28	-1.29097e-46	6.59183e-29	-6.43354e-45	4.31845e-05	-2.43173e-44	-2.49156e-28	3.46117e-47	1.85968e-29	-1.81503e-45	-1.16663e-05	-6.92147e-45	-7.09177e-29	-9.34970e-48	4.95363e-30	-4.83468e-46	3.48057e-06	-2.07338e-45	-2.12439e-29	2.78709e-48	1.68891e-30	-1.64836e-46	-9.32665e-07	-6.26084e-46	-6.41488e-30	-7.46837e-49	4.82446e-31	-4.70861e-47	2.50094e-07	-1.78024e-46	-1.82404e-30	2.00263e-49	1.35946e-31	-1.32681e-47	-6.77105e-08	-5.07361e-47	-5.19843e-31	-5.42158e-50	3.54292e-32	-3.45785e-48	2.07480e-08	-1.54433e-47	-1.58232e-31	1.66001e-50	1.27868e-32	-1.24797e-48	-5.55981e-09	-4.74769e-48	-4.86450e-32	-4.44829e-51	3.66067e-33	-3.57277e-49	1.49120e-09	-1.35134e-48	-1.38459e-32	1.19307e-51	1.02970e-33	-1.00497e-49	-4.04993e-10	-3.85852e-49	-3.95345e-33	-3.24007e-52	2.58766e-34	-2.52552e-50	1.28773e-10	-1.20293e-49	-1.23252e-33	1.02954e-52	1.02029e-34	-9.95786e-51	-3.45081e-11	-3.79711e-50	-3.89053e-34	-2.75892e-53	2.93012e-35	-2.85976e-51	9.25893e-12	-1.08239e-50	-1.10902e-34	7.40248e-54	8.21584e-36	-8.01856e-52	-2.52764e-12	-3.10075e-51	-3.17704e-35	-2.02075e-54	1.91221e-36	-1.86632e-52	8.51654e-13	-1.00891e-51	-1.03374e-35	6.80514e-55	8.92112e-37	-8.70784e-53	-2.28210e-13	-3.33295e-52	-3.41530e-36	-1.82352e-55	2.57415e-37	-2.51563e-53	6.11881e-14	-9.51789e-53	-9.76476e-37	4.88923e-56	7.13367e-38	-7.07970e-54	-1.65421e-14	-2.71808e-53	-2.83000e-37	-1.32178e-56	1.32768e-38	-1.79810e-54	4.98012e-15	-8.44743e-54	-1.03708e-37	3.97868e-57	-1.03303e-38	-6.51781e-55	-1.33396e-15	-2.59682e-54	-9.29171e-38	-1.06572e-57	-5.72308e-38	-1.89110e-55	3.55730e-16	-7.29275e-55	-2.42749e-37	2.84192e-58	-1.79990e-37	-6.13432e-56	-8.89576e-17	-1.74259e-55	-7.91860e-37	-7.10479e-59	1.27812e-36	-5.95784e-59	1.00251e-19	-1.08655e-61	2.42878e-42	-1.34107e-64
4.60979e-34	-2.07437e-16	-3.55552e-34	4.44927e-18	1.08974e-35	-6.64807e-19	-6.63632e-35	-3.87683e-14	9.52719e-35	1.05078e-13	2.76259e-34	1.78138e-19	-2.16865e-35	-1.19678e-13	-2.55354e-35	4.39486e-13	8.22877e-35	-4.77455e-20	-6.17263e-36	-4.18921e-13	6.86970e-36	1.57372e-12	2.34232e-35	1.28439e-20	-1.70318e-36	-1.59784e-12	-1.94340e-36	5.72782e-12	6.81653e-36	-3.63027e-21	-5.25869e-37	-5.52187e-12	5.20744e-37	2.07491e-11	1.99134e-36	9.72751e-22	-1.49588e-37	-1.94526e-11	-1.39579e-37	7.34094e-11	5.65158e-37	-2.60733e-22	-4.22811e-38	-6.89850e-11	3.75728e-38	2.59627e-10	1.60533e-37	7.01811e-23	-1.16106e-38	-2.66313e-10	-1.07121e-38	9.48075e-10	4.68991e-38	-1.99912e-23	-3.63328e-39	-9.17966e-10	2.87039e-39	3.44696e-09	1.37642e-38	5.35679e-24	-1.03413e-39	-3.23296e-09	-7.69419e-40	1.21993e-08	3.90744e-39	-1.43590e-24	-2.92172e-40	-1.14748e-08	2.07288e-40	4.31604e-08	1.11043e-39	3.86818e-25	-7.97107e-41	-4.49764e-08	-5.97346e-41	1.58553e-07	3.26259e-40	-1.11372e-25	-2.54249e-41	-1.54480e-07	1.60064e-41	5.79488e-07	9.63768e-41	2.98431e-26	-7.24264e-42	-5.43842e-07	-4.29093e-42	2.05190e-06	2.73701e-41	-8.00019e-27	-2.04501e-42	-1.93230e-06	1.15735e-42	7.26268e-06	7.78326e-42	2.15767e-27	-5.52570e-43	-7.71665e-06	-3.38483e-43	2.68790e-05	2.30535e-42	-6.30488e-28	-1.81159e-43	-2.50827e-05	9.07000e-44	9.71745e-05	6.87287e-43	1.68946e-28	-5.16659e-44	-6.67560e-08	-2.43173e-44	2.22053e-04	1.95285e-43	-4.52953e-29	-1.45759e-44	2.48292e-05	6.56931e-45	9.79915e-05	5.55843e-44	1.22356e-29	-3.88259e-45	6.95553e-06	-1.95992e-45	2.98943e-05	1.66507e-44	-3.64719e-30	-1.32375e-45	2.37878e-06	5.25187e-46	9.03595e-06	5.02790e-45	9.76542e-31	-3.78135e-46	6.79598e-07	-1.40829e-46	2.56945e-06	1.42966e-45	-2.58981e-31	-1.06553e-46	1.91502e-07	3.81280e-47	7.32284e-07	4.07446e-46	5.93816e-32	-2.77690e-47	4.99078e-08	-1.16833e-47	2.22896e-07	1.24020e-46	2.14543e-32	-1.00221e-47	1.80122e-08	3.13074e-48	6.85244e-08	3.81273e-47	-1.82853e-31	-2.86919e-48	5.15665e-09	-8.39699e-49	1.95042e-08	1.08522e-47	7.09960e-31	-8.07062e-49	1.45049e-09	2.28053e-49	5.56908e-09	3.09867e-48	-2.65699e-30	-2.02817e-49	3.64514e-10	-7.25126e-50	1.73621e-09	9.66037e-49	9.91798e-30	-7.99687e-50	1.43724e-10	1.94316e-50	5.48044e-10	3.04934e-49	-4.57748e-29	-2.29659e-50	4.12755e-11	-5.21373e-51	1.56224e-10	8.69238e-50	1.73181e-28	-6.43947e-51	1.15734e-11	1.42332e-51	4.47537e-11	2.49012e-50	-6.46950e-28	-1.49879e-51	2.69370e-12	-4.79569e-52	1.45618e-11	8.10225e-51	2.41462e-27	-6.99301e-52	1.25682e-12	1.28506e-52	4.81051e-12	2.67659e-51	-1.23014e-26	-2.02023e-52	3.63086e-13	-3.44552e-53	1.37374e-12	7.64354e-52	4.67911e-26	-5.68550e-53	1.02183e-13	9.31488e-54	3.92305e-13	2.18281e-52	-1.74863e-25	-1.44400e-53	2.59524e-14	-2.80432e-54	1.21923e-13	6.78388e-53	6.52661e-25	-5.23427e-54	9.40729e-15	7.51158e-55	3.74804e-14	2.08543e-53	-2.78634e-24	-1.51869e-54	2.72946e-15	-2.00313e-55	1.05258e-14	5.85660e-54	1.04927e-23	-4.92630e-55	8.85379e-16	5.00923e-56	2.51512e-15	1.39943e-54	-3.91845e-23	-4.78457e-58	8.59907e-19	-5.64519e-59	1.57540e-21	8.68004e-61	1.46245e-22
2.06896e-16	-4.63220e-34	-3.64300e-18	7.78914e-36	4.44938e-18	-1.32214e-34	3.87684e-14	6.63304e-35	9.76159e-19	2.76213e-34	1.05078e-13	3.54275e-35	1.19678e-13	2.16860e-35	-2.61637e-19	8.22870e-35	4.39486e-13	-9.49546e-36	4.18921e-13	6.17262e-36	7.03872e-20	2.34232e-35	1.57372e-12	2.55436e-36	1.59784e-12	1.70318e-36	-1.99121e-20	6.81653e-36	5.72782e-12	-7.21976e-37	5.52187e-12	5.25869e-37	5.33556e-21	1.99134e-36	2.07491e-11	1.93457e-37	1.94526e-11	1.49588e-37	-1.43013e-21	5.65158e-37	7.34094e-11	-5.18537e-38	6.89850e-11	4.22811e-38	3.84972e-22	1.60533e-37	2.59627e-10	1.39574e-38	2.66313e-10	1.16106e-38	-1.09757e-22	4.68991e-38	9.48075e-10	-3.97579e-39	9.17966e-10	3.63328e-39	2.94101e-23	1.37642e-38	3.44696e-09	1.06534e-39	3.23296e-09	1.03413e-39	-7.88349e-24	3.90744e-39	1.21993e-08	-2.85567e-40	1.14748e-08	2.92172e-40	2.12388e-24	1.11043e-39	4.31604e-08	7.69291e-41	4.49764e-08	7.97107e-41	-6.12043e-25	3.26259e-40	1.58553e-07	-2.21493e-41	1.54480e-07	2.54249e-41	1.64002e-25	9.63768e-41	5.79488e-07	5.93509e-42	5.43842e-07	7.24264e-42	-4.39651e-26	2.73701e-41	2.05190e-06	-1.59105e-42	1.93230e-06	2.04501e-42	1.18583e-26	7.78326e-42	7.26268e-06	4.29110e-43	7.71665e-06	5.52570e-43	-3.46810e-27	2.30535e-42	2.68790e-05	-1.25389e-43	2.50827e-05	1.81159e-43	9.29315e-28	6.87287e-43	9.71745e-05	3.35993e-44	6.67560e-08	5.16659e-44	-2.49156e-28	1.95285e-43	2.22053e-04	-9.00818e-45	-2.48292e-05	1.45759e-44	6.73094e-29	5.55843e-44	9.79915e-05	2.43339e-45	-6.95553e-06	3.88259e-45	-2.00814e-29	1.66507e-44	2.98943e-05	-7.25379e-46	-2.37878e-06	1.32375e-45	5.38108e-30	5.02790e-45	9.03595e-06	1.94375e-46	-6.79598e-07	3.78135e-46	-1.44294e-30	1.42966e-45	2.56945e-06	-5.21214e-47	-1.91502e-07	1.06553e-46	3.90661e-31	4.07446e-46	7.32284e-07	1.41104e-47	-4.99078e-08	2.77690e-47	-1.19707e-31	1.24020e-46	2.22896e-07	-4.32041e-48	-1.80122e-08	1.00221e-47	3.20777e-32	3.81273e-47	6.85244e-08	1.15773e-48	-5.15665e-09	2.86919e-48	-8.60359e-33	1.08522e-47	1.95042e-08	-3.10514e-49	-1.45049e-09	8.07062e-49	2.33664e-33	3.09867e-48	5.56908e-09	8.43274e-50	-3.64514e-10	2.02817e-49	-7.42967e-34	9.66037e-49	1.73621e-09	-2.67953e-50	-1.43724e-10	7.99687e-50	1.99097e-34	3.04934e-49	5.48044e-10	7.18047e-51	-4.12755e-11	2.29659e-50	-5.34200e-35	8.69238e-50	1.56224e-10	-1.92660e-51	-1.15734e-11	6.43947e-51	1.45834e-35	2.49012e-50	4.47537e-11	5.25928e-52	-2.69370e-12	1.49879e-51	-4.91354e-36	8.10225e-51	1.45618e-11	-1.77113e-52	-1.25682e-12	6.99301e-52	1.31596e-36	2.67659e-51	4.81051e-12	4.74596e-53	-3.63086e-13	2.02023e-52	-3.50319e-37	7.64354e-52	1.37374e-12	-1.27249e-53	-1.02183e-13	5.68550e-53	8.53130e-38	2.18281e-52	3.92305e-13	3.44011e-54	-2.59524e-14	1.44400e-53	9.06747e-39	6.78388e-53	1.21923e-13	-1.03551e-54	-9.40729e-15	5.23427e-54	-1.53716e-37	2.08543e-53	3.74804e-14	2.77368e-55	-2.72946e-15	1.51869e-54	6.05797e-37	5.85660e-54	1.05258e-14	-7.39651e-56	-8.85379e-16	4.92630e-55	-2.26947e-36	1.39943e-54	2.51512e-15	1.84919e-56	-8.59907e-19	4.78457e-58	8.47208e-36	7.47600e-61	1.56002e-21	-2.52086e-60
-2.11792e-35	1.08763e-19	5.06070e-37	2.56089e-23	-6.20525e-37	1.33808e-19	3.06247e-36	-1.53656e-20	-1.35604e-37	-6.40392e-20	-1.27451e-35	-2.22620e-16	1.00038e-36	-5.02966e-21	3.63454e-38	-1.90856e-20	-3.79582e-36	8.90347e-16	2.84733e-37	-1.43170e-21	-9.77788e-39	-5.43288e-21	-1.08047e-36	-3.33877e-15	7.85647e-38	-3.95043e-22	2.76610e-39	-1.58106e-21	-3.14435e-37	1.24647e-14	2.42575e-38	-1.21973e-22	-7.41193e-40	-4.61880e-22	-9.18572e-38	-4.92440e-14	6.90024e-39	-3.46961e-23	1.98668e-40	-1.31085e-22	-2.60698e-38	1.84511e-13	1.95036e-39	-9.80687e-24	-5.34787e-41	-3.72347e-23	-7.40510e-39	-6.88801e-13	5.35577e-40	-2.69301e-24	1.52469e-41	-1.08780e-23	-2.16338e-39	2.57069e-12	1.67597e-40	-8.42720e-25	-4.08552e-42	-3.19254e-24	-6.34921e-40	-1.02467e-11	4.77027e-41	-2.39861e-25	1.09514e-42	-9.06310e-25	-1.80244e-40	3.84162e-11	1.34774e-41	-6.77677e-26	-2.95041e-43	-2.57558e-25	-5.12222e-41	-1.43418e-10	3.67692e-42	-1.84885e-26	8.50223e-44	-7.56740e-26	-1.50498e-41	5.35256e-10	1.17281e-42	-5.89717e-27	-2.27824e-44	-2.23541e-26	-4.44570e-42	-2.16049e-09	3.34091e-43	-1.67989e-27	6.10744e-45	-6.34834e-27	-1.26254e-42	8.10671e-09	9.43330e-44	-4.74329e-28	-1.64730e-45	-1.80528e-27	-3.59029e-43	-3.02663e-08	2.54891e-44	-1.28165e-28	4.81774e-46	-5.34714e-28	-1.06342e-43	1.12959e-07	8.35656e-45	-4.20188e-29	-1.29096e-46	-1.59412e-28	-3.17034e-44	-4.64189e-07	2.38326e-45	-1.19836e-29	3.46117e-47	-4.52953e-29	-9.00818e-45	1.74380e-06	6.72364e-46	-3.38082e-30	-9.35033e-48	-1.28924e-29	-2.56401e-45	-4.71054e-07	1.79097e-46	-9.00600e-31	2.78962e-48	-3.86185e-30	-7.68068e-46	1.40418e-07	6.10623e-47	-3.07221e-31	-7.47517e-49	-1.16550e-30	-2.31929e-46	-3.76270e-08	1.74427e-47	-8.83569e-32	2.00446e-49	-3.29148e-31	-6.59477e-47	1.00896e-08	4.91509e-48	-2.70351e-32	-5.42689e-50	-8.58059e-32	-1.87948e-47	-2.73149e-09	1.28094e-48	-1.63539e-32	1.66292e-50	4.32791e-33	-5.72085e-48	8.36341e-10	4.62302e-49	-3.57934e-32	-4.45610e-51	1.15933e-31	-1.75875e-48	-2.24113e-10	1.32351e-49	-1.18209e-31	1.19517e-51	4.40634e-31	-5.00595e-49	6.01092e-11	3.72284e-50	-4.20836e-31	-3.24596e-52	1.57248e-30	-1.42936e-49	-1.63240e-11	9.35563e-51	-1.89029e-30	1.03210e-52	6.11542e-30	-4.45617e-50	5.18701e-12	3.68882e-51	-6.33492e-30	-2.76577e-53	2.35205e-29	-1.40661e-50	-1.38999e-12	1.05938e-51	-2.22137e-29	7.42088e-54	8.37038e-29	-4.00965e-51	3.72950e-13	2.97042e-52	-7.99178e-29	-2.02587e-54	2.97800e-28	-1.14865e-51	-1.01809e-13	6.91367e-53	-3.88323e-28	6.82587e-55	1.19858e-27	-3.73743e-52	3.42855e-14	3.22576e-53	-1.29317e-27	-1.82907e-55	4.76674e-27	-1.23467e-52	-9.18719e-15	9.31898e-54	-4.51785e-27	4.90413e-56	1.70188e-26	-3.52584e-53	2.46328e-15	2.62263e-54	-1.61101e-26	-1.32582e-56	6.03726e-26	-1.00689e-53	-6.65933e-16	6.66094e-55	-6.89733e-26	3.99149e-57	2.29915e-25	-3.12929e-54	2.00453e-16	2.41448e-55	-2.27994e-25	-1.06915e-57	8.88739e-25	-9.61974e-55	-5.36928e-17	7.00545e-56	-7.96641e-25	2.85112e-58	3.15846e-24	-2.70155e-55	1.43181e-17	2.27242e-56	-2.67210e-24	-7.12981e-59	1.09544e-23	-6.45532e-56	-3.57965e-18	2.20704e-59	-1.79499e-26	8.03499e-62	2.49636e-23	-4.00396e-62	5.03739e-22
-1.54426e-17	3.45744e-35	2.71911e-19	-5.81376e-37	-3.32098e-19	9.86839e-36	-2.89364e-15	-4.95085e-36	-7.28597e-20	-2.06163e-35	-7.84294e-15	-2.64428e-36	-8.93266e-15	-1.61863e-36	1.95283e-20	-6.14184e-36	-3.28029e-14	7.08734e-37	-3.12679e-14	-4.60720e-37	-5.25364e-21	-1.74829e-36	-1.17461e-13	-1.90655e-37	-1.19262e-13	-1.27124e-37	1.48622e-21	-5.08781e-37	-4.27520e-13	5.38877e-38	-4.12148e-13	-3.92505e-38	-3.98242e-22	-1.48632e-37	-1.54869e-12	-1.44395e-38	-1.45193e-12	-1.11651e-38	1.06744e-22	-4.21829e-38	-5.47922e-12	3.87032e-39	-5.14899e-12	-3.15583e-39	-2.87340e-23	-1.19820e-38	-1.93783e-11	-1.04177e-39	-1.98774e-11	-8.66606e-40	8.19217e-24	-3.50051e-39	-7.07636e-11	2.96750e-40	-6.85163e-11	-2.71185e-40	-2.19515e-24	-1.02735e-39	-2.57278e-10	-7.95161e-41	-2.41306e-10	-7.71867e-41	5.88418e-25	-2.91649e-40	-9.10550e-10	2.13145e-41	-8.56470e-10	-2.18075e-41	-1.58525e-25	-8.28815e-41	-3.22146e-09	-5.74193e-42	-3.35700e-09	-5.94955e-42	4.56824e-26	-2.43517e-41	-1.18343e-08	1.65321e-42	-1.15303e-08	-1.89770e-42	-1.22410e-26	-7.19349e-42	-4.32525e-08	-4.42990e-43	-4.05922e-08	-5.40585e-43	3.28152e-27	-2.04288e-42	-1.53153e-07	1.18755e-43	-1.44242e-07	-1.52638e-43	-8.85094e-28	-5.80936e-43	-5.42104e-07	-3.20284e-44	-5.77119e-07	-4.12434e-44	2.58857e-28	-1.72070e-43	-2.00783e-06	9.35895e-45	-1.95926e-06	-1.35216e-44	-6.93634e-29	-5.12986e-44	-7.37328e-06	-2.50783e-45	-5.95835e-06	-3.85630e-45	1.85968e-29	-1.45759e-44	-2.48292e-05	6.72364e-46	4.25171e-05	-1.08794e-45	-5.02392e-30	-4.14877e-45	4.63854e-07	-1.81626e-46	-5.47983e-06	-2.89793e-46	1.49886e-30	-1.24279e-45	2.67042e-05	5.41417e-47	-2.22857e-06	-9.88035e-47	-4.01640e-31	-3.75279e-46	8.50367e-06	-1.45080e-47	-6.40989e-07	-2.82237e-47	1.07700e-31	-1.06709e-46	2.42403e-06	3.89030e-48	-1.80684e-07	-7.95300e-48	-2.91586e-32	-3.04115e-47	6.90928e-07	-1.05319e-48	-4.70896e-08	-2.07266e-48	8.93485e-33	-9.25678e-48	2.10309e-07	3.22472e-49	-1.69951e-08	-7.48041e-49	-2.39425e-33	-2.84579e-48	6.46549e-08	-8.64121e-50	-4.86546e-09	-2.14154e-49	6.42165e-34	-8.10002e-49	1.84028e-08	2.31766e-50	-1.36859e-09	-6.02385e-50	-1.74405e-34	-2.31282e-49	5.25460e-09	-6.29413e-51	-3.43930e-10	-1.51381e-50	5.54545e-35	-7.21042e-50	1.63817e-09	1.99998e-51	-1.35608e-10	-5.96880e-51	-1.48604e-35	-2.27601e-50	5.17097e-10	-5.35945e-52	-3.89448e-11	-1.71416e-51	3.98724e-36	-6.48792e-51	1.47402e-10	1.43800e-52	-1.09198e-11	-4.80637e-52	-1.08853e-36	-1.85861e-51	4.22265e-11	-3.92549e-53	-2.54159e-12	-1.11869e-52	3.66885e-37	-6.04745e-52	1.37395e-11	1.32196e-53	-1.18585e-12	-5.21953e-53	-9.89480e-38	-1.99779e-52	4.53887e-12	-3.54235e-54	-3.42583e-13	-1.50788e-53	2.89068e-38	-5.70508e-53	1.29616e-12	9.49778e-55	-9.64126e-14	-4.24361e-54	-1.66794e-38	-1.62923e-53	3.70153e-13	-2.56767e-55	-2.44869e-14	-1.07779e-54	3.78107e-38	-5.06344e-54	1.15039e-13	7.72896e-56	-8.87608e-15	-3.90682e-55	-1.52872e-37	-1.55655e-54	3.53640e-14	-2.07026e-56	-2.57533e-15	-1.13354e-55	5.73678e-37	-4.37132e-55	9.93141e-15	5.52070e-57	-8.35383e-16	-3.67695e-56	-2.14184e-36	-1.04452e-55	2.37310e-15	-1.38022e-57	-8.11349e-19	-3.57116e-59	7.99368e-36	-5.58003e-62	1.47193e-21	1.88155e-61
3.44071e-35	-1.54830e-17	-2.65381e-35	3.32090e-19	8.13376e-37	-4.96207e-20	-4.95330e-36	-2.89364e-15	7.11102e-36	7.84296e-15	2.06197e-35	1.32961e-20	-1.61866e-36	-8.93266e-15	-1.90594e-36	3.28029e-14	6.14189e-36	-3.56369e-21	-4.60720e-37	-3.12679e-14	5.12749e-37	1.17461e-13	1.74829e-36	9.58662e-22	-1.27124e-37	-1.19262e-13	-1.45054e-37	4.27520e-13	5.08781e-37	-2.70961e-22	-3.92505e-38	-4.12148e-13	3.88679e-38	1.54869e-12	1.48632e-37	7.26054e-23	-1.11651e-38	-1.45193e-12	-1.04181e-38	5.47922e-12	4.21829e-38	-1.94609e-23	-3.15583e-39	-5.14899e-12	2.80441e-39	1.93783e-11	1.19820e-38	5.23826e-24	-8.66606e-40	-1.98774e-11	-7.99545e-40	7.07636e-11	3.50051e-39	-1.49213e-24	-2.71185e-40	-6.85163e-11	2.14243e-40	2.57278e-10	1.02735e-39	3.99826e-25	-7.71867e-41	-2.41306e-10	-5.74288e-41	9.10550e-10	2.91649e-40	-1.07175e-25	-2.18075e-41	-8.56470e-10	1.54718e-41	3.22146e-09	8.28815e-41	2.88718e-26	-5.94955e-42	-3.35700e-09	-4.45854e-42	1.18343e-08	2.43517e-41	-8.31273e-27	-1.89770e-42	-1.15303e-08	1.19470e-42	4.32525e-08	7.19349e-42	2.22746e-27	-5.40585e-43	-4.05922e-08	-3.20272e-43	1.53153e-07	2.04288e-42	-5.97128e-28	-1.52638e-43	-1.44242e-07	8.63840e-44	5.42104e-07	5.80936e-43	1.61047e-28	-4.12434e-44	-5.77119e-07	-2.52641e-44	2.00783e-06	1.72070e-43	-4.70591e-29	-1.35216e-44	-1.95926e-06	6.76977e-45	7.37328e-06	5.12986e-44	1.26100e-29	-3.85630e-45	-5.95835e-06	-1.81503e-45	2.48292e-05	1.45759e-44	-3.38082e-30	-1.08794e-45	4.25171e-05	4.90328e-46	-4.63854e-07	4.14877e-45	9.13311e-31	-2.89793e-46	-5.47983e-06	-1.46287e-46	-2.67042e-05	1.24279e-45	-2.72422e-31	-9.88035e-47	-2.22857e-06	3.91995e-47	-8.50367e-06	3.75279e-46	7.37266e-32	-2.82237e-47	-6.40989e-07	-1.05113e-47	-2.42403e-06	1.06709e-46	-2.24845e-32	-7.95300e-48	-1.80684e-07	2.84584e-48	-6.90928e-07	3.04115e-47	1.62115e-32	-2.07266e-48	-4.70896e-08	-8.72030e-49	-2.10309e-07	9.25678e-48	-4.23616e-32	-7.48041e-49	-1.69951e-08	2.33676e-49	-6.46549e-08	2.84579e-48	1.78455e-31	-2.14154e-49	-4.86546e-09	-6.26745e-50	-1.84028e-08	8.10002e-49	-6.71459e-31	-6.02385e-50	-1.36859e-09	1.70217e-50	-5.25460e-09	2.31282e-49	2.50738e-30	-1.51381e-50	-3.43930e-10	-5.41229e-51	-1.63817e-09	7.21042e-50	-9.35807e-30	-5.96880e-51	-1.35608e-10	1.45036e-51	-5.17097e-10	2.27601e-50	4.31900e-29	-1.71416e-51	-3.89448e-11	-3.89149e-52	-1.47402e-10	6.48792e-51	-1.63402e-28	-4.80637e-52	-1.09198e-11	1.06236e-52	-4.22265e-11	1.85861e-51	6.10417e-28	-1.11869e-52	-2.54159e-12	-3.57946e-53	-1.37395e-11	6.04745e-52	-2.27827e-27	-5.21953e-53	-1.18585e-12	9.59159e-54	-4.53887e-12	1.99779e-52	1.16068e-26	-1.50788e-53	-3.42583e-13	-2.57171e-54	-1.29616e-12	5.70508e-53	-4.41489e-26	-4.24361e-54	-9.64126e-14	6.95256e-55	-3.70153e-13	1.62923e-53	1.64989e-25	-1.07779e-54	-2.44869e-14	-2.09312e-55	-1.15039e-13	5.06344e-54	-6.15806e-25	-3.90682e-55	-8.87608e-15	5.60659e-56	-3.53640e-14	1.55655e-54	2.62900e-24	-1.13354e-55	-2.57533e-15	-1.49512e-56	-9.93141e-15	4.37132e-55	-9.90020e-24	-3.67695e-56	-8.35383e-16	3.73885e-57	-2.37310e-15	1.04452e-55	3.69718e-23	-3.57116e-59	-8.11349e-19	-4.21352e-60	-1.48644e-21	6.47872e-62	-1.37987e-22
1.58770e-19	-1.54987e-35	-3.09438e-18	3.78334e-37	3.91712e-21	-1.37236e-37	-2.28753e-20	2.23255e-36	1.48336e-15	9.29339e-36	9.52210e-20	3.67731e-38	-7.47475e-21	7.29525e-37	-5.93035e-15	2.76812e-36	2.83623e-20	-9.85611e-39	-2.12753e-21	2.07645e-37	2.22380e-14	7.87946e-37	8.07332e-21	2.65138e-39	-5.87038e-22	5.72941e-38	-8.30218e-14	2.29305e-37	2.34947e-21	-7.49398e-40	-1.81252e-22	1.76900e-38	3.28320e-13	6.69878e-38	6.86359e-22	2.00805e-40	-5.15588e-23	5.03207e-39	-1.23026e-12	1.90117e-38	1.94794e-22	-5.38232e-41	-1.45731e-23	1.42232e-39	4.59272e-12	5.40025e-39	5.53311e-23	1.44875e-41	-4.00185e-24	3.90575e-40	-1.71406e-11	1.57767e-39	1.61648e-23	-4.12680e-42	-1.25229e-24	1.22222e-40	6.83918e-11	4.63023e-40	4.74415e-24	1.10580e-42	-3.56436e-25	3.47877e-41	-2.56427e-10	1.31445e-40	1.34679e-24	-2.96413e-43	-1.00703e-25	9.82853e-42	9.57315e-10	3.73543e-41	3.82734e-25	7.98510e-44	-2.74741e-26	2.68143e-42	-3.57283e-09	1.09752e-41	1.12452e-25	-2.29906e-44	-8.76326e-27	8.55283e-43	1.44364e-08	3.24207e-42	3.32184e-26	6.16051e-45	-2.49634e-27	2.43639e-43	-5.41726e-08	9.20717e-43	9.43370e-27	-1.65148e-45	-7.04859e-28	6.87933e-44	2.02254e-07	2.61825e-43	2.68267e-27	4.45408e-46	-1.90455e-28	1.85882e-44	-7.54844e-07	7.75510e-44	7.94590e-28	-1.30152e-46	-6.24404e-29	6.09411e-45	3.10528e-06	2.31200e-44	2.36889e-28	3.48755e-47	-1.78078e-29	1.73802e-45	-1.16663e-05	6.56931e-45	6.73094e-29	-9.35033e-48	-5.02392e-30	4.90328e-46	4.35598e-05	1.86983e-45	1.91584e-29	2.52581e-48	-1.33822e-30	1.30609e-46	-1.29958e-05	5.60122e-46	5.73903e-30	-7.52930e-49	-4.56259e-31	4.45303e-47	3.48241e-06	1.69136e-46	1.73298e-30	2.01758e-49	-1.30332e-31	1.27203e-47	-9.33807e-07	4.80930e-47	4.92763e-31	-5.41010e-50	-3.67257e-32	3.58438e-48	2.52819e-07	1.37063e-47	1.40435e-31	1.46464e-50	-9.57119e-33	9.34136e-49	-7.74695e-08	4.17199e-48	4.27463e-32	-4.48450e-51	-3.45433e-33	3.37139e-49	2.07593e-08	1.28259e-48	1.31414e-32	1.20170e-51	-9.88929e-34	9.65182e-50	-5.56788e-09	3.65064e-49	3.74046e-33	-3.22308e-52	-2.78172e-34	2.71492e-50	1.51217e-09	1.04238e-49	1.06802e-33	8.75303e-53	-6.99055e-35	6.82269e-51	-4.80817e-10	3.24970e-50	3.32966e-34	-2.78130e-53	-2.75630e-35	2.69011e-51	1.28847e-10	1.02579e-50	1.05102e-34	7.45320e-54	-7.91570e-36	7.72563e-52	-3.45712e-11	2.92408e-51	2.99602e-35	-1.99977e-54	-2.21948e-36	2.16621e-52	9.43778e-12	8.37665e-52	8.58283e-36	5.45904e-55	-5.16483e-37	5.04186e-53	-3.17993e-12	2.72556e-52	2.79295e-36	-1.83840e-55	-2.40669e-37	2.35242e-53	8.52098e-13	9.00393e-53	9.23874e-37	4.92622e-56	-6.83730e-38	6.79596e-54	-2.28466e-13	2.57125e-53	2.68193e-37	-1.32082e-56	-1.51079e-38	1.91258e-54	6.17652e-14	7.34287e-54	9.20557e-38	3.57077e-57	1.42394e-38	4.85756e-55	-1.85949e-14	2.28207e-54	8.74386e-38	-1.07484e-57	6.17025e-38	1.76078e-55	4.98078e-15	7.01529e-55	2.54778e-37	2.87903e-58	2.20401e-37	5.10879e-56	-1.32823e-15	1.97013e-55	8.80501e-37	-7.67742e-59	6.74229e-37	1.65718e-56	3.32152e-16	4.70761e-56	2.95048e-36	1.91935e-59	-4.77227e-36	1.60951e-59	-3.74321e-19	2.93532e-62	-9.07247e-42	3.62289e-65
1.31209e-34	-5.90432e-17	-1.01201e-34	1.26640e-18	3.10175e-36	-1.89225e-19	-1.88891e-35	-1.10347e-14	2.71174e-35	2.99086e-14	7.86319e-35	5.07037e-20	-6.17266e-36	-3.40641e-14	-7.26818e-36	1.25092e-13	2.34217e-35	-1.35899e-20	-1.75693e-36	-1.19238e-13	1.95533e-36	4.47929e-13	6.66698e-36	3.65579e-21	-4.84778e-37	-4.54796e-13	-5.53152e-37	1.63032e-12	1.94020e-36	-1.03329e-21	-1.49679e-37	-1.57170e-12	1.48220e-37	5.90584e-12	5.66798e-37	2.76876e-22	-4.25775e-38	-5.53683e-12	-3.97286e-38	2.08946e-11	1.60862e-37	-7.42128e-23	-1.20345e-38	-1.96353e-11	1.06944e-38	7.38980e-11	4.56927e-38	1.99757e-23	-3.30474e-39	-7.58009e-11	-3.04901e-39	2.69852e-10	1.33490e-38	-5.69014e-24	-1.03415e-39	-2.61282e-10	8.17002e-40	9.81113e-10	3.91773e-39	1.52471e-24	-2.94346e-40	-9.20203e-10	-2.19001e-40	3.47232e-09	1.11218e-39	-4.08703e-25	-8.31613e-41	-3.26609e-09	5.90008e-41	1.22848e-08	3.16063e-40	1.10101e-25	-2.26882e-41	-1.28017e-08	-1.70023e-41	4.51292e-08	9.28636e-41	-3.17000e-26	-7.23673e-42	-4.39699e-08	4.55592e-42	1.64941e-07	2.74319e-41	8.49428e-27	-2.06148e-42	-1.54796e-07	-1.22133e-42	5.84037e-07	7.79039e-42	-2.27710e-27	-5.82075e-43	-5.50065e-07	3.29419e-43	2.06729e-06	2.21536e-42	6.14140e-28	-1.57279e-43	-2.20126e-06	-9.63428e-44	7.65735e-06	6.56176e-43	-1.79457e-28	-5.15636e-44	-7.50639e-06	2.58161e-44	2.81657e-05	1.95624e-43	4.80873e-29	-1.47057e-44	-2.51066e-05	-6.92147e-45	9.79915e-05	5.55843e-44	-1.28924e-29	-4.14877e-45	-4.63854e-07	1.86983e-45	2.23755e-04	1.58211e-44	3.48248e-30	-1.10511e-45	2.31849e-05	-5.57854e-46	1.03873e-04	4.73931e-45	-1.03747e-30	-3.76780e-46	8.40442e-06	1.49485e-46	3.19761e-05	1.43110e-45	2.75272e-31	-1.07629e-46	2.40685e-06	-4.00843e-47	9.10064e-06	4.06926e-46	-6.36223e-32	-3.03282e-47	6.78301e-07	1.08524e-47	2.59377e-06	1.15972e-46	-2.07834e-32	-7.90393e-48	1.76775e-07	-3.32543e-48	7.89504e-07	3.53001e-47	1.46756e-31	-2.85260e-48	6.37999e-08	8.91108e-49	2.42716e-07	1.08522e-47	-6.66636e-31	-8.16661e-49	1.82650e-08	-2.39005e-49	6.90845e-08	3.08889e-48	2.51979e-30	-2.29715e-49	5.13770e-09	6.49110e-50	1.97259e-08	8.81978e-49	-9.41252e-30	-5.77282e-50	1.29112e-09	-2.06394e-50	6.14972e-09	2.74964e-49	3.51303e-29	-2.27616e-50	5.09075e-10	5.53084e-51	1.94119e-09	8.67939e-50	-1.62136e-28	-6.53682e-51	1.46199e-10	-1.48399e-51	5.53350e-10	2.47412e-50	6.13413e-28	-1.83288e-51	4.09932e-11	4.05123e-52	1.58519e-10	7.08766e-51	-2.29152e-27	-4.26603e-52	9.54119e-12	-1.36500e-52	5.15783e-11	2.30615e-51	8.55266e-27	-1.99043e-52	4.45170e-12	3.65768e-53	1.70390e-11	7.61842e-52	-4.35721e-26	-5.75021e-53	1.28606e-12	-9.80704e-54	4.86582e-12	2.17559e-52	1.65736e-25	-1.61827e-53	3.61935e-13	2.65131e-54	1.38956e-12	6.21296e-53	-6.19371e-25	-4.11009e-54	9.19242e-14	-7.98198e-55	4.31857e-13	1.93091e-53	2.31175e-24	-1.48984e-54	3.33210e-14	2.13803e-55	1.32757e-13	5.93579e-54	-9.86931e-24	-4.32266e-55	9.66785e-15	-5.70153e-56	3.72827e-14	1.66697e-54	3.71655e-23	-1.40218e-55	3.13604e-15	1.42578e-56	8.90864e-15	3.98321e-55	-1.38793e-22	-1.36184e-58	3.04582e-18	-1.60680e-59	5.58010e-21	2.47061e-61	5.18005e-22
5.88892e-17	-1.31847e-34	-1.03691e-18	2.21704e-36	1.26643e-18	-3.76324e-35	1.10347e-14	1.88797e-35	2.77846e-19	7.86189e-35	2.99085e-14	1.00838e-35	3.40641e-14	6.17252e-36	-7.44700e-20	2.34215e-35	1.25092e-13	-2.70271e-36	1.19238e-13	1.75692e-36	2.00344e-20	6.66698e-36	4.47929e-13	7.27051e-37	4.54796e-13	4.84778e-37	-5.66761e-21	1.94020e-36	1.63032e-12	-2.05497e-37	1.57170e-12	1.49679e-37	1.51867e-21	5.66798e-37	5.90584e-12	5.50641e-38	5.53683e-12	4.25775e-38	-4.07061e-22	1.60862e-37	2.08946e-11	-1.47592e-38	1.96353e-11	1.20345e-38	1.09575e-22	4.56927e-38	7.38980e-11	3.97271e-39	7.58009e-11	3.30474e-39	-3.12403e-23	1.33490e-38	2.69852e-10	-1.13163e-39	2.61282e-10	1.03415e-39	8.37104e-24	3.91773e-39	9.81113e-10	3.03229e-40	9.20203e-10	2.94346e-40	-2.24389e-24	1.11218e-39	3.47232e-09	-8.12814e-41	3.26609e-09	8.31613e-41	6.04524e-25	3.16063e-40	1.22848e-08	2.18964e-41	1.28017e-08	2.26882e-41	-1.74207e-25	9.28636e-41	4.51292e-08	-6.30439e-42	4.39699e-08	7.23673e-42	4.66801e-26	2.74319e-41	1.64941e-07	1.68931e-42	1.54796e-07	2.06148e-42	-1.25138e-26	7.79039e-42	5.84037e-07	-4.52863e-43	5.50065e-07	5.82075e-43	3.37524e-27	2.21536e-42	2.06729e-06	1.22138e-43	2.20126e-06	1.57279e-43	-9.87132e-28	6.56176e-43	7.65735e-06	-3.56897e-44	7.50639e-06	5.15636e-44	2.64512e-28	1.95624e-43	2.81657e-05	9.56343e-45	2.51066e-05	1.47057e-44	-7.09177e-29	5.55843e-44	9.79915e-05	-2.56401e-45	4.63854e-07	4.14877e-45	1.91584e-29	1.58211e-44	2.23755e-04	6.92620e-46	-2.31849e-05	1.10511e-45	-5.71580e-30	4.73931e-45	1.03873e-04	-2.06466e-46	-8.40442e-06	3.76780e-46	1.53163e-30	1.43110e-45	3.19761e-05	5.53252e-47	-2.40685e-06	1.07629e-46	-4.10705e-31	4.06926e-46	9.10064e-06	-1.48354e-47	-6.78301e-07	3.03282e-47	1.11194e-31	1.15972e-46	2.59377e-06	4.01628e-48	-1.76775e-07	7.90393e-48	-3.40724e-32	3.53001e-47	7.89504e-07	-1.22972e-48	-6.37999e-08	2.85260e-48	9.13032e-33	1.08522e-47	2.42716e-07	3.29527e-49	-1.82650e-08	8.16661e-49	-2.44885e-33	3.08889e-48	6.90845e-08	-8.83822e-50	-5.13770e-09	2.29715e-49	6.65081e-34	8.81978e-49	1.97259e-08	2.40022e-50	-1.29112e-09	5.77282e-50	-2.11472e-34	2.74964e-49	6.14972e-09	-7.62678e-51	-5.09075e-10	2.27616e-50	5.66692e-35	8.67939e-50	1.94119e-09	2.04379e-51	-1.46199e-10	6.53682e-51	-1.52050e-35	2.47412e-50	5.53350e-10	-5.48371e-52	-4.09932e-11	1.83288e-51	4.15077e-36	7.08766e-51	1.58519e-10	1.49696e-52	-9.54119e-12	4.26603e-52	-1.39809e-36	2.30615e-51	5.15783e-11	-5.04120e-53	-4.45170e-12	1.99043e-52	3.72244e-37	7.61842e-52	1.70390e-11	1.35085e-53	-1.28606e-12	5.75021e-53	-9.08843e-38	2.17559e-52	4.86582e-12	-3.62191e-54	-3.61935e-13	1.61827e-53	-8.70713e-39	6.21296e-53	1.38956e-12	9.79163e-55	-9.19242e-14	4.11009e-54	1.25713e-37	1.93091e-53	4.31857e-13	-2.94738e-55	-3.33210e-14	1.48984e-54	-5.69538e-37	5.93579e-54	1.32757e-13	7.89478e-56	-9.66785e-15	4.32266e-55	2.15244e-36	1.66697e-54	3.72827e-14	-2.10528e-56	-3.13604e-15	1.40218e-55	-8.04021e-36	3.98321e-55	8.90864e-15	5.26338e-57	-3.04582e-18	1.36184e-58	3.00084e-35	2.12791e-61	5.52565e-21	-7.17517e-61
5.72117e-36	-2.93801e-20	-1.36705e-37	-6.91776e-24	1.67623e-37	-3.61457e-20	-8.27269e-37	4.15072e-21	3.66308e-38	1.72990e-20	3.44284e-36	6.01366e-17	-2.70234e-37	1.35867e-21	-9.81803e-39	5.15562e-21	1.02537e-36	-2.40510e-16	-7.69153e-38	3.86747e-22	2.64131e-39	1.46759e-21	2.91870e-37	9.01905e-16	-2.12228e-38	1.06713e-22	-7.47211e-40	4.27093e-22	8.49387e-38	-3.36711e-15	-6.55270e-39	3.29486e-23	2.00219e-40	1.24768e-22	2.48135e-38	1.33023e-14	-1.86397e-39	9.37250e-24	-5.36664e-41	3.54102e-23	7.04226e-39	-4.98422e-14	-5.26852e-40	2.64914e-24	1.44463e-41	1.00582e-23	2.00035e-39	1.86066e-13	-1.44676e-40	7.27467e-25	-4.11867e-42	2.93849e-24	5.84396e-40	-6.94424e-13	-4.52732e-41	2.27645e-25	1.10363e-42	8.62404e-25	1.71512e-40	2.76796e-12	-1.28860e-41	6.47939e-26	-2.95832e-43	2.44823e-25	4.86895e-41	-1.03774e-11	-3.64066e-42	1.83062e-26	7.96997e-44	6.95744e-26	1.38367e-41	3.87417e-11	-9.93251e-43	4.99431e-27	-2.29672e-44	2.04419e-26	4.06541e-42	-1.44589e-10	-3.16812e-43	1.59301e-27	6.15425e-45	6.03853e-27	1.20092e-42	5.83616e-10	-9.02483e-44	4.53791e-28	-1.64981e-45	1.71488e-27	3.41050e-43	-2.18987e-09	-2.54823e-44	1.28131e-28	4.44988e-46	4.87663e-28	9.69848e-44	8.17588e-09	-6.88540e-45	3.46215e-29	-1.30142e-46	1.44443e-28	2.87263e-44	-3.05136e-08	-2.25737e-45	1.13506e-29	3.48730e-47	4.30623e-29	8.56408e-45	1.25392e-07	-6.43793e-46	3.23716e-30	-9.34970e-48	1.22356e-29	2.43339e-45	-4.71054e-07	-1.81626e-46	9.13311e-31	2.52581e-48	3.48248e-30	6.92620e-46	1.75882e-06	-4.83798e-47	2.43469e-31	-7.53563e-49	1.04256e-30	2.07479e-46	-5.24294e-07	-1.64948e-47	8.36309e-32	2.01927e-49	3.12442e-31	6.26511e-47	1.40492e-07	-4.71182e-48	2.61214e-32	-5.41468e-50	8.04143e-32	1.78145e-47	-3.76726e-08	-1.32772e-48	1.53417e-32	1.46597e-50	-6.95188e-33	5.07707e-48	1.01988e-08	-3.46021e-49	3.87533e-32	-4.49207e-51	-1.15795e-31	1.54538e-48	-3.12274e-09	-1.24882e-49	1.25594e-31	1.20373e-51	-4.63503e-31	4.75093e-49	8.36793e-10	-3.57521e-50	4.39063e-31	-3.22853e-52	-1.65396e-30	1.35226e-49	-2.24436e-10	-1.00566e-50	1.57067e-30	8.76834e-53	-5.87383e-30	3.86115e-50	6.09508e-11	-2.52725e-51	7.05781e-30	-2.78802e-53	-2.28346e-29	1.20375e-50	-1.93673e-11	-9.96465e-52	2.36533e-29	7.47120e-54	-8.78213e-29	3.79970e-51	5.18995e-12	-2.86171e-52	8.29415e-29	-2.00461e-54	-3.12534e-28	1.08313e-51	-1.39252e-12	-8.02403e-53	2.98397e-28	5.47250e-55	-1.11193e-27	3.10286e-52	3.80134e-13	-1.86760e-53	1.44992e-27	-1.84388e-55	-4.47525e-27	1.00960e-52	-1.28015e-13	-8.71378e-54	4.82846e-27	4.94089e-56	-1.77981e-26	3.33522e-53	3.43032e-14	-2.51735e-54	1.68688e-26	-1.32476e-56	-6.35448e-26	9.52438e-54	-9.19741e-15	-7.08453e-55	6.01521e-26	3.58145e-57	-2.25419e-25	2.71993e-54	2.48647e-15	-1.79933e-55	2.57533e-25	-1.07823e-57	-8.58459e-25	8.45319e-55	-7.48453e-16	-6.52226e-56	8.51287e-25	2.88811e-58	-3.31838e-24	2.59859e-55	2.00478e-16	-1.89239e-56	2.97450e-24	-7.70176e-59	-1.17931e-23	7.29773e-56	-5.34610e-17	-6.13851e-57	9.97710e-24	1.92598e-59	-4.09018e-23	1.74378e-56	1.33657e-17	-5.96190e-60	6.70216e-26	-2.17050e-62	-9.32091e-23	1.08159e-62	-1.88086e-21
-4.11344e-18	9.20957e-36	7.24288e-20	-1.54861e-37	-8.84609e-20	2.62864e-36	-7.70779e-16	-1.31876e-36	-1.94076e-20	-5.49157e-36	-2.08912e-15	-7.04356e-37	-2.37939e-15	-4.31153e-37	5.20176e-21	-1.63600e-36	-8.73769e-15	1.88785e-37	-8.32883e-15	-1.22722e-37	-1.39941e-21	-4.65691e-37	-3.12880e-14	-5.07848e-38	-3.17677e-14	-3.38619e-38	3.95885e-22	-1.35524e-37	-1.13878e-13	1.43541e-38	-1.09784e-13	-1.04551e-38	-1.06080e-22	-3.95911e-38	-4.12525e-13	-3.84625e-39	-3.86750e-13	-2.97405e-39	2.84334e-23	-1.12363e-38	-1.45950e-12	1.03094e-39	-1.37153e-12	-8.40617e-40	-7.65388e-24	-3.19165e-39	-5.16180e-12	-2.77495e-40	-5.29473e-12	-2.30838e-40	2.18214e-24	-9.32431e-40	-1.88493e-11	7.90452e-41	-1.82507e-11	-7.22355e-41	-5.84720e-25	-2.73655e-40	-6.85312e-11	-2.11807e-41	-6.42765e-11	-2.05602e-41	1.56737e-25	-7.76863e-41	-2.42543e-10	5.67754e-42	-2.28138e-10	-5.80885e-42	-4.22263e-26	-2.20771e-41	-8.58099e-10	-1.52948e-42	-8.94204e-10	-1.58478e-42	1.21684e-26	-6.48656e-42	-3.15229e-09	4.40364e-43	-3.07132e-09	-5.05489e-43	-3.26063e-27	-1.91613e-42	-1.15212e-08	-1.17999e-43	-1.08125e-08	-1.43995e-43	8.74097e-28	-5.44162e-43	-4.07953e-08	3.16326e-44	-3.84225e-08	-4.06582e-44	-2.35762e-28	-1.54744e-43	-1.44401e-07	-8.53140e-45	-1.53775e-07	-1.09860e-44	6.89516e-29	-4.58342e-44	-5.34891e-07	2.49294e-45	-5.25493e-07	-3.60174e-45	-1.84763e-29	-1.36644e-44	-1.96900e-06	-6.68010e-46	-1.83360e-06	-1.02720e-45	4.95363e-30	-3.88259e-45	-6.95553e-06	1.79097e-46	-5.47983e-06	-2.89793e-46	-1.33822e-30	-1.10511e-45	-2.31849e-05	-4.83798e-47	4.81741e-05	-7.71922e-47	3.99251e-31	-3.31043e-46	1.18061e-05	1.44217e-47	-8.13450e-06	-2.63183e-47	-1.06985e-31	-9.99629e-47	3.35590e-05	-3.86449e-48	-2.62286e-06	-7.51793e-48	2.86879e-32	-2.84239e-47	9.95533e-06	1.03626e-48	-7.43408e-07	-2.11844e-48	-7.76697e-33	-8.10070e-48	2.84330e-06	-2.80539e-49	-1.93800e-07	-5.52093e-49	2.37997e-33	-2.46573e-48	8.65552e-07	8.58967e-50	-6.99457e-08	-1.99255e-49	-6.37757e-34	-7.58033e-49	2.66096e-07	-2.30176e-50	-2.00245e-08	-5.70441e-50	1.71053e-34	-2.15760e-49	7.57394e-08	6.17353e-51	-5.63261e-09	-1.60457e-50	-4.64562e-35	-6.16065e-50	2.16261e-08	-1.67657e-51	-1.41549e-09	-4.03234e-51	1.47714e-35	-1.92064e-50	6.74212e-09	5.32734e-52	-5.58114e-10	-1.58991e-51	-3.95838e-36	-6.06259e-51	2.12818e-09	-1.42759e-52	-1.60283e-10	-4.56600e-52	1.06212e-36	-1.72819e-51	6.06655e-10	3.83039e-53	-4.49421e-11	-1.28027e-52	-2.90088e-37	-4.95076e-52	1.73789e-10	-1.04563e-53	-1.04603e-11	-2.97984e-53	9.82345e-38	-1.61086e-52	5.65468e-11	3.52130e-54	-4.88053e-12	-1.39033e-53	-2.89442e-38	-5.32150e-53	1.86804e-11	-9.43573e-55	-1.40995e-12	-4.01655e-54	1.75425e-38	-1.51966e-53	5.33455e-12	2.52992e-55	-3.96800e-13	-1.13037e-54	-4.12257e-38	-4.33978e-54	1.52342e-12	-6.83949e-56	-1.00779e-13	-2.87091e-55	1.47360e-37	-1.34875e-54	4.73458e-13	2.05876e-56	-3.65308e-14	-1.04066e-55	-6.26956e-37	-4.14617e-55	1.45545e-13	-5.51454e-57	-1.05992e-14	-3.01940e-56	2.36046e-36	-1.16439e-55	4.08741e-14	1.47055e-57	-3.43814e-15	-9.79428e-57	-8.81490e-36	-2.78229e-56	9.76681e-15	-3.67649e-58	-3.33922e-18	-9.51250e-60	3.28991e-35	-1.48635e-62	6.05794e-21	5.01189e-62
9.16501e-36	-4.12419e-18	-7.06895e-36	8.84587e-20	2.16659e-37	-1.32174e-20	-1.31941e-36	-7.70778e-16	1.89416e-36	2.08913e-15	5.49247e-36	3.54167e-21	-4.31163e-37	-2.37939e-15	-5.07685e-37	8.73770e-15	1.63601e-36	-9.49258e-22	-1.22722e-37	-8.32883e-15	1.36581e-37	3.12880e-14	4.65691e-37	2.55359e-22	-3.38619e-38	-3.17677e-14	-3.86379e-38	1.13878e-13	1.35524e-37	-7.21757e-23	-1.04551e-38	-1.09784e-13	1.03532e-38	4.12525e-13	3.95911e-38	1.93399e-23	-2.97405e-39	-3.86750e-13	-2.77506e-39	1.45950e-12	1.12363e-38	-5.18380e-24	-8.40617e-40	-1.37153e-12	7.47009e-40	5.16180e-12	3.19165e-39	1.39531e-24	-2.30838e-40	-5.29473e-12	-2.12975e-40	1.88493e-11	9.32431e-40	-3.97458e-25	-7.22355e-41	-1.82507e-11	5.70680e-41	6.85312e-11	2.73655e-40	1.06502e-25	-2.05602e-41	-6.42765e-11	-1.52973e-41	2.42543e-10	7.76863e-41	-2.85481e-26	-5.80885e-42	-2.28138e-10	4.12123e-42	8.58099e-10	2.20771e-41	7.69058e-27	-1.58478e-42	-8.94204e-10	-1.18762e-42	3.15229e-09	6.48656e-42	-2.21426e-27	-5.05489e-43	-3.07132e-09	3.18233e-43	1.15212e-08	1.91613e-42	5.93329e-28	-1.43995e-43	-1.08125e-08	-8.53107e-44	4.07953e-08	5.44162e-43	-1.59057e-28	-4.06582e-44	-3.84225e-08	2.30101e-44	1.44401e-07	1.54744e-43	4.28980e-29	-1.09860e-44	-1.53775e-07	-6.72958e-45	5.34891e-07	4.58342e-44	-1.25351e-29	-3.60174e-45	-5.25493e-07	1.80326e-45	1.96900e-06	1.36644e-44	3.35893e-30	-1.02720e-45	-1.83360e-06	-4.83468e-46	6.95553e-06	3.88259e-45	-9.00600e-31	-2.89793e-46	-5.47983e-06	1.30609e-46	2.31849e-05	1.10511e-45	2.43469e-31	-7.71922e-47	4.81741e-05	-3.89664e-47	-1.18061e-05	3.31043e-46	-7.32745e-32	-2.63183e-47	-8.13450e-06	1.04416e-47	-3.35590e-05	9.99629e-47	2.26290e-32	-7.51793e-48	-2.62286e-06	-2.79990e-48	-9.95533e-06	2.84239e-47	-1.72413e-32	-2.11844e-48	-7.43408e-07	7.58046e-49	-2.84330e-06	8.10070e-48	4.63363e-32	-5.52093e-49	-1.93800e-07	-2.32282e-49	-8.65552e-07	2.46573e-48	-1.68104e-31	-1.99255e-49	-6.99457e-08	6.22443e-50	-2.66096e-07	7.58033e-49	7.32785e-31	-5.70441e-50	-2.00245e-08	-1.66946e-50	-7.57394e-08	2.15760e-49	-2.76304e-30	-1.60457e-50	-5.63261e-09	4.53406e-51	-2.16261e-08	6.16065e-50	1.03194e-29	-4.03234e-51	-1.41549e-09	-1.44167e-51	-6.74212e-09	1.92064e-50	-3.85144e-29	-1.58991e-51	-5.58114e-10	3.86332e-52	-2.12818e-09	6.06259e-51	1.77754e-28	-4.56600e-52	-1.60283e-10	-1.03657e-52	-6.06655e-10	1.72819e-51	-6.72503e-28	-1.28027e-52	-4.49421e-11	2.82980e-53	-1.73789e-10	4.95076e-52	2.51226e-27	-2.97984e-53	-1.04603e-11	-9.53461e-54	-5.65468e-11	1.61086e-52	-9.37653e-27	-1.39033e-53	-4.88053e-12	2.55491e-54	-1.86804e-11	5.32150e-53	4.77694e-26	-4.01655e-54	-1.40995e-12	-6.85026e-55	-5.33455e-12	1.51966e-53	-1.81701e-25	-1.13037e-54	-3.96800e-13	1.85195e-55	-1.52342e-12	4.33978e-54	6.79035e-25	-2.87091e-55	-1.00779e-13	-5.57545e-56	-4.73458e-13	1.34875e-54	-2.53444e-24	-1.04066e-55	-3.65308e-14	1.49342e-56	-1.45545e-13	4.14617e-55	1.08200e-23	-3.01940e-56	-1.05992e-14	-3.98254e-57	-4.08741e-14	1.16439e-55	-4.07457e-23	-9.79428e-57	-3.43814e-15	9.95916e-58	-9.76681e-15	2.78229e-56	1.52163e-22	-9.51250e-60	-3.33922e-18	-1.12235e-60	-6.11764e-21	1.72573e-62	-5.67905e-22
-4.73683e-20	4.62394e-36	9.23192e-19	-1.12874e-37	-1.16865e-21	4.09437e-38	6.82471e-21	-6.66070e-37	-4.42553e-16	-2.77263e-36	-2.84087e-20	-1.09710e-38	2.23005e-21	-2.17650e-37	1.76929e-15	-8.25855e-37	-8.46174e-21	2.94052e-39	6.34738e-22	-6.19496e-38	-6.63460e-15	-2.35079e-37	-2.40863e-21	-7.91024e-40	1.75139e-22	-1.70934e-38	2.47691e-14	-6.84119e-38	-7.00951e-22	2.23579e-40	5.40757e-23	-5.27772e-39	-9.79526e-14	-1.99854e-38	-2.04771e-22	-5.99091e-41	1.53823e-23	-1.50129e-39	3.67041e-13	-5.67202e-39	-5.81158e-23	1.60579e-41	4.34781e-24	-4.24341e-40	-1.37021e-12	-1.61113e-39	-1.65077e-23	-4.32226e-42	1.19393e-24	-1.16526e-40	5.11381e-12	-4.70688e-40	-4.82269e-24	1.23121e-42	3.73614e-25	-3.64643e-41	-2.04043e-11	-1.38140e-40	-1.41539e-24	-3.29910e-43	1.06341e-25	-1.03787e-41	7.65035e-11	-3.92158e-41	-4.01806e-25	8.84333e-44	3.00443e-26	-2.93229e-42	-2.85610e-10	-1.11445e-41	-1.14187e-25	-2.38231e-44	8.19674e-27	-7.99991e-43	1.06594e-09	-3.27439e-42	-3.35495e-26	6.85911e-45	2.61447e-27	-2.55169e-43	-4.30701e-09	-9.67255e-43	-9.91053e-27	-1.83796e-45	7.44768e-28	-7.26884e-44	1.61621e-08	-2.74691e-43	-2.81449e-27	4.92710e-46	2.10291e-28	-2.05241e-44	-6.03415e-08	-7.81141e-44	-8.00360e-28	-1.32885e-46	5.68213e-29	-5.54569e-45	2.25204e-07	-2.31369e-44	-2.37062e-28	3.88300e-47	1.86288e-29	-1.81814e-45	-9.26443e-07	-6.89774e-45	-7.06745e-29	-1.04049e-47	5.31286e-30	-5.18528e-46	3.48057e-06	-1.95992e-45	-2.00814e-29	2.78962e-48	1.49886e-30	-1.46287e-46	-1.29958e-05	-5.57854e-46	-5.71580e-30	-7.53563e-49	3.99251e-31	-3.89664e-47	4.85027e-05	-1.67109e-46	-1.71221e-30	2.24632e-49	1.36122e-31	-1.32854e-47	-1.29970e-05	-5.04609e-47	-5.17024e-31	-6.01933e-50	3.88840e-32	-3.79503e-48	3.48513e-06	-1.43483e-47	-1.47013e-31	1.61407e-50	1.09569e-32	-1.06938e-48	-9.43566e-07	-4.08921e-48	-4.18981e-32	-4.36967e-51	2.85551e-33	-2.78694e-49	2.89130e-07	-1.24469e-48	-1.27531e-32	1.33793e-51	1.03058e-33	-1.00583e-49	-7.74775e-08	-3.82653e-49	-3.92067e-33	-3.58522e-52	2.95042e-34	-2.87957e-50	2.07803e-08	-1.08915e-49	-1.11595e-33	9.61589e-53	8.29911e-35	-8.09982e-51	-5.64370e-09	-3.10988e-50	-3.18639e-34	-2.61142e-53	2.08559e-35	-2.03551e-51	1.79449e-09	-9.69532e-51	-9.93386e-35	8.29786e-54	8.22325e-36	-8.02580e-52	-4.80880e-10	-3.06038e-51	-3.13567e-35	-2.22362e-54	2.36159e-36	-2.30490e-52	1.29026e-10	-8.72382e-52	-8.93855e-36	5.96622e-55	6.62094e-37	-6.46277e-53	-3.52235e-11	-2.49913e-52	-2.56092e-36	-1.62867e-55	1.53718e-37	-1.50421e-53	1.18680e-11	-8.13156e-53	-8.34409e-37	5.48478e-56	7.05652e-38	-7.01831e-54	-3.18018e-12	-2.68627e-53	-2.80193e-37	-1.46971e-56	1.60765e-38	-2.02754e-54	8.52675e-13	-7.67119e-54	-9.62958e-38	3.94060e-57	-1.09052e-38	-5.70607e-55	-2.30519e-13	-2.19070e-54	-8.52228e-38	-1.06532e-57	-7.02344e-38	-1.44923e-55	6.93995e-14	-6.80842e-55	-2.46046e-37	3.20672e-58	-2.36480e-37	-5.25320e-56	-1.85892e-14	-2.09297e-55	-9.26194e-37	-8.58944e-59	-8.24374e-37	-1.52418e-56	4.95720e-15	-5.87779e-56	-3.27926e-36	2.29052e-59	-2.51693e-36	-4.94412e-57	-1.23965e-15	-1.40449e-56	-1.10101e-35	-5.72629e-60	1.78110e-35	-4.80187e-60	1.39703e-18	-8.75736e-63	3.38611e-41	-1.08087e-65
3.93046e-35	-1.76868e-17	-3.03156e-35	3.79360e-19	9.29152e-37	-5.66837e-20	-5.65835e-36	-3.30552e-15	8.12320e-36	8.95933e-15	2.35547e-35	1.51887e-20	-1.84906e-36	-1.02041e-14	-2.17723e-36	3.74721e-14	7.01613e-36	-4.07094e-21	-5.26299e-37	-3.57186e-14	5.85734e-37	1.34180e-13	1.99714e-36	1.09512e-21	-1.45219e-37	-1.36238e-13	-1.65701e-37	4.88374e-13	5.81201e-37	-3.09529e-22	-4.48374e-38	-4.70813e-13	4.44004e-38	1.76914e-12	1.69788e-37	8.29401e-23	-1.27544e-38	-1.65860e-12	-1.19010e-38	6.25913e-12	4.81873e-38	-2.22310e-23	-3.60503e-39	-5.88189e-12	3.20359e-39	2.21367e-11	1.36876e-38	5.98388e-24	-9.89959e-40	-2.27067e-11	-9.13352e-40	8.08361e-11	3.99878e-39	-1.70452e-24	-3.09786e-40	-7.82689e-11	2.44739e-40	2.93899e-10	1.17359e-39	4.56738e-25	-8.81735e-41	-2.75653e-10	-6.56032e-41	1.04016e-09	3.33162e-40	-1.22430e-25	-2.49116e-41	-9.78380e-10	1.76741e-41	3.68000e-09	9.46789e-41	3.29814e-26	-6.79641e-42	-3.83484e-09	-5.09317e-42	1.35188e-08	2.78179e-41	-9.49596e-27	-2.16781e-42	-1.31715e-08	1.36476e-42	4.94091e-08	8.21742e-42	2.54452e-27	-6.17532e-43	-4.63701e-08	-3.65859e-43	1.74953e-07	2.33367e-42	-6.82123e-28	-1.74365e-43	-1.64777e-07	9.86799e-44	6.19272e-07	6.63627e-43	1.83970e-28	-4.71140e-44	-6.59480e-07	-2.88602e-44	2.29392e-06	1.96562e-43	-5.37575e-29	-1.54462e-44	-2.25429e-06	7.73339e-45	8.44509e-06	5.86004e-44	1.44048e-29	-4.40521e-45	-7.91048e-06	-2.07338e-45	2.98943e-05	1.66507e-44	-3.86185e-30	-1.24279e-45	-2.67042e-05	5.60122e-46	1.03873e-04	4.73931e-45	1.04256e-30	-3.31043e-46	-1.18061e-05	-1.67109e-46	2.52295e-04	1.41969e-45	-3.08396e-31	-1.12867e-46	3.00384e-05	4.47792e-47	1.17786e-04	4.28696e-46	7.24076e-32	-3.22410e-47	8.99561e-06	-1.20075e-47	3.40645e-05	1.21897e-46	1.87652e-32	-9.08503e-48	2.54082e-06	3.25092e-48	9.71667e-06	3.47403e-47	-1.47468e-31	-2.36768e-48	6.62253e-07	-9.96155e-49	2.95774e-06	1.05744e-47	5.71108e-31	-8.54517e-49	2.39015e-07	2.66938e-49	9.09293e-07	3.25086e-48	-2.50315e-30	-2.44637e-49	6.84268e-08	-7.15956e-50	2.58813e-07	9.25298e-49	9.44148e-30	-6.88129e-50	1.92475e-08	1.94446e-50	7.38996e-08	2.64203e-49	-3.52628e-29	-1.72929e-50	4.83696e-09	-6.18267e-51	2.30389e-08	8.23676e-50	1.31610e-28	-6.81840e-51	1.90716e-09	1.65680e-51	7.27234e-09	2.59997e-50	-6.07414e-28	-1.95815e-51	5.47711e-10	-4.44540e-52	2.07303e-09	7.41141e-51	2.29805e-27	-5.49051e-52	1.53574e-10	1.21357e-52	5.93865e-10	2.12316e-51	-8.58478e-27	-1.27792e-52	3.57444e-11	-4.08897e-53	1.93229e-10	6.90825e-52	3.20411e-26	-5.96248e-53	1.66775e-11	1.09569e-53	6.38336e-11	2.28215e-52	-1.63235e-25	-1.72252e-53	4.81802e-12	-2.93777e-54	1.82290e-11	6.51714e-53	6.20900e-25	-4.84765e-54	1.35593e-12	7.94219e-55	5.20575e-12	1.86114e-53	-2.32037e-24	-1.23121e-54	3.44378e-13	-2.39106e-55	1.61788e-12	5.78417e-54	8.66056e-24	-4.46291e-55	1.24831e-13	6.40463e-56	4.97351e-13	1.77811e-54	-3.69737e-23	-1.29488e-55	3.62189e-14	-1.70793e-56	1.39673e-13	4.99353e-55	1.39234e-22	-4.20033e-56	1.17487e-14	4.27104e-57	3.33747e-14	1.19320e-55	-5.19963e-22	-4.07948e-59	1.14106e-17	-4.81328e-60	2.09049e-20	7.40090e-62	1.94062e-21
1.76407e-17	-3.94957e-35	-3.10614e-19	6.64129e-37	3.79369e-19	-1.12731e-35	3.30553e-15	5.65555e-36	8.32306e-20	2.35509e-35	8.95931e-15	3.02067e-36	1.02041e-14	1.84902e-36	-2.23080e-20	7.01607e-36	3.74721e-14	-8.09615e-37	3.57186e-14	5.26299e-37	6.00145e-21	1.99714e-36	1.34180e-13	2.17793e-37	1.36238e-13	1.45219e-37	-1.69777e-21	5.81201e-37	4.88374e-13	-6.15581e-38	4.70813e-13	4.48374e-38	4.54928e-22	1.69788e-37	1.76914e-12	1.64948e-38	1.65860e-12	1.27544e-38	-1.21938e-22	4.81873e-38	6.25913e-12	-4.42122e-39	5.88189e-12	3.60503e-39	3.28241e-23	1.36876e-38	2.21367e-11	1.19005e-39	2.27067e-11	9.89959e-40	-9.35824e-24	3.99878e-39	8.08361e-11	-3.38989e-40	7.82689e-11	3.09786e-40	2.50760e-24	1.17359e-39	2.93899e-10	9.08344e-41	2.75653e-10	8.81735e-41	-6.72173e-25	3.33162e-40	1.04016e-09	-2.43484e-41	9.78380e-10	2.49116e-41	1.81090e-25	9.46789e-41	3.68000e-09	6.55924e-42	3.83484e-09	6.79641e-42	-5.21848e-26	2.78179e-41	1.35188e-08	-1.88852e-42	1.31715e-08	2.16781e-42	1.39834e-26	8.21742e-42	4.94091e-08	5.06046e-43	4.63701e-08	6.17532e-43	-3.74861e-27	2.33367e-42	1.74953e-07	-1.35658e-43	1.64777e-07	1.74365e-43	1.01108e-27	6.63627e-43	6.19272e-07	3.65873e-44	6.59480e-07	4.71140e-44	-2.95702e-28	1.96562e-43	2.29392e-06	-1.06911e-44	2.25429e-06	1.54462e-44	7.92366e-29	5.86004e-44	8.44509e-06	2.86479e-45	7.91048e-06	4.40521e-45	-2.12439e-29	1.66507e-44	2.98943e-05	-7.68068e-46	2.67042e-05	1.24279e-45	5.73903e-30	4.73931e-45	1.03873e-04	2.07479e-46	1.18061e-05	3.31043e-46	-1.71221e-30	1.41969e-45	2.52295e-04	-6.18482e-47	-3.00384e-05	1.12867e-46	4.58809e-31	4.28696e-46	1.17786e-04	1.65731e-47	-8.99561e-06	3.22410e-47	-1.23030e-31	1.21897e-46	3.40645e-05	-4.44404e-48	-2.54082e-06	9.08503e-48	3.33091e-32	3.47403e-47	9.71667e-06	1.20310e-48	-6.62253e-07	2.36768e-48	-1.02066e-32	1.05744e-47	2.95774e-06	-3.68373e-49	-2.39015e-07	8.54517e-49	2.73505e-33	3.25086e-48	9.09293e-07	9.87120e-50	-6.84268e-08	2.44637e-49	-7.33571e-34	9.25298e-49	2.58813e-07	-2.64755e-50	-1.92475e-08	6.88129e-50	1.99230e-34	2.64203e-49	7.38996e-08	7.19004e-51	-4.83696e-09	1.72929e-50	-6.33479e-35	8.23676e-50	2.30389e-08	-2.28466e-51	-1.90716e-09	6.81840e-51	1.69756e-35	2.59997e-50	7.27234e-09	6.12231e-52	-5.47711e-10	1.95815e-51	-4.55464e-36	7.41141e-51	2.07303e-09	-1.64268e-52	-1.53574e-10	5.49051e-52	1.24294e-36	2.12316e-51	5.93865e-10	4.48424e-53	-3.57444e-11	1.27792e-52	-4.17103e-37	6.90825e-52	1.93229e-10	-1.51013e-53	-1.66775e-11	5.96248e-53	1.02811e-37	2.28215e-52	6.38336e-11	4.04656e-54	-4.81802e-12	1.72252e-53	5.86052e-39	6.51714e-53	1.82290e-11	-1.08497e-54	-1.35593e-12	4.84765e-54	-1.26253e-37	1.86114e-53	5.20575e-12	2.93315e-55	-3.44378e-13	1.23121e-54	4.99150e-37	5.78417e-54	1.61788e-12	-8.82910e-56	-1.24831e-13	4.46291e-55	-2.14123e-36	1.77811e-54	4.97351e-13	2.36494e-56	-3.62189e-14	1.29488e-55	8.06575e-36	4.99353e-55	1.39673e-13	-6.30651e-57	-1.17487e-14	4.20033e-56	-3.01218e-35	1.19320e-55	3.33747e-14	1.57668e-57	-1.14106e-17	4.07948e-59	1.12421e-34	6.37429e-62	2.07009e-20	-2.14937e-61
-1.70544e-36	8.75804e-21	4.07510e-38	2.06214e-24	-4.99674e-38	1.07748e-20	2.46604e-37	-1.23730e-21	-1.09194e-38	-5.15672e-21	-1.02629e-36	-1.79264e-17	8.05549e-38	-4.05011e-22	2.92669e-39	-1.53686e-21	-3.05656e-37	7.16947e-17	2.29280e-38	-1.15287e-22	-7.87358e-40	-4.37479e-22	-8.70045e-38	-2.68852e-16	6.32638e-39	-3.18106e-23	2.22739e-40	-1.27314e-22	-2.53197e-38	1.00371e-15	1.95332e-39	-9.82177e-24	-5.96841e-41	-3.71926e-23	-7.39674e-39	-3.96534e-15	5.55638e-40	-2.79388e-24	1.59976e-41	-1.05556e-23	-2.09925e-39	1.48576e-14	1.57051e-40	-7.89692e-25	-4.30634e-42	-2.99830e-24	-5.96291e-40	-5.54653e-14	4.31270e-41	-2.16853e-25	1.22775e-42	-8.75944e-25	-1.74205e-40	2.07003e-13	1.34957e-41	-6.78595e-26	-3.28984e-43	-2.57077e-25	-5.11266e-41	-8.25111e-13	3.84123e-42	-1.93147e-26	8.81855e-44	-7.29801e-26	-1.45140e-41	3.09344e-12	1.08526e-42	-5.45695e-27	-2.37580e-44	-2.07397e-26	-4.12464e-42	-1.15486e-11	2.96082e-43	-1.48877e-27	6.84637e-45	-6.09360e-27	-1.21187e-42	4.31011e-11	9.44397e-44	-4.74866e-28	-1.83454e-45	-1.80005e-27	-3.57988e-43	-1.73972e-10	2.69025e-44	-1.35272e-28	4.91798e-46	-5.11196e-28	-1.01665e-43	6.52788e-10	7.59611e-45	-3.81951e-29	-1.32648e-46	-1.45369e-28	-2.89106e-44	-2.43718e-09	2.05249e-45	-1.03205e-29	3.87946e-47	-4.30575e-29	-8.56313e-45	9.09593e-09	6.72907e-46	-3.38356e-30	-1.03954e-47	-1.28365e-29	-2.55290e-45	-3.73785e-08	1.91911e-46	-9.65026e-31	2.78709e-48	-3.64719e-30	-7.25379e-46	1.40418e-07	5.41417e-47	-2.72422e-31	-7.52930e-49	-1.03747e-30	-2.06466e-46	-5.24294e-07	1.44217e-47	-7.32745e-32	2.24632e-49	-3.08396e-31	-6.18482e-47	1.95676e-06	4.91700e-48	-2.73026e-32	-6.01933e-50	-8.42666e-32	-1.86759e-47	-5.24340e-07	1.40456e-48	-1.61288e-32	1.61408e-50	7.49053e-33	-5.31040e-48	1.40601e-07	3.95785e-49	-3.43317e-32	-4.36997e-51	1.13613e-31	-1.51344e-48	-3.80639e-08	1.03147e-49	-1.38659e-31	1.33906e-51	4.58852e-31	-4.60668e-49	1.16546e-08	3.72266e-50	-4.66583e-31	-3.58824e-52	1.73808e-30	-1.41622e-49	-3.12306e-09	1.06575e-50	-1.63804e-30	9.62406e-53	6.17520e-30	-4.03101e-50	8.37634e-10	2.99780e-51	-5.86185e-30	-2.61379e-53	2.19228e-29	-1.15099e-50	-2.27479e-10	7.53356e-52	-2.63410e-29	8.31091e-54	8.52229e-29	-3.58830e-51	7.22821e-11	2.97040e-52	-8.82782e-29	-2.22712e-54	3.27765e-28	-1.13267e-51	-1.93698e-11	8.53059e-53	-3.09552e-28	5.97562e-55	1.16643e-27	-3.22874e-52	5.19714e-12	2.39191e-53	-1.11367e-27	-1.63132e-55	4.14991e-27	-9.24944e-53	-1.41873e-12	5.56719e-54	-5.41136e-27	5.49649e-56	1.67024e-26	-3.00954e-53	4.77776e-13	2.59752e-54	-1.80206e-26	-1.47285e-56	6.64256e-26	-9.94208e-54	-1.28025e-13	7.50406e-55	-6.29572e-26	3.94902e-57	2.37160e-25	-2.83916e-54	3.43264e-14	2.11185e-55	-2.24498e-25	-1.06761e-57	8.41305e-25	-8.10794e-55	-9.27993e-15	5.36368e-56	-9.61158e-25	3.21412e-58	3.20392e-24	-2.51984e-55	2.79336e-15	1.94424e-56	-3.17715e-24	-8.60927e-59	1.23848e-23	-7.74623e-56	-7.48221e-16	5.64109e-57	-1.11014e-23	2.29585e-59	4.40138e-23	-2.17541e-56	1.99526e-16	1.82985e-57	-3.72363e-23	-5.74124e-60	1.52653e-22	-5.19810e-57	-4.98833e-17	1.77721e-60	-2.50137e-25	6.47013e-63	3.47873e-22	-3.22416e-63	7.01971e-21
-1.40245e-18	3.13995e-36	2.46942e-20	-5.27990e-38	-3.01603e-20	8.96220e-37	-2.62793e-16	-4.49623e-37	-6.61693e-21	-1.87232e-36	-7.12275e-16	-2.40146e-37	-8.11240e-16	-1.46999e-37	1.77351e-21	-5.57785e-37	-2.97907e-15	6.43653e-38	-2.83967e-15	-4.18413e-38	-4.77122e-22	-1.58775e-37	-1.06675e-14	-1.73148e-38	-1.08310e-14	-1.15450e-38	1.34975e-22	-4.62061e-38	-3.88262e-14	4.89394e-39	-3.74301e-14	-3.56462e-39	-3.61673e-23	-1.34984e-38	-1.40648e-13	-1.31136e-39	-1.31860e-13	-1.01399e-39	9.69420e-24	-3.83094e-39	-4.97608e-13	3.51492e-40	-4.67617e-13	-2.86604e-40	-2.60955e-24	-1.08818e-39	-1.75989e-12	-9.46105e-41	-1.80521e-12	-7.87028e-41	7.43990e-25	-3.17907e-40	-6.42656e-12	2.69500e-41	-6.22246e-12	-2.46283e-41	-1.99357e-25	-9.33013e-41	-2.33653e-11	-7.22144e-42	-2.19147e-11	-7.00989e-42	5.34385e-26	-2.64867e-41	-8.26937e-11	1.93573e-42	-7.77823e-11	-1.98050e-42	-1.43968e-26	-7.52708e-42	-2.92564e-10	-5.21466e-43	-3.04874e-10	-5.40322e-43	4.14875e-27	-2.21156e-42	-1.07476e-09	1.50140e-43	-1.04715e-09	-1.72344e-43	-1.11169e-27	-6.53294e-43	-3.92808e-09	-4.02312e-44	-3.68648e-09	-4.90945e-44	2.98019e-28	-1.85529e-43	-1.39089e-08	1.07850e-44	-1.30999e-08	-1.38622e-44	-8.03818e-29	-5.27591e-44	-4.92328e-08	-2.90873e-45	-5.24297e-08	-3.74561e-45	2.35087e-29	-1.56269e-44	-1.82369e-07	8.49955e-46	-1.79241e-07	-1.22799e-45	-6.29939e-30	-4.65880e-45	-6.71425e-07	-2.27754e-46	-6.30440e-07	-3.50219e-46	1.68891e-30	-1.32375e-45	-2.37878e-06	6.10623e-47	-2.22857e-06	-9.88035e-47	-4.56259e-31	-3.76780e-46	-8.40442e-06	-1.64948e-47	-8.13450e-06	-2.63183e-47	1.36122e-31	-1.12867e-46	-3.00384e-05	4.91700e-48	5.41654e-05	-8.97307e-48	-3.64758e-32	-3.40818e-47	5.91156e-07	-1.31758e-48	-7.71510e-06	-2.56320e-48	9.78099e-33	-9.69098e-48	3.21740e-05	3.53306e-49	-2.50927e-06	-7.22270e-49	-2.64811e-33	-2.76189e-48	9.64008e-06	-9.56481e-50	-6.58456e-07	-1.88233e-49	8.11439e-34	-8.40676e-49	2.94172e-06	2.92860e-50	-2.37751e-07	-6.79351e-50	-2.17440e-34	-2.58447e-49	9.04494e-07	-7.84771e-51	-6.80661e-08	-1.94489e-50	5.83197e-35	-7.35622e-50	2.57449e-07	2.10483e-51	-1.91461e-08	-5.47070e-51	-1.58390e-35	-2.10044e-50	7.35101e-08	-5.71616e-52	-4.81147e-09	-1.37480e-51	5.03623e-36	-6.54831e-51	2.29174e-08	1.81633e-52	-1.89711e-09	-5.42070e-52	-1.34962e-36	-2.06701e-51	7.23401e-09	-4.86731e-53	-5.44824e-10	-1.55675e-52	3.62242e-37	-5.89216e-52	2.06211e-09	1.30595e-53	-1.52765e-10	-4.36502e-53	-9.93484e-38	-1.68794e-52	5.90735e-10	-3.56502e-54	-3.55560e-11	-1.01596e-53	3.51516e-38	-5.49214e-53	1.92211e-10	1.20057e-54	-1.65896e-11	-4.74024e-54	-1.83290e-38	-1.81434e-53	6.34972e-11	-3.21706e-55	-4.79262e-12	-1.36942e-54	3.81645e-38	-5.18120e-54	1.81329e-11	8.62563e-56	-1.34878e-12	-3.85393e-55	-1.34329e-37	-1.47962e-54	5.17831e-12	-2.33189e-56	-3.42563e-13	-9.78822e-56	4.99151e-37	-4.59848e-55	1.60935e-12	7.01923e-57	-1.24173e-13	-3.54806e-56	-2.13065e-36	-1.41362e-55	4.94730e-13	-1.88015e-57	-3.60280e-14	-1.02945e-56	8.02343e-36	-3.96991e-56	1.38937e-13	5.01375e-58	-1.16867e-14	-3.33931e-57	-2.99631e-35	-9.48605e-57	3.31988e-14	-1.25348e-58	-1.13505e-17	-3.24323e-60	1.11829e-34	-5.06763e-63	2.05918e-20	1.70878e-62
3.12476e-36	-1.40612e-18	-2.41012e-36	3.01595e-20	7.38686e-38	-4.50641e-21	-4.49845e-37	-2.62792e-16	6.45803e-37	7.12277e-16	1.87263e-36	1.20751e-21	-1.47003e-37	-8.11240e-16	-1.73092e-37	2.97907e-15	5.57790e-37	-3.23644e-22	-4.18414e-38	-2.83967e-15	4.65665e-38	1.06675e-14	1.58775e-37	8.70631e-23	-1.15450e-38	-1.08310e-14	-1.31734e-38	3.88262e-14	4.62061e-38	-2.46079e-23	-3.56462e-39	-3.74301e-14	3.52988e-39	1.40648e-13	1.34984e-38	6.59383e-24	-1.01399e-39	-1.31860e-13	-9.46142e-40	4.97608e-13	3.83094e-39	-1.76739e-24	-2.86604e-40	-4.67617e-13	2.54689e-40	1.75989e-12	1.08818e-39	4.75725e-25	-7.87028e-41	-1.80521e-12	-7.26125e-41	6.42656e-12	3.17907e-40	-1.35511e-25	-2.46283e-41	-6.22246e-12	1.94570e-41	2.33653e-11	9.33013e-41	3.63112e-26	-7.00989e-42	-2.19147e-11	-5.21553e-42	8.26937e-11	2.64867e-41	-9.73330e-27	-1.98050e-42	-7.77823e-11	1.40511e-42	2.92564e-10	7.52708e-42	2.62206e-27	-5.40322e-43	-3.04874e-10	-4.04913e-43	1.07476e-09	2.21156e-42	-7.54940e-28	-1.72344e-43	-1.04715e-09	1.08500e-43	3.92808e-09	6.53294e-43	2.02292e-28	-4.90945e-44	-3.68648e-09	-2.90862e-44	1.39089e-08	1.85529e-43	-5.42295e-29	-1.38622e-44	-1.30999e-08	7.84516e-45	4.92328e-08	5.27591e-44	1.46258e-29	-3.74561e-45	-5.24297e-08	-2.29442e-45	1.82369e-07	1.56269e-44	-4.27379e-30	-1.22799e-45	-1.79241e-07	6.14813e-46	6.71425e-07	4.65880e-45	1.14525e-30	-3.50219e-46	-6.30440e-07	-1.64836e-46	2.37878e-06	1.32375e-45	-3.07221e-31	-9.88035e-47	-2.22857e-06	4.45303e-47	8.40442e-06	3.76780e-46	8.36309e-32	-2.63183e-47	-8.13450e-06	-1.32854e-47	3.00384e-05	1.12867e-46	-2.73026e-32	-8.97307e-48	5.41654e-05	3.56000e-48	-5.91156e-07	3.40818e-47	1.74933e-32	-2.56320e-48	-7.71510e-06	-9.54612e-49	-3.21740e-05	9.69098e-48	-4.26708e-32	-7.22270e-49	-2.50927e-06	2.58452e-49	-9.64008e-06	2.76189e-48	1.53190e-31	-1.88233e-49	-6.58456e-07	-7.91955e-50	-2.94172e-06	8.40676e-49	-5.70088e-31	-6.79351e-50	-2.37751e-07	2.12218e-50	-9.04494e-07	2.58447e-49	2.49049e-30	-1.94489e-50	-6.80661e-08	-5.69193e-51	-2.57449e-07	7.35622e-50	-9.39187e-30	-5.47070e-51	-1.91461e-08	1.54586e-51	-7.35101e-08	2.10044e-50	3.50770e-29	-1.37480e-51	-4.81147e-09	-4.91529e-52	-2.29174e-08	6.54831e-51	-1.30916e-28	-5.42070e-52	-1.89711e-09	1.31718e-52	-7.23401e-09	2.06701e-51	6.04213e-28	-1.55675e-52	-5.44824e-10	-3.53414e-53	-2.06211e-09	5.89216e-52	-2.28594e-27	-4.36502e-53	-1.52765e-10	9.64805e-54	-5.90735e-10	1.68794e-52	8.53953e-27	-1.01596e-53	-3.55560e-11	-3.25077e-54	-1.92211e-10	5.49214e-53	-3.18722e-26	-4.74024e-54	-1.65896e-11	8.71082e-55	-6.34972e-11	1.81434e-53	1.62375e-25	-1.36942e-54	-4.79262e-12	-2.33556e-55	-1.81329e-11	5.18120e-54	-6.17628e-25	-3.85393e-55	-1.34878e-12	6.31413e-56	-5.17831e-12	1.47962e-54	2.30814e-24	-9.78822e-56	-3.42563e-13	-1.90092e-56	-1.60935e-12	4.59848e-55	-8.61492e-24	-3.54806e-56	-1.24173e-13	5.09175e-57	-4.94730e-13	1.41362e-55	3.67788e-23	-1.02945e-56	-3.60280e-14	-1.35783e-57	-1.38937e-13	3.96991e-56	-1.38500e-22	-3.33931e-57	-1.16867e-14	3.39552e-58	-3.31988e-14	9.48605e-57	5.17223e-22	-3.24323e-60	-1.13505e-17	-3.82661e-61	-2.07947e-20	5.88380e-63	-1.93039e-21
1.26930e-20	-1.23905e-36	-2.47382e-19	3.02461e-38	3.13156e-22	-1.09714e-38	-1.82877e-21	1.78483e-37	1.18588e-16	7.42964e-37	7.61249e-21	2.93984e-39	-5.97572e-22	5.83223e-38	-4.74105e-16	2.21299e-37	2.26744e-21	-7.87952e-40	-1.70087e-22	1.66002e-38	1.77783e-15	6.29927e-38	6.45426e-22	2.11966e-40	-4.69310e-23	4.58041e-39	-6.63722e-15	1.83319e-38	1.87829e-22	-5.99110e-41	-1.44903e-23	1.41424e-39	2.62477e-14	5.35537e-39	5.48713e-23	1.60535e-41	-4.12189e-24	4.02291e-40	-9.83537e-14	1.51990e-39	1.55729e-23	-4.30292e-42	-1.16505e-24	1.13708e-40	3.67167e-13	4.31725e-40	4.42347e-24	1.15821e-42	-3.19930e-25	3.12247e-41	-1.37031e-12	1.26127e-40	1.29230e-24	-3.29919e-43	-1.00115e-25	9.77109e-42	5.46762e-12	3.70166e-41	3.79273e-25	8.84039e-44	-2.84954e-26	2.78112e-42	-2.05001e-11	1.05084e-41	1.07670e-25	-2.36969e-44	-8.05079e-27	7.85747e-43	7.65330e-11	2.98631e-42	3.05978e-26	6.38373e-45	-2.19643e-27	2.14369e-43	-2.85632e-10	8.77418e-43	8.99006e-27	-1.83799e-45	-7.00583e-28	6.83760e-44	1.15412e-09	2.59189e-43	2.65566e-27	4.92505e-46	-1.99571e-28	1.94778e-44	-4.33086e-09	7.36072e-44	7.54182e-28	-1.32028e-46	-5.63503e-29	5.49971e-45	1.61693e-08	2.09317e-44	2.14467e-28	3.56083e-47	-1.52260e-29	1.48604e-45	-6.03464e-08	6.19985e-45	6.35239e-29	-1.04050e-47	-4.99183e-30	4.87196e-46	2.48253e-07	1.84834e-45	1.89382e-29	2.78814e-48	-1.42365e-30	1.38947e-46	-9.32665e-07	5.25187e-46	5.38108e-30	-7.47517e-49	-4.01640e-31	3.91995e-47	3.48241e-06	1.49485e-46	1.53163e-30	2.01927e-49	-1.06985e-31	1.04416e-47	-1.29970e-05	4.47792e-47	4.58809e-31	-6.01933e-50	-3.64758e-32	3.56000e-48	5.48369e-05	1.35217e-47	1.38544e-31	1.61296e-50	-1.04195e-32	1.01693e-48	-1.47045e-05	3.84482e-48	3.93942e-32	-4.32513e-51	-2.93605e-33	2.86555e-49	3.98110e-06	1.09576e-48	1.12272e-32	1.17091e-51	-7.65173e-34	7.46800e-50	-1.21990e-06	3.33532e-49	3.41738e-33	-3.58516e-52	-2.76158e-34	2.69527e-50	3.26894e-07	1.02537e-49	1.05060e-33	9.60707e-53	-7.90604e-35	7.71619e-51	-8.76765e-08	2.91852e-50	2.99033e-34	-2.57671e-53	-2.22386e-35	2.17046e-51	2.38120e-08	8.33333e-51	8.53836e-35	6.99765e-54	-5.58862e-36	5.45443e-52	-7.57135e-09	2.59799e-51	2.66191e-35	-2.22352e-54	-2.20351e-36	2.15062e-52	2.02893e-09	8.20069e-52	8.40256e-36	5.95849e-55	-6.32728e-37	6.17629e-53	-5.44387e-10	2.33767e-52	2.39555e-36	-1.59873e-55	-1.77089e-37	1.73179e-53	1.48615e-10	6.69675e-53	6.87458e-37	4.36425e-56	-3.95955e-38	4.03074e-54	-5.00738e-11	2.17896e-53	2.28516e-37	-1.46972e-56	-1.35958e-38	1.88065e-54	1.34178e-11	7.19824e-54	9.46662e-38	3.93829e-57	1.42541e-38	5.43307e-55	-3.59761e-12	2.05560e-54	9.57270e-38	-1.05594e-57	6.91122e-38	1.52902e-55	9.72606e-13	5.87029e-55	2.70883e-37	2.85467e-58	3.02201e-37	3.88340e-56	-2.92811e-13	1.82441e-55	1.01056e-36	-8.59285e-59	9.99884e-37	1.40767e-56	7.84316e-14	5.60841e-56	3.89933e-36	2.30166e-59	3.47882e-36	4.08425e-57	-2.09155e-14	1.57503e-56	1.38335e-35	-6.13775e-60	1.06196e-35	1.32484e-57	5.23034e-15	3.76352e-57	4.64532e-35	1.53444e-60	-7.51482e-35	1.28673e-60	-5.89437e-18	2.34665e-63	-1.42867e-40	2.89634e-66
1.18686e-35	-5.34078e-18	-9.15420e-36	1.14553e-19	2.80570e-37	-1.71164e-20	-1.70862e-36	-9.98147e-16	2.45291e-36	2.70539e-15	7.11268e-36	4.58642e-21	-5.58350e-37	-3.08128e-15	-6.57445e-37	1.13152e-14	2.11862e-36	-1.22928e-21	-1.58923e-37	-1.07857e-14	1.76870e-37	4.05176e-14	6.03064e-37	3.30686e-22	-4.38508e-38	-4.11388e-14	-5.00355e-38	1.47471e-13	1.75501e-37	-9.34666e-23	-1.35393e-38	-1.42168e-13	1.34073e-38	5.34215e-13	5.12699e-38	2.50449e-23	-3.85136e-39	-5.00836e-13	-3.59367e-39	1.89003e-12	1.45508e-38	-6.71295e-24	-1.08859e-39	-1.77612e-12	9.67366e-40	6.68447e-12	4.13315e-39	1.80691e-24	-2.98932e-40	-6.85660e-12	-2.75799e-40	2.44096e-11	1.20749e-39	-5.14703e-25	-9.35441e-41	-2.36344e-11	7.39022e-41	8.87469e-11	3.54380e-40	1.37918e-25	-2.66252e-41	-8.32373e-11	-1.98098e-41	3.14090e-10	1.00603e-40	-3.69693e-26	-7.52239e-42	-2.95435e-10	5.33694e-42	1.11123e-09	2.85896e-41	9.95920e-27	-2.05227e-42	-1.15798e-09	-1.53795e-42	4.08218e-09	8.40001e-42	-2.86744e-27	-6.54601e-43	-3.97732e-09	4.12107e-43	1.49198e-08	2.48136e-42	7.68353e-28	-1.86472e-43	-1.40021e-08	-1.10476e-43	5.28293e-08	7.04682e-43	-2.05976e-28	-5.26518e-44	-4.97566e-08	2.97977e-44	1.86998e-07	2.00391e-43	5.55523e-29	-1.42267e-44	-1.99140e-07	-8.71472e-45	6.92682e-07	5.93546e-44	-1.62328e-29	-4.66420e-45	-6.80809e-07	2.33520e-45	2.55024e-06	1.76952e-44	4.34957e-30	-1.33021e-45	-2.39513e-06	-6.26084e-46	9.03595e-06	5.02790e-45	-1.16550e-30	-3.75279e-46	-8.50367e-06	1.69136e-46	3.19761e-05	1.43110e-45	3.12442e-31	-9.99629e-47	-3.35590e-05	-5.04609e-47	1.17786e-04	4.28696e-46	-8.42666e-32	-3.40818e-47	-5.91156e-07	1.35217e-47	2.82259e-04	1.29451e-46	-1.54672e-32	-9.73562e-48	3.18051e-05	-3.62584e-48	1.24393e-04	3.68086e-47	1.46135e-31	-2.74335e-48	9.42452e-06	9.81660e-49	3.61003e-05	1.04903e-47	-5.69074e-31	-7.14952e-49	2.46237e-06	-3.00803e-49	1.09986e-05	3.19308e-48	2.13016e-30	-2.58033e-49	8.88841e-07	8.06055e-50	3.38146e-06	9.81643e-49	-9.31037e-30	-7.38714e-50	2.54465e-07	-2.16193e-50	9.62471e-07	2.79406e-49	3.51113e-29	-2.07790e-50	7.15774e-08	5.87155e-51	2.74817e-07	7.97796e-50	-1.31135e-28	-5.22183e-51	1.79876e-08	-1.86694e-51	8.56766e-08	2.48720e-50	4.89428e-28	-2.05891e-51	7.09233e-09	5.00294e-52	2.70443e-08	7.85098e-51	-2.25885e-27	-5.91291e-52	2.03682e-09	-1.34235e-52	7.70917e-09	2.23798e-51	8.54595e-27	-1.65793e-52	5.71109e-10	3.66455e-53	2.20846e-09	6.41117e-52	-3.19250e-26	-3.85885e-53	1.32926e-10	-1.23472e-53	7.18579e-10	2.08604e-52	1.19154e-25	-1.80045e-53	6.20202e-11	3.30857e-54	2.37384e-10	6.89127e-53	-6.07038e-25	-5.20137e-54	1.79172e-11	-8.87099e-55	6.77896e-11	1.96794e-53	2.30900e-24	-1.46381e-54	5.04240e-12	2.39825e-55	1.93591e-11	5.61995e-54	-8.62895e-24	-3.71779e-55	1.28067e-12	-7.22013e-56	6.01654e-12	1.74661e-54	3.22068e-23	-1.34764e-55	4.64221e-13	1.93397e-56	1.84954e-12	5.36924e-55	-1.37497e-22	-3.91008e-56	1.34691e-13	-5.15734e-57	5.19415e-13	1.50787e-55	5.17782e-22	-1.26835e-56	4.36907e-14	1.28970e-57	1.24113e-13	3.60302e-56	-1.93363e-21	-1.23186e-59	4.24337e-17	-1.45343e-60	7.77409e-20	2.23480e-62	7.21675e-21
5.32685e-18	-1.19263e-35	-9.37943e-20	2.00543e-37	1.14556e-19	-3.40405e-36	9.98149e-16	1.70777e-36	2.51326e-20	7.11150e-36	2.70538e-15	9.12132e-37	3.08128e-15	5.58337e-37	-6.73621e-21	2.11860e-36	1.13152e-14	-2.44474e-37	1.07857e-14	1.58923e-37	1.81222e-21	6.03064e-37	4.05176e-14	6.57657e-38	4.11388e-14	4.38508e-38	-5.12666e-22	1.75501e-37	1.47471e-13	-1.85883e-38	1.42168e-13	1.35393e-38	1.37372e-22	5.12699e-38	5.34215e-13	4.98084e-39	5.00836e-13	3.85136e-39	-3.68208e-23	1.45508e-38	1.89003e-12	-1.33505e-39	1.77612e-12	1.08859e-39	9.91167e-24	4.13315e-39	6.68447e-12	3.59353e-40	6.85660e-12	2.98932e-40	-2.82585e-24	1.20749e-39	2.44096e-11	-1.02362e-40	2.36344e-11	9.35441e-41	7.57205e-25	3.54380e-40	8.87469e-11	2.74287e-41	8.32373e-11	2.66252e-41	-2.02972e-25	1.00603e-40	3.14090e-10	-7.35234e-42	2.95435e-10	7.52239e-42	5.46824e-26	2.85896e-41	1.11123e-09	1.98065e-42	1.15798e-09	2.05227e-42	-1.57579e-26	8.40001e-42	4.08218e-09	-5.70266e-43	3.97732e-09	6.54601e-43	4.22247e-27	2.48136e-42	1.49198e-08	1.52807e-43	1.40021e-08	1.86472e-43	-1.13194e-27	7.04682e-43	5.28293e-08	-4.09639e-44	4.97566e-08	5.26518e-44	3.05309e-28	2.00391e-43	1.86998e-07	1.10480e-44	1.99140e-07	1.42267e-44	-8.92913e-29	5.93546e-44	6.92682e-07	-3.22833e-45	6.80809e-07	4.66420e-45	2.39266e-29	1.76952e-44	2.55024e-06	8.65064e-46	2.39513e-06	1.33021e-45	-6.41488e-30	5.02790e-45	9.03595e-06	-2.31929e-46	8.50367e-06	3.75279e-46	1.73298e-30	1.43110e-45	3.19761e-05	6.26511e-47	3.35590e-05	9.99629e-47	-5.17024e-31	4.28696e-46	1.17786e-04	-1.86759e-47	5.91156e-07	3.40818e-47	1.38544e-31	1.29451e-46	2.82259e-04	5.00446e-48	-3.18051e-05	9.73562e-48	-3.71505e-32	3.68086e-47	1.24393e-04	-1.34194e-48	-9.42452e-06	2.74335e-48	1.00581e-32	1.04903e-47	3.61003e-05	3.63294e-49	-2.46237e-06	7.14952e-49	-3.08204e-33	3.19308e-48	1.09986e-05	-1.11235e-49	-8.88841e-07	2.58033e-49	8.25887e-34	9.81643e-49	3.38146e-06	2.98074e-50	-2.54465e-07	7.38714e-50	-2.21512e-34	2.79406e-49	9.62471e-07	-7.99464e-51	-7.15774e-08	2.07790e-50	6.01601e-35	7.97796e-50	2.74817e-07	2.17113e-51	-1.79876e-08	5.22183e-51	-1.91287e-35	2.48720e-50	8.56766e-08	-6.89883e-52	-7.09233e-09	2.05891e-51	5.12590e-36	7.85098e-51	2.70443e-08	1.84872e-52	-2.03682e-09	5.91291e-52	-1.37488e-36	2.23798e-51	7.70917e-09	-4.96031e-53	-5.71109e-10	1.65793e-52	3.73624e-37	6.41117e-52	2.20846e-09	1.35408e-53	-1.32926e-10	3.85885e-53	-1.19616e-37	2.08604e-52	7.18579e-10	-4.56004e-54	-6.20202e-11	1.80045e-53	-1.25664e-39	6.89127e-53	2.37384e-10	1.22191e-54	-1.79172e-11	5.20137e-54	1.24642e-37	1.96794e-53	6.77896e-11	-3.27621e-55	-5.04240e-12	1.46381e-54	-4.97312e-37	5.61995e-54	1.93591e-11	8.85705e-56	-1.28067e-12	3.71779e-55	1.86460e-36	1.74661e-54	6.01654e-12	-2.66607e-56	-4.64221e-13	1.34764e-55	-7.96501e-36	5.36924e-55	1.84954e-12	7.14125e-57	-1.34691e-13	3.91008e-56	2.99954e-35	1.50787e-55	5.19415e-13	-1.90434e-57	-4.36907e-14	1.26835e-56	-1.12017e-34	3.60302e-56	1.24113e-13	4.76101e-58	-4.24337e-17	1.23186e-59	4.18071e-34	1.92480e-62	7.69823e-20	-6.49033e-62
4.56997e-37	-2.34683e-21	-1.09198e-38	-5.52579e-25	1.33894e-38	-2.88726e-21	-6.60808e-38	3.31552e-22	2.92600e-39	1.38181e-21	2.75008e-37	4.80361e-18	-2.15858e-38	1.08528e-22	-7.84247e-40	4.11822e-22	8.19047e-38	-1.92116e-17	-6.14386e-39	3.08927e-23	2.10983e-40	1.17228e-22	2.33140e-38	7.20426e-17	-1.69524e-39	8.52407e-24	-5.96859e-41	3.41154e-23	6.78476e-39	-2.68959e-16	-5.23418e-40	2.63187e-24	1.59932e-41	9.96627e-24	1.98206e-39	1.06257e-15	-1.48891e-40	7.48659e-25	-4.28678e-42	2.82851e-24	5.62523e-40	-3.98131e-15	-4.20840e-41	2.11609e-25	1.15394e-42	8.03435e-25	1.59784e-40	1.48627e-14	-1.15565e-41	5.81088e-26	-3.28993e-43	2.34721e-25	4.66805e-41	-5.54693e-14	-3.61634e-42	1.81839e-26	8.81558e-44	6.88873e-26	1.37001e-41	2.21100e-13	-1.02931e-42	5.17562e-27	-2.36305e-44	1.95560e-26	3.88923e-42	-8.28929e-13	-2.90810e-43	1.46226e-27	6.36627e-45	5.55748e-27	1.10525e-42	3.09462e-12	-7.93392e-44	3.98937e-28	-1.83458e-45	1.63286e-27	3.24738e-43	-1.15495e-11	-2.53064e-44	1.27247e-28	4.91590e-46	4.82347e-28	9.59276e-44	4.66182e-11	-7.20888e-45	3.62480e-29	-1.31784e-46	1.36982e-28	2.72425e-44	-1.74923e-10	-2.03548e-45	1.02349e-29	3.55448e-47	3.89537e-29	7.74697e-45	6.53075e-10	-5.49994e-46	2.76552e-30	-1.03955e-47	1.15378e-29	2.29461e-45	-2.43738e-09	-1.80315e-46	9.06728e-31	2.78559e-48	3.43951e-30	6.84083e-46	1.00161e-08	-5.14251e-47	2.58796e-31	-7.46837e-49	9.76542e-31	1.94375e-46	-3.76270e-08	-1.45080e-47	7.37266e-32	2.01758e-49	2.75272e-31	5.53252e-47	1.40492e-07	-3.86449e-48	2.26290e-32	-6.01933e-50	7.24076e-32	1.65731e-47	-5.24340e-07	-1.31758e-48	1.74933e-32	1.61296e-50	-1.54672e-32	5.00446e-48	2.20988e-06	-3.76372e-49	4.01031e-32	-4.32515e-51	-1.36952e-31	1.42299e-48	-5.92575e-07	-1.06056e-49	1.36840e-31	1.17099e-51	-5.08868e-31	4.05547e-49	1.60424e-07	-2.76395e-50	5.82344e-31	-3.58818e-52	-1.94302e-30	1.23442e-49	-4.91193e-08	-9.97537e-51	1.96572e-30	9.61519e-53	-7.32809e-30	3.79496e-50	1.31624e-08	-2.85581e-51	6.90347e-30	-2.57890e-53	-2.60267e-29	1.08016e-50	-3.53028e-09	-8.03300e-52	2.47052e-29	7.00400e-54	-9.23959e-29	3.08422e-51	9.58731e-10	-2.01872e-52	1.11016e-28	-2.22702e-54	-3.59179e-28	9.61533e-52	-3.04639e-10	-7.95959e-53	3.72056e-28	5.96786e-55	-1.38139e-27	3.03513e-52	8.16358e-11	-2.28589e-53	1.30464e-27	-1.60125e-55	-4.91603e-27	8.65186e-53	-2.19038e-11	-6.40945e-54	4.69367e-27	4.37134e-56	-1.74902e-26	2.47851e-53	5.97935e-12	-1.49180e-54	2.28067e-26	-1.47286e-56	-7.03938e-26	8.06448e-54	-2.01363e-12	-6.96042e-55	7.59496e-26	3.94670e-57	-2.79957e-25	2.66411e-54	5.39575e-13	-2.01081e-55	2.65339e-25	-1.05819e-57	-9.99533e-25	7.60791e-55	-1.44671e-13	-5.65900e-56	9.46167e-25	2.86080e-58	-3.54576e-24	2.17263e-55	3.91111e-14	-1.43727e-56	4.05088e-24	-8.61267e-59	-1.35032e-23	6.75226e-56	-1.17729e-14	-5.20987e-57	1.33904e-23	2.30697e-59	-5.21967e-23	2.07571e-56	3.15344e-15	-1.51161e-57	4.67877e-23	-6.15203e-60	-1.85500e-22	5.82930e-57	-8.40920e-16	-4.90333e-58	1.56936e-22	1.53844e-60	-6.43368e-22	1.39290e-57	2.10237e-16	-4.76226e-61	1.05422e-24	-1.73376e-63	-1.46614e-21	8.63958e-64	-2.95852e-20
-4.00618e-19	8.96942e-37	7.05401e-21	-1.50823e-38	-8.61541e-21	2.56009e-37	-7.50680e-17	-1.28437e-37	-1.89016e-21	-5.34837e-37	-2.03465e-16	-6.85989e-38	-2.31734e-16	-4.19910e-38	5.06612e-22	-1.59334e-37	-8.50985e-16	1.83862e-38	-8.11165e-16	-1.19522e-38	-1.36292e-22	-4.53548e-38	-3.04722e-15	-4.94605e-39	-3.09393e-15	-3.29789e-39	3.85562e-23	-1.31990e-38	-1.10909e-14	1.39798e-39	-1.06921e-14	-1.01825e-39	-1.03313e-23	-3.85587e-39	-4.01768e-14	-3.74595e-40	-3.76665e-14	-2.89650e-40	2.76919e-24	-1.09433e-39	-1.42144e-13	1.00405e-40	-1.33577e-13	-8.18697e-41	-7.45429e-25	-3.10842e-40	-5.02720e-13	-2.70259e-41	-5.15666e-13	-2.24818e-41	2.12524e-25	-9.08117e-41	-1.83578e-12	7.69840e-42	-1.77748e-12	-7.03519e-42	-5.69473e-26	-2.66519e-41	-6.67441e-12	-2.06284e-42	-6.26005e-12	-2.00241e-42	1.52650e-26	-7.56606e-42	-2.36218e-11	5.52949e-43	-2.22189e-11	-5.65738e-43	-4.11252e-27	-2.15014e-42	-8.35723e-11	-1.48959e-43	-8.70887e-11	-1.54345e-43	1.18511e-27	-6.31741e-43	-3.07009e-10	4.28881e-44	-2.99123e-10	-4.92307e-44	-3.17560e-28	-1.86616e-43	-1.12207e-09	-1.14922e-44	-1.05306e-09	-1.40241e-44	8.51304e-29	-5.29972e-44	-3.97315e-09	3.08078e-45	-3.74206e-09	-3.95980e-45	-2.29614e-29	-1.50709e-44	-1.40636e-08	-8.30893e-46	-1.49768e-08	-1.06995e-45	6.71536e-30	-4.46390e-45	-5.20947e-08	2.42793e-46	-5.12021e-08	-3.50782e-46	-1.79945e-30	-1.33081e-45	-1.91797e-07	-6.50590e-47	-1.80152e-07	-1.00042e-46	4.82446e-31	-3.78135e-46	-6.79598e-07	1.74427e-47	-6.40989e-07	-2.82237e-47	-1.30332e-31	-1.07629e-46	-2.40685e-06	-4.71182e-48	-2.62286e-06	-7.51793e-48	3.88840e-32	-3.22410e-47	-8.99561e-06	1.40456e-48	-7.71510e-06	-2.56320e-48	-1.04195e-32	-9.73562e-48	-3.18051e-05	-3.76372e-49	5.43218e-05	-7.32189e-49	2.79398e-33	-2.76827e-48	1.08061e-07	1.00924e-49	-7.62257e-06	-2.06320e-49	-7.56444e-34	-7.88946e-49	3.22167e-05	-2.73223e-50	-2.29474e-06	-5.37696e-50	2.31791e-34	-2.40143e-49	1.03144e-05	8.36569e-51	-8.35589e-07	-1.94060e-50	-6.21127e-35	-7.38267e-50	3.17961e-06	-2.24174e-51	-2.39303e-07	-5.55566e-51	1.66593e-35	-2.10134e-50	9.05135e-07	6.01255e-52	-6.73138e-08	-1.56273e-51	-4.52448e-36	-6.00000e-51	2.58447e-07	-1.63285e-52	-1.69162e-08	-3.92719e-52	1.43865e-36	-1.87056e-51	8.05733e-08	5.18842e-53	-6.66987e-09	-1.54845e-52	-3.85638e-37	-5.90450e-52	2.54334e-08	-1.39037e-53	-1.91550e-09	-4.44693e-53	1.03903e-37	-1.68312e-52	7.24997e-09	3.73051e-54	-5.37091e-10	-1.24689e-53	-2.99753e-38	-4.82167e-53	2.07691e-09	-1.01836e-54	-1.25008e-10	-2.90214e-54	1.59980e-38	-1.56885e-53	6.75776e-10	3.42948e-55	-5.83260e-11	-1.35407e-54	-3.56118e-38	-5.18274e-54	2.23244e-10	-9.18969e-56	-1.68499e-11	-3.91181e-55	1.26449e-37	-1.48003e-54	6.37517e-11	2.46395e-56	-4.74205e-12	-1.10089e-55	-4.70185e-37	-4.22661e-55	1.82059e-11	-6.66114e-57	-1.20439e-12	-2.79605e-56	1.75429e-36	-1.31358e-55	5.65817e-12	2.00508e-57	-4.36569e-13	-1.01352e-56	-7.49077e-36	-4.03806e-56	1.73937e-12	-5.37074e-58	-1.26668e-13	-2.94066e-57	2.82088e-35	-1.13402e-56	4.88476e-13	1.43220e-58	-4.10883e-14	-9.53888e-58	-1.05344e-34	-2.70973e-57	1.16721e-13	-3.58062e-59	-3.99062e-17	-9.26445e-61	3.93169e-34	-1.44759e-63	7.23968e-20	4.88120e-63
8.92603e-37	-4.01665e-19	-6.88462e-37	8.61520e-21	2.11009e-38	-1.28728e-21	-1.28500e-37	-7.50679e-17	1.84477e-37	2.03465e-16	5.34925e-37	3.44932e-22	-4.19919e-38	-2.31734e-16	-4.94447e-38	8.50985e-16	1.59335e-37	-9.24505e-23	-1.19522e-38	-8.11165e-16	1.33019e-38	3.04722e-15	4.53548e-38	2.48700e-23	-3.29789e-39	-3.09393e-15	-3.76303e-39	1.10909e-14	1.31990e-38	-7.02936e-24	-1.01825e-39	-1.06921e-14	1.00833e-39	4.01768e-14	3.85587e-39	1.88356e-24	-2.89650e-40	-3.76665e-14	-2.70270e-40	1.42144e-13	1.09433e-39	-5.04862e-25	-8.18697e-41	-1.33577e-13	7.27530e-41	5.02720e-13	3.10842e-40	1.35893e-25	-2.24818e-41	-5.15666e-13	-2.07421e-41	1.83578e-12	9.08117e-41	-3.87094e-26	-7.03519e-42	-1.77748e-12	5.55798e-42	6.67441e-12	2.66519e-41	1.03724e-26	-2.00241e-42	-6.26005e-12	-1.48984e-42	2.36218e-11	7.56606e-42	-2.78036e-27	-5.65738e-43	-2.22189e-11	4.01376e-43	8.35723e-11	2.15014e-42	7.49004e-28	-1.54345e-43	-8.70887e-11	-1.15665e-43	3.07009e-10	6.31741e-43	-2.15652e-28	-4.92307e-44	-2.99123e-10	3.09935e-44	1.12207e-09	1.86616e-43	5.77857e-29	-1.40241e-44	-1.05306e-09	-8.30861e-45	3.97315e-09	5.29972e-44	-1.54909e-29	-3.95980e-45	-3.74206e-09	2.24101e-45	1.40636e-08	1.50709e-44	4.17795e-30	-1.06995e-45	-1.49768e-08	-6.55410e-46	5.20947e-08	4.46390e-45	-1.22087e-30	-3.50782e-46	-5.12021e-08	1.75624e-46	1.91797e-07	1.33081e-45	3.27306e-31	-1.00042e-46	-1.80152e-07	-4.70861e-47	6.79598e-07	3.78135e-46	-8.83569e-32	-2.82237e-47	-6.40989e-07	1.27203e-47	2.40685e-06	1.07629e-46	2.61214e-32	-7.51793e-48	-2.62286e-06	-3.79503e-48	8.99561e-06	3.22410e-47	-1.61288e-32	-2.56320e-48	-7.71510e-06	1.01693e-48	3.18051e-05	9.73562e-48	4.01031e-32	-7.32189e-49	5.43218e-05	-2.72689e-49	-1.08061e-07	2.76827e-48	-1.44284e-31	-2.06320e-49	-7.62257e-06	7.38279e-50	-3.22167e-05	7.88946e-49	5.37032e-31	-5.37696e-50	-2.29474e-06	-2.26225e-50	-1.03144e-05	2.40143e-49	-2.00384e-30	-1.94060e-50	-8.35589e-07	6.06212e-51	-3.17961e-06	7.38267e-50	8.75595e-30	-5.55566e-51	-2.39303e-07	-1.62593e-51	-9.05135e-07	2.10134e-50	-3.30199e-29	-1.56273e-51	-6.73138e-08	4.41583e-52	-2.58447e-07	6.00000e-51	1.23324e-28	-3.92719e-52	-1.69162e-08	-1.40408e-52	-8.05733e-08	1.87056e-51	-4.60275e-28	-1.54845e-52	-6.66987e-09	3.76258e-53	-2.54334e-08	5.90450e-52	2.12430e-27	-4.44693e-53	-1.91550e-09	-1.00954e-53	-7.24997e-09	1.68312e-52	-8.03691e-27	-1.24689e-53	-5.37091e-10	2.75601e-54	-2.07691e-09	4.82167e-53	3.00233e-26	-2.90214e-54	-1.25008e-10	-9.28598e-55	-6.75776e-10	1.56885e-53	-1.12056e-25	-1.35407e-54	-5.83260e-11	2.48829e-55	-2.23244e-10	5.18274e-54	5.70879e-25	-3.91181e-55	-1.68499e-11	-6.67163e-56	-6.37517e-11	1.48003e-54	-2.17146e-24	-1.10089e-55	-4.74205e-12	1.80366e-56	-1.82059e-11	4.22661e-55	8.11496e-24	-2.79605e-56	-1.20439e-12	-5.43006e-57	-5.65817e-12	1.31358e-55	-3.02884e-23	-1.01352e-56	-4.36569e-13	1.45448e-57	-1.73937e-12	4.03806e-56	1.29307e-22	-2.94066e-57	-1.26668e-13	-3.87869e-58	-4.88476e-13	1.13402e-56	-4.86940e-22	-9.53888e-58	-4.10883e-14	9.69946e-59	-1.16721e-13	2.70973e-57	1.81845e-21	-9.26445e-61	-3.99062e-17	-1.09309e-61	-7.31102e-20	1.68073e-63	-6.78688e-21
-3.40362e-21	3.32250e-37	6.63354e-20	-8.11049e-39	-8.39727e-23	2.94198e-39	4.90385e-22	-4.78601e-38	-3.17993e-17	-1.99226e-37	-2.04129e-21	-7.88318e-40	1.60239e-22	-1.56391e-38	1.27131e-16	-5.93413e-38	-6.08013e-22	2.11289e-40	4.56087e-23	-4.45135e-39	-4.76725e-16	-1.68915e-38	-1.73071e-22	-5.68385e-41	1.25845e-23	-1.22823e-39	1.77977e-15	-4.91570e-39	-5.03664e-23	1.60651e-41	3.88558e-24	-3.79227e-40	-7.03832e-15	-1.43604e-39	-1.47137e-23	-4.30473e-42	1.10528e-24	-1.07874e-40	2.63735e-14	-4.07560e-40	-4.17587e-24	1.15383e-42	3.12409e-25	-3.04907e-41	-9.84558e-14	-1.15767e-40	-1.18615e-24	-3.10574e-43	8.57891e-26	-8.37290e-42	3.67450e-13	-3.38210e-41	-3.46531e-25	8.84676e-44	2.68458e-26	-2.62012e-42	-1.46614e-12	-9.92598e-42	-1.01702e-25	-2.37055e-44	7.64105e-27	-7.45756e-43	5.49711e-12	-2.81783e-42	-2.88715e-26	6.35432e-45	2.15882e-27	-2.10698e-43	-2.05223e-11	-8.00778e-43	-8.20480e-27	-1.71179e-45	5.88971e-28	-5.74829e-44	7.65921e-11	-2.35279e-43	-2.41068e-27	4.92857e-46	1.87861e-28	-1.83350e-44	-3.09478e-10	-6.95015e-44	-7.12115e-28	-1.32065e-46	5.35148e-29	-5.22298e-45	1.16132e-09	-1.97378e-44	-2.02234e-28	3.54034e-47	1.51103e-29	-1.47475e-45	-4.33580e-09	-5.61284e-45	-5.75094e-29	-9.54837e-48	4.08286e-30	-3.98482e-46	1.61819e-08	-1.66249e-45	-1.70339e-29	2.79011e-48	1.33856e-30	-1.30642e-46	-6.65690e-08	-4.95632e-46	-5.07827e-30	-7.47639e-49	3.81752e-31	-3.72585e-47	2.50094e-07	-1.40829e-46	-1.44294e-30	2.00446e-49	1.07700e-31	-1.05113e-47	-9.33807e-07	-4.00843e-47	-4.10705e-31	-5.41468e-50	2.86879e-32	-2.79990e-48	3.48513e-06	-1.20075e-47	-1.23030e-31	1.61408e-50	9.78099e-33	-9.54612e-49	-1.47045e-05	-3.62584e-48	-3.71505e-32	-4.32515e-51	2.79398e-33	-2.72689e-49	5.53329e-05	-1.03099e-48	-1.05635e-32	1.15978e-51	7.87302e-34	-7.68396e-50	-1.49808e-05	-2.93827e-49	-3.01056e-33	-3.13980e-52	2.05181e-34	-2.00254e-50	4.59047e-06	-8.94364e-50	-9.16369e-34	9.61359e-53	7.40518e-35	-7.22736e-51	-1.23010e-06	-2.74953e-50	-2.81717e-34	-2.57613e-53	2.12000e-35	-2.06909e-51	3.29926e-07	-7.82601e-51	-8.01856e-35	6.90944e-54	5.96326e-36	-5.82007e-52	-8.96041e-08	-2.23458e-51	-2.28956e-35	-1.87642e-54	1.49856e-36	-1.46260e-52	2.84909e-08	-6.96651e-52	-7.13801e-36	5.96237e-55	5.90773e-37	-5.76689e-53	-7.63485e-09	-2.19901e-52	-2.25351e-36	-1.59777e-55	1.69325e-37	-1.65617e-53	2.04852e-09	-6.26845e-53	-6.43649e-37	4.28699e-56	4.62610e-38	-4.64378e-54	-5.59237e-10	-1.79573e-53	-1.88908e-37	-1.17027e-56	4.66349e-39	-1.08084e-54	1.88427e-10	-5.84288e-54	-7.96538e-38	3.94105e-57	-1.61821e-38	-5.04296e-55	-5.04912e-11	-1.93021e-54	-9.84716e-38	-1.05605e-57	-7.30929e-38	-1.45688e-55	1.35378e-11	-5.51209e-55	-2.86612e-37	2.83150e-58	-2.65543e-37	-4.10006e-56	-3.65991e-12	-1.57412e-55	-9.98310e-37	-7.65478e-59	-1.13857e-36	-1.04133e-56	1.10184e-12	-4.89215e-56	-3.79618e-36	2.30417e-59	-3.76305e-36	-3.77465e-57	-2.95137e-13	-1.50389e-56	-1.46711e-35	-6.17189e-60	-1.30909e-35	-1.09519e-57	7.87047e-14	-4.22345e-57	-5.20547e-35	1.64584e-60	-3.99616e-35	-3.55256e-58	-1.96817e-14	-1.00919e-57	-1.74803e-34	-4.11459e-61	2.82782e-34	-3.45036e-61	2.21805e-17	-6.29254e-64	5.37608e-40	-7.76653e-67
3.37477e-36	-1.51862e-18	-2.60295e-36	3.25725e-20	7.97787e-38	-4.86696e-21	-4.85836e-37	-2.83818e-16	6.97473e-37	7.69265e-16	2.02245e-36	1.30413e-21	-1.58764e-37	-8.76145e-16	-1.86941e-37	3.21742e-15	6.02417e-37	-3.49539e-22	-4.51890e-38	-3.06687e-15	5.02921e-38	1.15210e-14	1.71478e-37	9.40288e-23	-1.24687e-38	-1.16976e-14	-1.42273e-38	4.19326e-14	4.99029e-38	-2.65767e-23	-3.84982e-39	-4.04248e-14	3.81230e-39	1.51901e-13	1.45783e-38	7.12138e-24	-1.09511e-39	-1.42410e-13	-1.02184e-39	5.37420e-13	4.13745e-39	-1.90879e-24	-3.09534e-40	-5.05030e-13	2.75066e-40	1.90069e-12	1.17524e-39	5.13786e-25	-8.49996e-41	-1.94964e-12	-7.84221e-41	6.94073e-12	3.43342e-40	-1.46353e-25	-2.65988e-41	-6.72031e-12	2.10137e-41	2.52347e-11	1.00766e-40	3.92163e-26	-7.57074e-42	-2.36681e-11	-5.63281e-42	8.93098e-11	2.86059e-41	-1.05120e-26	-2.13895e-42	-8.40054e-11	1.51753e-42	3.15972e-10	8.12930e-42	2.83185e-27	-5.83552e-43	-3.29266e-10	-4.37309e-43	1.16075e-09	2.38850e-42	-8.15340e-28	-1.86132e-43	-1.13093e-09	1.17181e-43	4.24236e-09	7.05562e-43	2.18477e-28	-5.30224e-44	-3.98142e-09	-3.14134e-44	1.50217e-08	2.00373e-43	-5.85683e-29	-1.49713e-44	-1.41480e-08	8.47283e-45	5.31718e-08	5.69802e-44	1.57960e-29	-4.04529e-45	-5.66245e-08	-2.47799e-45	1.96960e-07	1.68772e-44	-4.61556e-30	-1.32624e-45	-1.93586e-07	6.64002e-46	7.25150e-07	5.03154e-45	1.23618e-30	-3.78239e-46	-6.81132e-07	-1.78024e-46	2.56945e-06	1.42966e-45	-3.29148e-31	-1.06709e-46	-2.42403e-06	4.80930e-47	9.10064e-06	4.06926e-46	8.04143e-32	-2.84239e-47	-9.95533e-06	-1.43483e-47	3.40645e-05	1.21897e-46	7.49053e-33	-9.69098e-48	-3.21740e-05	3.84482e-48	1.24393e-04	3.68086e-47	-1.36952e-31	-2.76827e-48	-1.08061e-07	-1.03099e-48	2.84519e-04	1.04663e-47	5.40319e-31	-7.80057e-49	3.17634e-05	2.79130e-49	1.25715e-04	2.98286e-48	-2.02432e-30	-2.03293e-49	8.70531e-06	-8.55317e-50	3.89704e-05	9.07937e-49	7.55697e-30	-7.33704e-50	3.15209e-06	2.29198e-50	1.19926e-05	2.79125e-49	-3.30221e-29	-2.10049e-50	9.02517e-07	-6.14733e-51	3.41364e-06	7.94478e-50	1.24531e-28	-5.90840e-51	2.53867e-07	1.66955e-51	9.74707e-07	2.26849e-50	-4.65103e-28	-1.48480e-51	6.37977e-08	-5.30855e-52	3.03874e-07	7.07223e-51	1.73588e-27	-5.85440e-52	2.51547e-08	1.42256e-52	9.59193e-08	2.23238e-51	-8.01156e-27	-1.68130e-52	7.22409e-09	-3.81690e-53	2.73425e-08	6.36357e-52	3.03104e-26	-4.71425e-53	2.02558e-09	1.04200e-53	7.83285e-09	1.82298e-52	-1.13230e-25	-1.09724e-53	4.71455e-10	-3.51086e-54	2.54862e-09	5.93155e-53	4.22609e-25	-5.11949e-54	2.19970e-10	9.40775e-55	8.41941e-10	1.95950e-53	-2.15301e-24	-1.47898e-54	6.35478e-11	-2.52242e-55	2.40433e-10	5.59573e-54	8.18944e-24	-4.16228e-55	1.78841e-11	6.81930e-56	6.86618e-11	1.59800e-54	-3.06047e-23	-1.05714e-55	4.54221e-12	-2.05301e-56	2.13392e-11	4.96639e-55	1.14230e-22	-3.83194e-56	1.64648e-12	5.49913e-57	6.55987e-12	1.52672e-55	-4.87669e-22	-1.11181e-56	4.77714e-13	-1.46646e-57	1.84223e-12	4.28754e-56	1.83645e-21	-3.60648e-57	1.54960e-13	3.66719e-58	4.40199e-13	1.02450e-56	-6.85811e-21	-3.50272e-60	1.50502e-16	-4.13277e-61	2.75728e-19	6.35455e-63	2.55960e-20
1.51466e-18	-3.39117e-36	-2.66699e-20	5.70233e-38	3.25733e-20	-9.67925e-37	2.83818e-16	4.85596e-37	7.14633e-21	2.02212e-36	7.69262e-16	2.59360e-37	8.76145e-16	1.58760e-37	-1.91541e-21	6.02413e-37	3.21742e-15	-6.95150e-38	3.06687e-15	4.51890e-38	5.15295e-22	1.71478e-37	1.15210e-14	1.87001e-38	1.16976e-14	1.24687e-38	-1.45774e-22	4.99029e-38	4.19326e-14	-5.28549e-39	4.04248e-14	3.84982e-39	3.90609e-23	1.45783e-38	1.51901e-13	1.41628e-39	1.42410e-13	1.09511e-39	-1.04698e-23	4.13745e-39	5.37420e-13	-3.79614e-40	5.05030e-13	3.09534e-40	2.81833e-24	1.17524e-39	1.90069e-12	1.02180e-40	1.94964e-12	8.49996e-41	-8.03515e-25	3.43342e-40	6.94073e-12	-2.91062e-41	6.72031e-12	2.65988e-41	2.15307e-25	1.00766e-40	2.52347e-11	7.79921e-42	2.36681e-11	7.57074e-42	-5.77140e-26	2.86059e-41	8.93098e-11	-2.09060e-42	8.40054e-11	2.13895e-42	1.55487e-26	8.12930e-42	3.15972e-10	5.63188e-43	3.29266e-10	5.83552e-43	-4.48068e-27	2.38850e-42	1.16075e-09	-1.62152e-43	1.13093e-09	1.86132e-43	1.20064e-27	7.05562e-43	4.24236e-09	4.34500e-44	3.98142e-09	5.30224e-44	-3.21862e-28	2.00373e-43	1.50217e-08	-1.16479e-44	1.41480e-08	1.49713e-44	8.68130e-29	5.69802e-44	5.31718e-08	3.14145e-45	5.66245e-08	4.04529e-45	-2.53895e-29	1.68772e-44	1.96960e-07	-9.17958e-46	1.93586e-07	1.32624e-45	6.80339e-30	5.03154e-45	7.25150e-07	2.45976e-46	6.81132e-07	3.78239e-46	-1.82404e-30	1.42966e-45	2.56945e-06	-6.59477e-47	2.42403e-06	1.06709e-46	4.92763e-31	4.06926e-46	9.10064e-06	1.78145e-47	9.95533e-06	2.84239e-47	-1.47013e-31	1.21897e-46	3.40645e-05	-5.31040e-48	3.21740e-05	9.69098e-48	3.93942e-32	3.68086e-47	1.24393e-04	1.42299e-48	1.08061e-07	2.76827e-48	-1.05635e-32	1.04663e-47	2.84519e-04	-3.81574e-49	-3.17634e-05	7.80057e-49	2.85998e-33	2.98286e-48	1.25715e-04	1.03301e-49	-8.70531e-06	2.03293e-49	-8.76361e-34	9.07937e-49	3.89704e-05	-3.16291e-50	-3.15209e-06	7.33704e-50	2.34837e-34	2.79125e-49	1.19926e-05	8.47559e-51	-9.02517e-07	2.10049e-50	-6.29857e-35	7.94478e-50	3.41364e-06	-2.27324e-51	-2.53867e-07	5.90840e-51	1.71062e-35	2.26849e-50	9.74707e-07	6.17350e-52	-6.37977e-08	1.48480e-51	-5.43906e-36	7.07223e-51	3.03874e-07	-1.96165e-52	-2.51547e-08	5.85440e-52	1.45710e-36	2.23238e-51	9.59193e-08	5.25673e-53	-7.22409e-09	1.68130e-52	-3.89327e-37	6.36357e-52	2.73425e-08	-1.41044e-53	-2.02558e-09	4.71425e-53	1.00212e-37	1.82298e-52	7.83285e-09	3.85025e-54	-4.71455e-10	1.09724e-53	-1.15204e-38	5.93155e-53	2.54862e-09	-1.29662e-54	-2.19970e-10	5.11949e-54	-1.15052e-37	1.95950e-53	8.41941e-10	3.47445e-55	-6.35478e-11	1.47898e-54	4.71727e-37	5.59573e-54	2.40433e-10	-9.31574e-56	-1.78841e-11	4.16228e-55	-1.77186e-36	1.59800e-54	6.86618e-11	2.51846e-56	-4.54221e-12	1.05714e-55	6.61570e-36	4.96639e-55	2.13392e-11	-7.58082e-57	-1.64648e-12	3.83194e-56	-2.82505e-35	1.52672e-55	6.55987e-12	2.03058e-57	-4.77714e-13	1.11181e-56	1.06386e-34	4.28754e-56	1.84223e-12	-5.41489e-58	-1.54960e-13	3.60648e-57	-3.97295e-34	1.02450e-56	4.40199e-13	1.35377e-58	-1.50502e-16	3.50272e-60	1.48279e-33	5.47308e-63	2.73037e-19	-1.84549e-62
-1.22543e-37	6.29300e-22	2.92812e-39	1.48173e-25	-3.59036e-39	7.74214e-22	1.77195e-38	-8.89053e-23	-7.84604e-40	-3.70531e-22	-7.37430e-38	-1.28808e-18	5.78820e-39	-2.91016e-23	2.10295e-40	-1.10429e-22	-2.19626e-38	5.15155e-18	1.64747e-39	-8.28383e-24	-5.65748e-41	-3.14346e-23	-6.25162e-39	-1.93181e-17	4.54576e-40	-2.28572e-24	1.60047e-41	-9.14800e-24	-1.81932e-39	7.21209e-17	1.40354e-40	-7.05733e-25	-4.28854e-42	-2.67244e-24	-5.31486e-40	-2.84926e-16	3.99248e-41	-2.00752e-25	1.14949e-42	-7.58459e-25	-1.50840e-40	1.06758e-15	1.12848e-41	-5.67426e-26	-3.09428e-43	-2.15440e-25	-4.28459e-41	-3.98540e-15	3.09885e-42	-1.55818e-26	8.82188e-44	-6.29401e-26	-1.25173e-41	1.48740e-14	9.69717e-43	-4.87598e-27	-2.36388e-44	-1.84720e-26	-3.67365e-42	-5.92875e-14	2.76008e-43	-1.38784e-27	6.33648e-45	-5.24391e-27	-1.04289e-42	2.22276e-13	7.79802e-44	-3.92104e-28	-1.70711e-45	-1.49023e-27	-2.96372e-43	-8.29816e-13	2.12747e-44	-1.06974e-28	4.91939e-46	-4.37850e-28	-8.70780e-44	3.09699e-12	6.78587e-45	-3.41210e-29	-1.31819e-46	-1.29341e-28	-2.57228e-44	-1.25006e-11	1.93305e-45	-9.71985e-30	3.53376e-47	-3.67315e-29	-7.30504e-45	4.69054e-11	5.45811e-46	-2.74449e-30	-9.53129e-48	-1.04453e-29	-2.07734e-45	-1.75121e-10	1.47480e-46	-7.41634e-31	2.78755e-48	-3.09362e-30	-6.15295e-46	6.53579e-10	4.83511e-47	-2.43354e-31	-7.46952e-49	-9.21486e-31	-1.83436e-46	-2.68580e-09	1.37895e-47	-7.01585e-32	2.00263e-49	-2.58981e-31	-5.21214e-47	1.00896e-08	3.89030e-48	-2.24845e-32	-5.41010e-50	-6.36223e-32	-1.48354e-47	-3.76726e-08	1.03626e-48	-1.72413e-32	1.61407e-50	1.87652e-32	-4.44404e-48	1.40601e-07	3.53306e-49	-4.26708e-32	-4.32513e-51	1.46135e-31	-1.34194e-48	-5.92575e-07	1.00924e-49	-1.44284e-31	1.15978e-51	5.40319e-31	-3.81574e-49	2.22970e-06	2.84387e-50	-5.13028e-31	-3.14000e-52	1.92186e-30	-1.08747e-49	-6.03631e-07	7.41150e-51	-2.19072e-30	9.62166e-53	7.31321e-30	-3.31008e-50	1.84823e-07	2.67488e-51	-7.39628e-30	-2.57830e-53	2.75743e-29	-1.01761e-50	-4.95266e-08	7.65782e-52	-2.59758e-29	6.91527e-54	9.79318e-29	-2.89644e-51	1.32835e-08	2.15404e-52	-9.29591e-29	-1.87811e-54	3.47661e-28	-8.27029e-52	-3.60744e-09	5.41317e-53	-4.17724e-28	5.97172e-55	1.35149e-27	-2.57834e-52	1.14628e-09	2.13435e-53	-1.39995e-27	-1.60027e-55	5.19781e-27	-8.13865e-53	-3.07173e-10	6.12957e-54	-4.90899e-27	4.29372e-56	1.84977e-26	-2.31998e-53	8.24180e-11	1.71869e-54	-1.76610e-26	-1.17217e-56	6.58108e-26	-6.64609e-54	-2.24987e-11	4.00025e-55	-8.58153e-26	3.94945e-57	2.64873e-25	-2.16248e-54	7.57674e-12	1.86643e-55	-2.85778e-25	-1.05830e-57	1.05340e-24	-7.14378e-55	-2.03027e-12	5.39196e-56	-9.98398e-25	2.83753e-58	3.76097e-24	-2.04005e-55	5.44360e-13	1.51745e-56	-3.56017e-24	-7.67120e-59	1.33417e-23	-5.82588e-56	-1.47164e-13	3.85402e-57	-1.52424e-23	2.30948e-59	5.08089e-23	-1.81061e-56	4.42980e-14	1.39702e-57	-5.03844e-23	-6.18610e-60	1.96402e-22	-5.56598e-57	-1.18656e-14	4.05335e-58	-1.76049e-22	1.64966e-60	6.97986e-22	-1.56312e-57	3.16415e-15	1.31482e-58	-5.90507e-22	-4.12531e-61	2.42082e-21	-3.73505e-58	-7.91066e-16	1.27699e-61	-3.96675e-24	4.64905e-64	5.51669e-21	-2.31669e-64	1.11321e-19
-1.12888e-19	2.52745e-37	1.98771e-21	-4.24995e-39	-2.42769e-21	7.21395e-38	-2.11530e-17	-3.61915e-38	-5.32617e-22	-1.50709e-37	-5.73332e-17	-1.93301e-38	-6.52992e-17	-1.18324e-38	1.42755e-22	-4.48979e-38	-2.39794e-16	5.18096e-39	-2.28574e-16	-3.36794e-39	-3.84050e-23	-1.27803e-38	-8.58658e-16	-1.39372e-39	-8.71823e-16	-9.29296e-40	1.08645e-23	-3.71927e-39	-3.12524e-15	3.93928e-40	-3.01287e-15	-2.86928e-40	-2.91121e-24	-1.08652e-39	-1.13212e-14	-1.05555e-40	-1.06138e-14	-8.16189e-41	7.80316e-25	-3.08364e-40	-4.00540e-14	2.82927e-41	-3.76399e-14	-2.30696e-41	-2.10051e-25	-8.75906e-41	-1.41659e-13	-7.61549e-42	-1.45307e-13	-6.33503e-42	5.98861e-26	-2.55893e-41	-5.17294e-13	2.16929e-42	-5.00865e-13	-1.98241e-42	-1.60469e-26	-7.51011e-42	-1.88075e-12	-5.81276e-43	-1.76398e-12	-5.64248e-43	4.30143e-27	-2.13200e-42	-6.65627e-12	1.55813e-43	-6.26093e-12	-1.59416e-43	-1.15884e-27	-6.05878e-43	-2.35494e-11	-4.19744e-44	-2.45403e-11	-4.34922e-44	3.33946e-28	-1.78015e-43	-8.65105e-11	1.20852e-44	-8.42883e-11	-1.38725e-44	-8.94835e-29	-5.25856e-44	-3.16183e-10	-3.23833e-45	-2.96736e-10	-3.95176e-45	2.39884e-29	-1.49338e-44	-1.11957e-09	8.68116e-46	-1.05446e-09	-1.11581e-45	-6.47018e-30	-4.24674e-45	-3.96290e-09	-2.34133e-46	-4.22023e-09	-3.01496e-46	1.89228e-30	-1.25786e-45	-1.46795e-08	6.84155e-47	-1.44280e-08	-9.88449e-47	-5.07058e-31	-3.75001e-46	-5.40455e-08	-1.83326e-47	-5.07651e-08	-2.81902e-47	1.35946e-31	-1.06553e-46	-1.91502e-07	4.91509e-48	-1.80684e-07	-7.95300e-48	-3.67257e-32	-3.03282e-47	-6.78301e-07	-1.32772e-48	-7.43408e-07	-2.11844e-48	1.09569e-32	-9.08503e-48	-2.54082e-06	3.95785e-49	-2.50927e-06	-7.22270e-49	-2.93605e-33	-2.74335e-48	-9.42452e-06	-1.06056e-49	-7.62257e-06	-2.06320e-49	7.87302e-34	-7.80057e-49	-3.17634e-05	2.84387e-50	5.45193e-05	-5.81377e-50	-2.13154e-34	-2.22313e-49	7.60160e-07	-7.69901e-51	-6.80570e-06	-1.51514e-50	6.53153e-35	-6.76686e-50	3.48797e-05	2.35732e-51	-2.96050e-06	-5.46830e-51	-1.75024e-35	-2.08032e-50	1.13144e-05	-6.31687e-52	-8.53355e-07	-1.56550e-51	4.69434e-36	-5.92125e-51	3.22842e-06	1.69424e-52	-2.40120e-07	-4.40353e-52	-1.27495e-36	-1.69071e-51	9.21938e-07	-4.60112e-53	-6.03441e-08	-1.10662e-52	4.05476e-37	-5.27094e-52	2.87424e-07	1.46202e-53	-2.37930e-08	-4.36329e-53	-1.09071e-37	-1.66380e-52	9.07270e-08	-3.91784e-54	-6.83304e-09	-1.25308e-53	3.08061e-38	-4.74278e-53	2.58624e-08	1.05120e-54	-1.91593e-09	-3.51354e-54	-1.41539e-38	-1.35867e-53	7.40884e-09	-2.86960e-55	-4.45934e-10	-8.17777e-55	2.58094e-38	-4.42079e-54	2.41066e-09	9.66375e-56	-2.08063e-10	-3.81556e-55	-1.18660e-37	-1.46042e-54	7.96365e-10	-2.58951e-56	-6.01078e-11	-1.10229e-55	4.48829e-37	-4.17051e-55	2.27418e-10	6.94303e-57	-1.69160e-11	-3.10215e-56	-1.67666e-36	-1.19099e-55	6.49450e-11	-1.87701e-57	-4.29633e-12	-7.87884e-57	6.25780e-36	-3.70145e-56	2.01840e-11	5.64999e-58	-1.55735e-12	-2.85595e-57	-2.67213e-35	-1.13786e-56	6.20477e-12	-1.51339e-58	-4.51854e-13	-8.28633e-58	1.00628e-34	-3.19551e-57	1.74251e-12	4.03572e-59	-1.46572e-13	-2.68791e-58	-3.75789e-34	-7.63562e-58	4.16371e-13	-1.00896e-59	-1.42355e-16	-2.61058e-61	1.40253e-33	-4.07909e-64	2.58257e-19	1.37545e-63
2.51522e-37	-1.13183e-19	-1.93998e-37	2.42763e-21	5.94591e-39	-3.62735e-22	-3.62094e-38	-2.11530e-17	5.19827e-38	5.73334e-17	1.50734e-37	9.71966e-23	-1.18327e-38	-6.52992e-17	-1.39327e-38	2.39795e-16	4.48982e-38	-2.60511e-23	-3.36794e-39	-2.28574e-16	3.74828e-39	8.58658e-16	1.27803e-38	7.00798e-24	-9.29296e-40	-8.71823e-16	-1.06037e-39	3.12524e-15	3.71927e-39	-1.98077e-24	-2.86928e-40	-3.01287e-15	2.84131e-40	1.13212e-14	1.08652e-39	5.30757e-25	-8.16189e-41	-1.06138e-14	-7.61579e-41	4.00540e-14	3.08364e-40	-1.42262e-25	-2.30696e-41	-3.76399e-14	2.05007e-41	1.41659e-13	8.75906e-41	3.82925e-26	-6.33503e-42	-1.45307e-13	-5.84480e-42	5.17294e-13	2.55893e-41	-1.09077e-26	-1.98241e-42	-5.00865e-13	1.56615e-42	1.88075e-12	7.51011e-42	2.92280e-27	-5.64248e-43	-1.76398e-12	-4.19814e-43	6.65627e-12	2.13200e-42	-7.83464e-28	-1.59416e-43	-6.26093e-12	1.13102e-43	2.35494e-11	6.05878e-43	2.11058e-28	-4.34922e-44	-2.45403e-11	-3.25927e-44	8.65105e-11	1.78015e-43	-6.07674e-29	-1.38725e-44	-8.42883e-11	8.73348e-45	3.16183e-10	5.25856e-44	1.62831e-29	-3.95176e-45	-2.96736e-10	-2.34124e-45	1.11957e-09	1.49338e-44	-4.36511e-30	-1.11581e-45	-1.05446e-09	6.31481e-46	3.96290e-09	4.24674e-45	1.17732e-30	-3.01496e-46	-4.22023e-09	-1.84685e-46	1.46795e-08	1.25786e-45	-3.44160e-31	-9.88449e-47	-1.44280e-08	4.94882e-47	5.40455e-08	3.75001e-46	9.27988e-32	-2.81902e-47	-5.07651e-08	-1.32681e-47	1.91502e-07	1.06553e-46	-2.70351e-32	-7.95300e-48	-1.80684e-07	3.58438e-48	6.78301e-07	3.03282e-47	1.53417e-32	-2.11844e-48	-7.43408e-07	-1.06938e-48	2.54082e-06	9.08503e-48	-3.43317e-32	-7.22270e-49	-2.50927e-06	2.86555e-49	9.42452e-06	2.74335e-48	1.36840e-31	-2.06320e-49	-7.62257e-06	-7.68396e-50	3.17634e-05	7.80057e-49	-5.13028e-31	-5.81377e-50	5.45193e-05	2.08036e-50	-7.60160e-07	2.22313e-49	1.91527e-30	-1.51514e-50	-6.80570e-06	-6.37469e-51	-3.48797e-05	6.76686e-50	-7.14806e-30	-5.46830e-51	-2.96050e-06	1.70821e-51	-1.13144e-05	2.08032e-50	3.12345e-29	-1.56550e-51	-8.53355e-07	-4.58161e-52	-3.22842e-06	5.92125e-51	-1.17790e-28	-4.40353e-52	-2.40120e-07	1.24431e-52	-9.21938e-07	1.69071e-51	4.39926e-28	-1.10662e-52	-6.03441e-08	-3.95647e-53	-2.87424e-07	5.27094e-52	-1.64191e-27	-4.36329e-53	-2.37930e-08	1.06024e-53	-9.07270e-08	1.66380e-52	7.57788e-27	-1.25308e-53	-6.83304e-09	-2.84474e-54	-2.58624e-08	4.74278e-53	-2.86696e-26	-3.51354e-54	-1.91593e-09	7.76601e-55	-7.40884e-09	1.35867e-53	1.07101e-25	-8.17777e-55	-4.45934e-10	-2.61665e-55	-2.41066e-09	4.42079e-54	-3.99733e-25	-3.81556e-55	-2.08063e-10	7.01161e-56	-7.96365e-10	1.46042e-54	2.03646e-24	-1.10229e-55	-6.01078e-11	-1.87996e-56	-2.27418e-10	4.17051e-55	-7.74613e-24	-3.10215e-56	-1.69160e-11	5.08243e-57	-6.49450e-11	1.19099e-55	2.89480e-23	-7.87884e-57	-4.29633e-12	-1.53011e-57	-2.01840e-11	3.70145e-56	-1.08046e-22	-2.85595e-57	-1.55735e-12	4.09851e-58	-6.20477e-12	1.13786e-56	4.61270e-22	-8.28633e-58	-4.51854e-13	-1.09296e-58	-1.74251e-12	3.19551e-57	-1.73703e-21	-2.68791e-58	-1.46572e-13	2.73316e-59	-4.16371e-13	7.63562e-58	6.48687e-21	-2.61058e-61	-1.42355e-16	-3.08015e-62	-2.60802e-19	4.73605e-64	-2.42104e-20
9.21497e-22	-8.99535e-38	-1.79597e-20	2.19584e-39	2.27348e-23	-7.96513e-40	-1.32767e-22	1.29576e-38	8.60936e-18	5.39384e-38	5.52658e-22	2.13429e-40	-4.33831e-23	4.23413e-39	-3.44195e-17	1.60661e-38	1.64614e-22	-5.72044e-41	-1.23481e-23	1.20516e-39	1.29069e-16	4.57320e-39	4.68572e-23	1.53885e-41	-3.40714e-24	3.32533e-40	-4.81855e-16	1.33088e-39	1.36362e-23	-4.34947e-42	-1.05198e-24	1.02672e-40	1.90556e-15	3.88794e-40	3.98360e-24	1.16546e-42	-2.99245e-25	2.92059e-41	-7.14037e-15	1.10343e-40	1.13058e-24	-3.12387e-43	-8.45817e-26	8.25507e-42	2.66559e-14	3.13428e-41	3.21139e-25	8.40848e-44	-2.32265e-26	2.26688e-42	-9.94834e-14	9.15670e-42	9.38199e-26	-2.39517e-44	-7.26824e-27	7.09371e-43	3.96943e-13	2.68736e-42	2.75348e-26	6.41803e-45	-2.06874e-27	2.01906e-43	-1.48829e-12	7.62899e-43	7.81669e-27	-1.72037e-45	-5.84478e-28	5.70443e-44	5.55621e-12	2.16803e-43	2.22137e-27	4.63452e-46	-1.59458e-28	1.55629e-44	-2.07366e-11	6.36996e-44	6.52668e-28	-1.33436e-46	-5.08616e-29	4.96402e-45	8.37881e-11	1.88169e-44	1.92798e-28	3.57553e-47	-1.44886e-29	1.41407e-45	-3.14416e-10	5.34380e-45	5.47528e-29	-9.58512e-48	-4.09097e-30	3.99273e-46	1.17387e-09	1.51962e-45	1.55701e-29	2.58513e-48	-1.10539e-30	1.07885e-46	-4.38108e-09	4.50103e-46	4.61177e-30	-7.55395e-49	-3.62402e-31	3.53699e-47	1.80229e-08	1.34188e-46	1.37489e-30	2.02416e-49	-1.03356e-31	1.00874e-47	-6.77105e-08	3.81280e-47	3.90661e-31	-5.42689e-50	-2.91586e-32	2.84584e-48	2.52819e-07	1.08524e-47	1.11194e-31	1.46597e-50	-7.76697e-33	7.58046e-49	-9.43566e-07	3.25092e-48	3.33091e-32	-4.36997e-51	-2.64811e-33	2.58452e-49	3.98110e-06	9.81660e-49	1.00581e-32	1.17099e-51	-7.56444e-34	7.38279e-50	-1.49808e-05	2.79130e-49	2.85998e-33	-3.14000e-52	-2.13154e-34	2.08036e-50	5.59423e-05	7.95509e-50	8.15081e-34	8.50069e-53	-5.55508e-35	5.42168e-51	-1.71420e-05	2.42140e-50	2.48098e-34	-2.60279e-53	-2.00488e-35	1.95674e-51	4.59350e-06	7.44407e-51	7.62722e-35	6.97463e-54	-5.73969e-36	5.60187e-52	-1.23203e-06	2.11882e-51	2.17095e-35	-1.87066e-54	-1.61447e-36	1.57573e-52	3.34605e-07	6.04991e-52	6.19886e-36	5.08022e-55	-4.05612e-37	3.95986e-53	-1.06392e-07	1.88611e-52	1.93290e-36	-1.61425e-55	-1.59584e-37	1.56133e-53	2.85105e-08	5.95361e-53	6.11460e-37	4.32580e-56	-4.45730e-38	4.48392e-54	-7.64970e-09	1.69712e-53	1.79048e-37	-1.16066e-56	-7.95505e-39	1.25726e-54	2.08833e-09	4.86177e-54	6.81730e-38	3.16840e-57	2.09415e-38	2.92628e-55	-7.03634e-10	1.58190e-54	9.00994e-38	-1.06700e-57	7.83241e-38	1.36533e-55	1.88547e-10	5.22584e-55	2.99220e-37	2.85915e-58	2.78117e-37	3.94435e-56	-5.05535e-11	1.49234e-55	1.05072e-36	-7.66600e-59	9.93062e-37	1.11005e-56	1.36670e-11	4.26177e-56	3.72236e-36	2.07246e-59	4.25207e-36	2.81931e-57	-4.11456e-12	1.32450e-56	1.41742e-35	-6.23832e-60	1.40523e-35	1.02195e-57	1.10212e-12	4.07164e-57	5.47852e-35	1.67098e-60	4.88849e-35	2.96512e-58	-2.93903e-13	1.14346e-57	1.94385e-34	-4.45594e-61	1.49227e-34	9.61822e-59	7.34966e-14	2.73227e-58	6.52758e-34	1.11398e-61	-1.05598e-33	9.34150e-62	-8.28275e-17	1.70364e-64	-2.00757e-39	2.10271e-67
9.61794e-37	-4.32801e-19	-7.41830e-37	9.28303e-21	2.27366e-38	-1.38706e-21	-1.38461e-37	-8.08869e-17	1.98777e-37	2.19237e-16	5.76391e-37	3.71670e-22	-4.52470e-38	-2.49698e-16	-5.32775e-38	9.16951e-16	1.71686e-37	-9.96170e-23	-1.28787e-38	-8.74044e-16	1.43330e-38	3.28343e-15	4.88706e-38	2.67978e-23	-3.55354e-39	-3.33377e-15	-4.05473e-39	1.19506e-14	1.42221e-38	-7.57426e-24	-1.09718e-39	-1.15209e-14	1.08649e-39	4.32912e-14	4.15476e-39	2.02956e-24	-3.12103e-40	-4.05863e-14	-2.91220e-40	1.53163e-13	1.17915e-39	-5.43998e-25	-8.82160e-41	-1.43931e-13	7.83925e-41	5.41690e-13	3.34938e-40	1.46427e-25	-2.42245e-41	-5.55639e-13	-2.23500e-41	1.97808e-12	9.78511e-41	-4.17101e-26	-7.58054e-42	-1.91526e-12	5.98882e-42	7.19179e-12	2.87179e-41	1.11765e-26	-2.15763e-42	-6.74531e-12	-1.60533e-42	2.54529e-11	8.15256e-42	-2.99589e-27	-6.09592e-43	-2.39412e-11	4.32490e-43	9.00506e-11	2.31682e-42	8.07064e-28	-1.66310e-43	-9.38395e-11	-1.24631e-43	3.30808e-10	6.80712e-43	-2.32369e-28	-5.30470e-44	-3.22310e-10	3.33960e-44	1.20905e-09	2.01082e-43	6.22651e-29	-1.51112e-44	-1.13469e-09	-8.95267e-45	4.28113e-09	5.71054e-44	-1.66917e-29	-4.26675e-45	-4.03213e-09	2.41472e-45	1.51537e-08	1.62391e-44	4.50164e-30	-1.15289e-45	-1.61378e-08	-7.06216e-46	5.61329e-08	4.80992e-45	-1.31490e-30	-3.77973e-46	-5.51712e-08	1.89238e-46	2.06665e-07	1.43397e-45	3.50176e-31	-1.07797e-46	-1.94121e-07	-5.07361e-47	7.32284e-07	4.07446e-46	-8.58059e-32	-3.04115e-47	-6.90928e-07	1.37063e-47	2.59377e-06	1.15972e-46	-6.95188e-33	-8.10070e-48	-2.84330e-06	-4.08921e-48	9.71667e-06	3.47403e-47	1.13613e-31	-2.76189e-48	-9.64008e-06	1.09576e-48	3.61003e-05	1.04903e-47	-5.08868e-31	-7.88946e-49	-3.22167e-05	-2.93827e-49	1.25715e-04	2.98286e-48	1.92186e-30	-2.22313e-49	-7.60160e-07	7.95509e-50	2.87301e-04	8.50103e-49	-7.17856e-30	-5.79377e-50	2.89481e-05	-2.43762e-50	1.35506e-04	2.58758e-49	2.67924e-29	-2.09103e-50	1.11471e-05	6.53203e-51	4.24787e-05	7.95495e-50	-1.17074e-28	-5.98632e-51	3.19930e-06	-1.75196e-51	1.21019e-05	2.26423e-50	4.41503e-28	-1.68387e-51	9.00034e-07	4.75813e-52	3.45564e-06	6.46511e-51	-1.64894e-27	-4.23162e-52	2.26183e-07	-1.51292e-52	1.07733e-06	2.01556e-51	6.15425e-27	-1.66848e-52	8.91815e-08	4.05424e-53	3.40065e-07	6.36220e-52	-2.84035e-26	-4.79165e-53	2.56117e-08	-1.08780e-53	9.69379e-08	1.81359e-52	1.07460e-25	-1.34354e-53	7.18133e-09	2.96965e-54	2.77699e-08	5.19543e-53	-4.01436e-25	-3.12710e-54	1.67146e-09	-1.00058e-54	9.03567e-09	1.69047e-53	1.49828e-24	-1.45903e-54	7.79865e-10	2.68117e-55	2.98495e-09	5.58449e-54	-7.63311e-24	-4.21504e-55	2.25297e-10	-7.18879e-56	8.52412e-10	1.59476e-54	2.90342e-23	-1.18623e-55	6.34050e-11	1.94347e-56	2.43428e-10	4.55425e-55	-1.08504e-22	-3.01279e-56	1.61036e-11	-5.85098e-57	7.56542e-11	1.41540e-55	4.04980e-22	-1.09209e-56	5.83728e-12	1.56723e-57	2.32568e-11	4.35107e-56	-1.72894e-21	-3.16861e-57	1.69365e-12	-4.17936e-58	6.53131e-12	1.22193e-56	6.51078e-21	-1.02783e-57	5.49383e-13	1.04513e-58	1.56065e-12	2.91979e-57	-2.43142e-20	-9.98260e-61	5.33577e-16	-1.17782e-61	9.77542e-19	1.81102e-63	9.07460e-20
4.31672e-19	-9.66471e-37	-7.60081e-21	1.62514e-38	9.28326e-21	-2.75854e-37	8.08871e-17	1.38393e-37	2.03667e-21	5.76296e-37	2.19237e-16	7.39165e-38	2.49698e-16	4.52460e-38	-5.45883e-22	1.71685e-37	9.16951e-16	-1.98115e-38	8.74044e-16	1.28787e-38	1.46857e-22	4.88705e-38	3.28343e-15	5.32946e-39	3.33377e-15	3.55354e-39	-4.15449e-23	1.42221e-38	1.19506e-14	-1.50634e-39	1.15209e-14	1.09718e-39	1.11322e-23	4.15476e-39	4.32912e-14	4.03633e-40	4.05863e-14	3.12103e-40	-2.98385e-24	1.17915e-39	1.53163e-13	-1.08188e-40	1.43931e-13	8.82160e-41	8.03213e-25	3.34938e-40	5.41690e-13	2.91209e-41	5.55639e-13	2.42245e-41	-2.28999e-25	9.78511e-41	1.97808e-12	-8.29515e-42	1.91526e-12	7.58054e-42	6.13617e-26	2.87179e-41	7.19179e-12	2.22274e-42	6.74531e-12	2.15763e-42	-1.64482e-26	8.15256e-42	2.54529e-11	-5.95812e-43	2.39412e-11	6.09592e-43	4.43131e-27	2.31682e-42	9.00506e-11	1.60506e-43	9.38395e-11	1.66310e-43	-1.27698e-27	6.80712e-43	3.30808e-10	-4.62127e-44	3.22310e-10	5.30470e-44	3.42176e-28	2.01082e-43	1.20905e-09	1.23831e-44	1.13469e-09	1.51112e-44	-9.17294e-29	5.71054e-44	4.28113e-09	-3.31959e-45	4.03213e-09	4.26675e-45	2.47413e-29	1.62391e-44	1.51537e-08	8.95301e-46	1.61378e-08	1.15289e-45	-7.23591e-30	4.80992e-45	5.61329e-08	-2.61614e-46	5.51712e-08	3.77973e-46	1.93894e-30	1.43397e-45	2.06665e-07	7.01022e-47	1.94121e-07	1.07797e-46	-5.19843e-31	4.07446e-46	7.32284e-07	-1.87948e-47	6.90928e-07	3.04115e-47	1.40435e-31	1.15972e-46	2.59377e-06	5.07707e-48	2.84330e-06	8.10070e-48	-4.18981e-32	3.47403e-47	9.71667e-06	-1.51344e-48	9.64008e-06	2.76189e-48	1.12272e-32	1.04903e-47	3.61003e-05	4.05547e-49	3.22167e-05	7.88946e-49	-3.01056e-33	2.98286e-48	1.25715e-04	-1.08747e-49	7.60160e-07	2.22313e-49	8.15081e-34	8.50103e-49	2.87301e-04	2.94403e-50	-2.89481e-05	5.79377e-50	-2.49759e-34	2.58758e-49	1.35506e-04	-9.01417e-51	-1.11471e-05	2.09103e-50	6.69275e-35	7.95495e-50	4.24787e-05	2.41551e-51	-3.19930e-06	5.98632e-51	-1.79506e-35	2.26423e-50	1.21019e-05	-6.47863e-52	-9.00034e-07	1.68387e-51	4.87511e-36	6.46511e-51	3.45564e-06	1.75942e-52	-2.26183e-07	4.23162e-52	-1.54978e-36	2.01556e-51	1.07733e-06	-5.59061e-53	-8.91815e-08	1.66848e-52	4.13756e-37	6.36220e-52	3.40065e-07	1.49815e-53	-2.56117e-08	4.79165e-53	-1.05239e-37	1.81359e-52	9.69379e-08	-4.01969e-54	-7.18133e-09	1.34354e-53	7.20022e-39	5.19543e-53	2.77699e-08	1.09731e-54	-1.67146e-09	3.12710e-54	7.64381e-38	1.69047e-53	9.03567e-09	-3.69532e-55	-7.79865e-10	1.45903e-54	-4.39322e-37	5.58449e-54	2.98495e-09	9.90204e-56	-2.25297e-10	4.21504e-55	1.68085e-36	1.59476e-54	8.52412e-10	-2.65495e-56	-6.34050e-11	1.18623e-55	-6.28408e-36	4.55425e-55	2.43428e-10	7.17750e-57	-1.61036e-11	3.01279e-56	2.34555e-35	1.41540e-55	7.56542e-11	-2.16050e-57	-5.83728e-12	1.09209e-56	-1.00157e-34	4.35107e-56	2.32568e-11	5.78706e-58	-1.69365e-12	3.16861e-57	3.77174e-34	1.22193e-56	6.53131e-12	-1.54322e-58	-5.49383e-13	1.02783e-57	-1.40854e-33	2.91979e-57	1.56065e-12	3.85818e-59	-5.33577e-16	9.98260e-61	5.25698e-33	1.55981e-63	9.68003e-19	-5.25957e-63
3.31752e-38	-1.70366e-22	-7.92709e-40	-4.01138e-26	9.71992e-40	-2.09597e-22	-4.79706e-39	2.40687e-23	2.12410e-40	1.00311e-22	1.99639e-38	3.48713e-19	-1.56700e-39	7.87848e-24	-5.69315e-41	2.98958e-23	5.94578e-39	-1.39464e-18	-4.46007e-40	2.24262e-24	1.53161e-41	8.51007e-24	1.69246e-39	5.22985e-18	-1.23064e-40	6.18796e-25	-4.33283e-42	2.47657e-24	4.92532e-40	-1.95248e-17	-3.79970e-41	1.91058e-25	1.16101e-42	7.23490e-25	1.43885e-40	7.71359e-17	-1.08086e-41	5.43481e-26	-3.11194e-43	2.05332e-25	4.08358e-41	-2.89019e-16	-3.05504e-42	1.53615e-26	8.37692e-44	5.83245e-26	1.15994e-41	1.07894e-15	-8.38930e-43	4.21834e-27	-2.38829e-44	1.70393e-26	3.38872e-42	-4.02674e-15	-2.62525e-43	1.32004e-27	6.39957e-45	5.00080e-27	9.94542e-43	1.60505e-14	-7.47217e-44	3.75719e-28	-1.71543e-45	1.41965e-27	2.82334e-43	-6.01752e-14	-2.11110e-44	1.06151e-28	4.62153e-46	4.03439e-28	8.02346e-44	2.24650e-13	-5.75954e-45	2.89604e-29	-1.33179e-46	1.18536e-28	2.35740e-44	-8.38426e-13	-1.83709e-45	9.23735e-30	3.56865e-47	3.50155e-29	6.96376e-45	3.38420e-12	-5.23321e-46	2.63140e-30	-9.56670e-48	9.94399e-30	1.97764e-45	-1.26984e-11	-1.47763e-46	7.43054e-31	2.58034e-48	2.82756e-30	5.62383e-46	4.74093e-11	-3.99262e-47	2.01014e-31	-7.54652e-49	8.36690e-31	1.66574e-46	-1.76939e-10	-1.30897e-47	6.66900e-32	2.02217e-49	2.46439e-31	4.96603e-47	7.27107e-10	-3.73315e-48	2.18380e-32	-5.42158e-50	5.93816e-32	1.41104e-47	-2.73149e-09	-1.05319e-48	1.62115e-32	1.46464e-50	-2.07834e-32	4.01628e-48	1.01988e-08	-2.80539e-49	4.63363e-32	-4.36967e-51	-1.47468e-31	1.20310e-48	-3.80639e-08	-9.56481e-50	1.53190e-31	1.17091e-51	-5.69074e-31	3.63294e-49	1.60424e-07	-2.73223e-50	5.37032e-31	-3.13980e-52	-2.02432e-30	1.03301e-49	-6.03631e-07	-7.69901e-51	1.91527e-30	8.50069e-53	-7.17856e-30	2.94403e-50	2.25410e-06	-2.00646e-51	8.18053e-30	-2.60480e-53	-2.73098e-29	8.96115e-51	-6.90172e-07	-7.24151e-52	2.76194e-29	6.98004e-54	-1.02969e-28	2.75491e-51	1.84944e-07	-2.07315e-52	9.69999e-29	-1.87212e-54	-3.65700e-28	7.84134e-52	-4.96037e-08	-5.83147e-53	3.47131e-28	5.08447e-55	-1.29825e-27	2.23896e-52	1.34710e-08	-1.46547e-53	1.55988e-27	-1.61668e-55	-5.04680e-27	6.98015e-53	-4.28046e-09	-5.77818e-54	5.22773e-27	4.33230e-56	-1.94098e-26	2.20332e-53	1.14706e-09	-1.65941e-54	1.83313e-26	-1.16241e-56	-6.90747e-26	6.28072e-54	-3.07768e-10	-4.65287e-55	6.59504e-26	3.17332e-57	-2.45753e-25	1.79925e-54	8.40154e-11	-1.08296e-55	3.20455e-25	-1.06921e-57	-9.89097e-25	5.85432e-55	-2.82933e-11	-5.05284e-56	1.06716e-24	2.86506e-58	-3.93365e-24	1.93399e-55	7.58152e-12	-1.45973e-56	3.72825e-24	-7.68184e-59	-1.40444e-23	5.52288e-56	-2.03277e-12	-4.10809e-57	1.32945e-23	2.07677e-59	-4.98211e-23	1.57720e-56	5.49546e-13	-1.04337e-57	5.69186e-23	-6.25228e-60	-1.89732e-22	4.90173e-57	-1.65419e-13	-3.78205e-58	1.88147e-22	1.67472e-60	-7.33412e-22	1.50684e-57	4.43088e-14	-1.09734e-58	6.57410e-22	-4.46600e-61	-2.60644e-21	4.23172e-58	-1.18157e-14	-3.55952e-59	2.20509e-21	1.11682e-61	-9.03991e-21	1.01116e-58	2.95403e-15	-3.45711e-62	1.48128e-23	-1.25860e-64	-2.06006e-20	6.27181e-65	-4.15699e-19
-2.94200e-20	6.58685e-38	5.18023e-22	-1.10759e-39	-6.32688e-22	1.88005e-38	-5.51275e-18	-9.43198e-39	-1.38807e-22	-3.92767e-38	-1.49418e-17	-5.03768e-39	-1.70178e-17	-3.08368e-39	3.72039e-23	-1.17010e-38	-6.24936e-17	1.35023e-39	-5.95693e-17	-8.77728e-40	-1.00088e-23	-3.33071e-39	-2.23778e-16	-3.63222e-40	-2.27208e-16	-2.42187e-40	2.83144e-24	-9.69290e-40	-8.14479e-16	1.02663e-40	-7.85193e-16	-7.47771e-41	-7.58700e-25	-2.83162e-40	-2.95046e-15	-2.75091e-41	-2.76610e-15	-2.12710e-41	2.03361e-25	-8.03637e-41	-1.04386e-14	7.37344e-42	-9.80946e-15	-6.01225e-42	-5.47419e-26	-2.28273e-41	-3.69182e-14	-1.98470e-42	-3.78688e-14	-1.65099e-42	1.56071e-26	-6.66892e-42	-1.34813e-13	5.65345e-43	-1.30532e-13	-5.16642e-43	-4.18203e-27	-1.95723e-42	-4.90147e-13	-1.51488e-43	-4.59717e-13	-1.47050e-43	1.12101e-27	-5.55627e-43	-1.73471e-12	4.06068e-44	-1.63168e-12	-4.15460e-44	-3.02010e-28	-1.57900e-43	-6.13728e-12	-1.09391e-44	-6.39551e-12	-1.13346e-44	8.70306e-29	-4.63930e-44	-2.25458e-11	3.14956e-45	-2.19666e-11	-3.61535e-45	-2.33206e-29	-1.37045e-44	-8.24015e-11	-8.43951e-46	-7.73332e-11	-1.02988e-45	6.25170e-30	-3.89194e-45	-2.91775e-10	2.26242e-46	-2.74805e-10	-2.90795e-46	-1.68621e-30	-1.10676e-45	-1.03278e-09	-6.10181e-47	-1.09985e-09	-7.85737e-47	4.93154e-31	-3.27814e-46	-3.82566e-09	1.78300e-47	-3.76012e-09	-2.57603e-47	-1.32146e-31	-9.77302e-47	-1.40850e-08	-4.77773e-48	-1.32301e-08	-7.34673e-48	3.54292e-32	-2.77690e-47	-4.99078e-08	1.28094e-48	-4.70896e-08	-2.07266e-48	-9.57119e-33	-7.90393e-48	-1.76775e-07	-3.46021e-49	-1.93800e-07	-5.52093e-49	2.85551e-33	-2.36768e-48	-6.62253e-07	1.03147e-49	-6.58456e-07	-1.88233e-49	-7.65173e-34	-7.14952e-49	-2.46237e-06	-2.76395e-50	-2.29474e-06	-5.37696e-50	2.05181e-34	-2.03293e-49	-8.70531e-06	7.41150e-51	-6.80570e-06	-1.51514e-50	-5.55508e-35	-5.79377e-50	-2.89481e-05	-2.00646e-51	6.39966e-05	-3.94866e-51	1.70220e-35	-1.76353e-50	1.98988e-05	6.14349e-52	-1.12800e-05	-1.42511e-51	-4.56136e-36	-5.42159e-51	4.64334e-05	-1.64626e-52	-3.62490e-06	-4.07990e-52	1.22343e-36	-1.54315e-51	1.37617e-05	4.41542e-53	-1.02533e-06	-1.14762e-52	-3.32371e-37	-4.40621e-52	3.93745e-06	-1.19911e-53	-2.57742e-07	-2.88400e-53	1.06053e-37	-1.37367e-52	1.22767e-06	3.81021e-54	-1.01627e-07	-1.13713e-53	-3.01836e-38	-4.33608e-53	3.87521e-07	-1.02104e-54	-2.91859e-08	-3.26568e-54	1.46814e-38	-1.23603e-53	1.10466e-07	2.73957e-55	-8.18351e-09	-9.15673e-55	-2.85420e-38	-3.54087e-54	3.16453e-08	-7.47854e-56	-1.90472e-09	-2.13123e-55	9.94866e-38	-1.15212e-54	1.02966e-08	2.51850e-56	-8.88697e-10	-9.94386e-56	-5.03948e-37	-3.80603e-55	3.40151e-09	-6.74861e-57	-2.56738e-10	-2.87271e-56	1.91631e-36	-1.08689e-55	9.71368e-10	1.80944e-57	-7.22533e-11	-8.08461e-57	-7.16128e-36	-3.10389e-56	2.77399e-10	-4.89173e-58	-1.83509e-11	-2.05333e-57	2.67288e-35	-9.64647e-57	8.62120e-11	1.47246e-58	-6.65189e-12	-7.44297e-58	-1.14135e-34	-2.96542e-57	2.65024e-11	-3.94410e-59	-1.93000e-12	-2.15953e-58	4.29810e-34	-8.32791e-58	7.44277e-12	1.05176e-59	-6.26051e-13	-7.00504e-59	-1.60510e-33	-1.98994e-58	1.77844e-12	-2.62949e-60	-6.08040e-16	-6.80351e-62	5.99061e-33	-1.06306e-64	1.10309e-18	3.58459e-64
6.55498e-38	-2.94970e-20	-5.05584e-38	6.32672e-22	1.54958e-39	-9.45335e-23	-9.43665e-39	-5.51274e-18	1.35474e-38	1.49418e-17	3.92831e-38	2.53307e-23	-3.08375e-39	-1.70178e-17	-3.63106e-39	6.24936e-17	1.17011e-38	-6.78927e-24	-8.77729e-40	-5.95693e-17	9.76850e-40	2.23778e-16	3.33071e-39	1.82637e-24	-2.42187e-40	-2.27208e-16	-2.76345e-40	8.14479e-16	9.69290e-40	-5.16214e-25	-7.47771e-41	-7.85193e-16	7.40482e-41	2.95046e-15	2.83162e-40	1.38322e-25	-2.12710e-41	-2.76610e-15	-1.98477e-41	1.04386e-14	8.03637e-41	-3.70754e-26	-6.01225e-42	-9.80946e-15	5.34274e-42	3.69182e-14	2.28273e-41	9.97954e-27	-1.65099e-42	-3.78688e-14	-1.52323e-42	1.34813e-13	6.66892e-42	-2.84269e-27	-5.16642e-43	-1.30532e-13	4.08160e-43	4.90147e-13	1.95723e-42	7.61719e-28	-1.47050e-43	-4.59717e-13	-1.09409e-43	1.73471e-12	5.55627e-43	-2.04181e-28	-4.15460e-44	-1.63168e-12	2.94758e-44	6.13728e-12	1.57900e-43	5.50044e-29	-1.13346e-44	-6.39551e-12	-8.49408e-45	2.25458e-11	4.63930e-44	-1.58368e-29	-3.61535e-45	-2.19666e-11	2.27606e-45	8.24015e-11	1.37045e-44	4.24361e-30	-1.02988e-45	-7.73332e-11	-6.10158e-46	2.91775e-10	3.89194e-45	-1.13765e-30	-2.90795e-46	-2.74805e-10	1.64572e-46	1.03278e-09	1.10676e-45	3.06986e-31	-7.85737e-47	-1.09985e-09	-4.81312e-47	3.82566e-09	3.27814e-46	-9.02956e-32	-2.57603e-47	-3.76012e-09	1.28973e-47	1.40850e-08	9.77302e-47	2.66624e-32	-7.34673e-48	-1.32301e-08	-3.45785e-48	4.99078e-08	2.77690e-47	-1.63539e-32	-2.07266e-48	-4.70896e-08	9.34136e-49	1.76775e-07	7.90393e-48	3.87533e-32	-5.52093e-49	-1.93800e-07	-2.78694e-49	6.62253e-07	2.36768e-48	-1.38659e-31	-1.88233e-49	-6.58456e-07	7.46800e-50	2.46237e-06	7.14952e-49	5.82344e-31	-5.37696e-50	-2.29474e-06	-2.00254e-50	8.70531e-06	2.03293e-49	-2.19072e-30	-1.51514e-50	-6.80570e-06	5.42168e-51	2.89481e-05	5.79377e-50	8.18053e-30	-3.94866e-51	6.39966e-05	-1.66133e-51	-1.98988e-05	1.76353e-50	-3.05314e-29	-1.42511e-51	-1.12800e-05	4.45182e-52	-4.64334e-05	5.42159e-51	1.33412e-28	-4.07990e-52	-3.62490e-06	-1.19403e-52	-1.37617e-05	1.54315e-51	-5.03116e-28	-1.14762e-52	-1.02533e-06	3.24284e-53	-3.93745e-06	4.40621e-52	1.87905e-27	-2.88400e-53	-2.57742e-07	-1.03111e-53	-1.22767e-06	1.37367e-52	-7.01309e-27	-1.13713e-53	-1.01627e-07	2.76311e-54	-3.87521e-07	4.33608e-53	3.23673e-26	-3.26568e-54	-2.91859e-08	-7.41376e-55	-1.10466e-07	1.23603e-53	-1.22456e-25	-9.15673e-55	-8.18351e-09	2.02392e-55	-3.16453e-08	3.54087e-54	4.57458e-25	-2.13123e-55	-1.90472e-09	-6.81932e-56	-1.02966e-08	1.15212e-54	-1.70737e-24	-9.94386e-56	-8.88697e-10	1.82732e-56	-3.40151e-09	3.80603e-55	8.69833e-24	-2.87271e-56	-2.56738e-10	-4.89943e-57	-9.71368e-10	1.08689e-55	-3.30860e-23	-8.08461e-57	-7.22533e-11	1.32455e-57	-2.77399e-10	3.10389e-56	1.23646e-22	-2.05333e-57	-1.83509e-11	-3.98766e-58	-8.62120e-11	9.64647e-57	-4.61496e-22	-7.44297e-58	-6.65189e-12	1.06812e-58	-2.65024e-11	2.96542e-57	1.97022e-21	-2.15953e-58	-1.93000e-12	-2.84839e-59	-7.44277e-12	8.32791e-58	-7.41938e-21	-7.00504e-59	-6.26051e-13	7.12297e-60	-1.77844e-12	1.98994e-58	2.77073e-20	-6.80351e-62	-6.08040e-16	-8.02728e-63	-1.11396e-18	1.23428e-64	-1.03410e-19
-2.82367e-22	2.75638e-38	5.50324e-21	-6.72854e-40	-6.96645e-24	2.44069e-40	4.06828e-23	-3.97051e-39	-2.63810e-18	-1.65279e-38	-1.69347e-22	-6.53996e-41	1.32936e-23	-1.29743e-39	1.05469e-17	-4.92301e-39	-5.04413e-23	1.75287e-41	3.78374e-24	-3.69288e-40	-3.95495e-17	-1.40133e-39	-1.43581e-23	-4.71538e-42	1.04402e-24	-1.01895e-40	1.47651e-16	-4.07811e-40	-4.17844e-24	1.33278e-42	3.22351e-25	-3.14610e-41	-5.83906e-16	-1.19135e-40	-1.22066e-24	-3.57125e-43	9.16954e-26	-8.94935e-42	2.18797e-15	-3.38115e-41	-3.46434e-25	9.57225e-44	2.59177e-26	-2.52954e-42	-8.16798e-15	-9.60414e-42	-9.84043e-26	-2.57655e-44	7.11714e-27	-6.94624e-43	3.04839e-14	-2.80582e-42	-2.87485e-26	7.33935e-45	2.22715e-27	-2.17367e-43	-1.21632e-13	-8.23469e-43	-8.43729e-27	-1.96663e-45	6.33908e-28	-6.18686e-44	4.56045e-13	-2.33769e-43	-2.39521e-27	5.27160e-46	1.79097e-28	-1.74797e-44	-1.70255e-12	-6.64333e-44	-6.80678e-28	-1.42012e-46	4.88616e-29	-4.76883e-45	6.35415e-12	-1.95190e-44	-1.99992e-28	4.08879e-47	1.55851e-29	-1.52109e-45	-2.56745e-11	-5.76591e-45	-5.90777e-29	-1.09562e-47	4.43964e-30	-4.33303e-46	9.63440e-11	-1.63746e-45	-1.67775e-29	2.93710e-48	1.25356e-30	-1.22346e-46	-3.59702e-10	-4.65646e-46	-4.77103e-30	-7.92141e-49	3.38718e-31	-3.30584e-47	1.34246e-09	-1.37922e-46	-1.41315e-30	2.31470e-49	1.11048e-31	-1.08381e-47	-5.52262e-09	-4.11181e-47	-4.21298e-31	-6.20248e-50	3.16705e-32	-3.09100e-48	2.07480e-08	-1.16833e-47	-1.19707e-31	1.66292e-50	8.93485e-33	-8.72030e-49	-7.74695e-08	-3.32543e-48	-3.40724e-32	-4.49207e-51	2.37997e-33	-2.32282e-49	2.89130e-07	-9.96155e-49	-1.02066e-32	1.33906e-51	8.11439e-34	-7.91955e-50	-1.21990e-06	-3.00803e-49	-3.08204e-33	-3.58818e-52	2.31791e-34	-2.26225e-50	4.59047e-06	-8.55317e-50	-8.76361e-34	9.62166e-53	6.53153e-35	-6.37469e-51	-1.71420e-05	-2.43762e-50	-2.49759e-34	-2.60480e-53	1.70220e-35	-1.66133e-51	6.39774e-05	-7.41973e-51	-7.60228e-35	7.97552e-54	6.14340e-36	-5.99588e-52	-1.71439e-05	-2.28103e-51	-2.33716e-35	-2.13718e-54	1.75875e-36	-1.71654e-52	4.59818e-06	-6.49253e-52	-6.65237e-36	5.73213e-55	4.94621e-37	-4.82839e-53	-1.24881e-06	-1.85383e-52	-1.89980e-36	-1.55669e-55	1.23889e-37	-1.21339e-53	3.97078e-07	-5.77948e-53	-5.93574e-37	4.94644e-56	4.75621e-38	-4.78426e-54	-1.06407e-07	-1.82432e-53	-1.92332e-37	-1.32552e-56	8.96670e-39	-1.37397e-54	2.85503e-08	-5.20036e-54	-7.25423e-38	3.55653e-57	-1.44408e-38	-3.85252e-55	-7.79410e-09	-1.48976e-54	-8.37842e-38	-9.70870e-58	-8.84295e-38	-8.96677e-56	2.62611e-09	-4.84731e-55	-2.80744e-37	3.26953e-58	-2.97114e-37	-4.18369e-56	-7.03697e-10	-1.60132e-55	-1.09841e-36	-8.76109e-59	-1.03938e-36	-1.20864e-56	1.88676e-10	-4.57288e-56	-3.91628e-36	2.34903e-59	-3.70670e-36	-3.40145e-57	-5.10082e-11	-1.30590e-56	-1.38911e-35	-6.35048e-60	-1.58697e-35	-8.63899e-58	1.53564e-11	-4.05857e-57	-5.29005e-35	1.91156e-60	-5.24463e-35	-3.13149e-58	-4.11333e-12	-1.24764e-57	-2.04470e-34	-5.12025e-61	-1.82448e-34	-9.08580e-59	1.09691e-12	-3.50381e-58	-7.25486e-34	1.36540e-61	-5.56946e-34	-2.94724e-59	-2.74304e-13	-8.37230e-59	-2.43623e-33	-3.41350e-62	3.94114e-33	-2.86245e-62	3.09129e-16	-5.22035e-65	7.49266e-39	-6.44318e-68
2.92755e-37	-1.31738e-19	-2.25801e-37	2.82561e-21	6.92066e-39	-4.22201e-22	-4.21455e-38	-2.46207e-17	6.05046e-38	6.67324e-17	1.75444e-37	1.13131e-22	-1.37725e-38	-7.60041e-17	-1.62168e-38	2.79106e-16	5.22587e-38	-3.03219e-23	-3.92007e-39	-2.66045e-16	4.36276e-39	9.99424e-16	1.48754e-38	8.15684e-24	-1.08164e-39	-1.01475e-15	-1.23420e-39	3.63758e-15	4.32899e-39	-2.30549e-24	-3.33965e-40	-3.50679e-15	3.30710e-40	1.31772e-14	1.26465e-39	6.17768e-25	-9.49992e-41	-1.23538e-14	-8.86429e-41	4.66203e-14	3.58916e-40	-1.65584e-25	-2.68516e-41	-4.38105e-14	2.38615e-41	1.64882e-13	1.01950e-40	4.45701e-26	-7.37357e-42	-1.69128e-13	-6.80298e-42	6.02097e-13	2.97844e-41	-1.26959e-26	-2.30740e-42	-5.82975e-13	1.82290e-42	2.18907e-12	8.74129e-42	3.40195e-27	-6.56748e-43	-2.05317e-12	-4.88637e-43	7.74747e-12	2.48151e-42	-9.11902e-28	-1.85550e-43	-7.28733e-12	1.31643e-43	2.74100e-11	7.05203e-43	2.45658e-28	-5.06221e-44	-2.85633e-11	-3.79358e-44	1.00693e-10	2.07198e-43	-7.07294e-29	-1.61467e-44	-9.81062e-11	1.01652e-44	3.68017e-10	6.12063e-44	1.89525e-29	-4.59960e-45	-3.45381e-10	-2.72505e-45	1.30311e-09	1.73820e-44	-5.08054e-30	-1.29873e-45	-1.22732e-09	7.35004e-46	4.61256e-09	4.94293e-45	1.36970e-30	-3.50922e-46	-4.91208e-09	-2.14961e-46	1.70860e-08	1.46407e-45	-3.98262e-31	-1.15049e-46	-1.67932e-08	5.76011e-47	6.29055e-08	4.36477e-46	9.84834e-32	-3.28116e-47	-5.90874e-08	-1.54433e-47	2.22896e-07	1.24020e-46	4.32791e-33	-9.25678e-48	-2.10309e-07	4.17199e-48	7.89504e-07	3.53001e-47	-1.15795e-31	-2.46573e-48	-8.65552e-07	-1.24469e-48	2.95774e-06	1.05744e-47	4.58852e-31	-8.40676e-49	-2.94172e-06	3.33532e-49	1.09986e-05	3.19308e-48	-1.94302e-30	-2.40143e-49	-1.03144e-05	-8.94364e-50	3.89704e-05	9.07937e-49	7.31321e-30	-6.76686e-50	-3.48797e-05	2.42140e-50	1.35506e-04	2.58758e-49	-2.73098e-29	-1.76353e-50	-1.98988e-05	-7.41973e-51	3.35159e-04	7.87619e-50	1.01926e-28	-6.36475e-51	4.04993e-05	1.98825e-51	1.58956e-04	2.42136e-50	-4.45383e-28	-1.82214e-51	1.21431e-05	-5.33270e-52	4.60001e-05	6.89196e-51	1.67961e-27	-5.12543e-52	3.42358e-06	1.44830e-52	1.31457e-05	1.96788e-51	-6.27304e-27	-1.28804e-52	8.60458e-07	-4.60508e-53	4.09846e-06	6.13503e-52	2.34125e-26	-5.07859e-53	3.39272e-07	1.23405e-53	1.29370e-06	1.93656e-52	-1.08055e-25	-1.45850e-53	9.74343e-08	-3.31110e-54	3.68780e-07	5.52029e-53	4.08808e-25	-4.08953e-54	2.73199e-08	9.03914e-55	1.05645e-07	1.58141e-53	-1.52718e-24	-9.51841e-55	6.35871e-09	-3.04561e-55	3.43743e-08	5.14552e-54	5.69991e-24	-4.44107e-55	2.96683e-09	8.16106e-56	1.13556e-08	1.69983e-54	-2.90386e-23	-1.28299e-55	8.57095e-10	-2.18816e-56	3.24282e-09	4.85420e-55	1.10454e-22	-3.61071e-56	2.41211e-10	5.91563e-57	9.26070e-10	1.38624e-55	-4.12779e-22	-9.17047e-57	6.12627e-11	-1.78095e-57	2.87810e-10	4.30826e-56	1.54066e-21	-3.32414e-57	2.22067e-11	4.77040e-58	8.84756e-11	1.32440e-56	-6.57739e-21	-9.64476e-58	6.44312e-12	-1.27213e-58	2.48470e-11	3.71937e-57	2.47689e-20	-3.12856e-58	2.09001e-12	3.18122e-59	5.93715e-12	8.88737e-58	-9.24982e-20	-3.03855e-61	2.02988e-15	-3.58510e-62	3.71885e-18	5.51246e-64	3.45224e-19
1.31394e-19	-2.94179e-37	-2.31357e-21	4.94667e-39	2.82568e-21	-8.39658e-38	2.46208e-17	4.21246e-38	6.19932e-22	1.75415e-37	6.67322e-17	2.24990e-38	7.60041e-17	1.37722e-38	-1.66158e-22	5.22582e-38	2.79105e-16	-6.03031e-39	2.66045e-16	3.92006e-39	4.47010e-23	1.48754e-38	9.99424e-16	1.62220e-39	1.01475e-15	1.08164e-39	-1.26456e-23	4.32899e-39	3.63758e-15	-4.58507e-40	3.50679e-15	3.33965e-40	3.38847e-24	1.26465e-39	1.31772e-14	1.22859e-40	1.23538e-14	9.49992e-41	-9.08238e-25	3.58916e-40	4.66203e-14	-3.29309e-41	4.38105e-14	2.68516e-41	2.44485e-25	1.01950e-40	1.64882e-13	8.86394e-42	1.69128e-13	7.37357e-42	-6.97036e-26	2.97844e-41	6.02097e-13	-2.52492e-42	5.82975e-13	2.30740e-42	1.86775e-26	8.74129e-42	2.18907e-12	6.76568e-43	2.05317e-12	6.56748e-43	-5.00659e-27	2.48151e-42	7.74747e-12	-1.81356e-43	7.28733e-12	1.85550e-43	1.34882e-27	7.05203e-43	2.74100e-11	4.88556e-44	2.85633e-11	5.06221e-44	-3.88692e-28	2.07198e-43	1.00693e-10	-1.40664e-44	9.81062e-11	1.61467e-44	1.04153e-28	6.12063e-44	3.68017e-10	3.76921e-45	3.45381e-10	4.59960e-45	-2.79210e-29	1.73820e-44	1.30311e-09	-1.01043e-45	1.22732e-09	1.29873e-45	7.53087e-30	4.94293e-45	4.61256e-09	2.72516e-46	4.91208e-09	3.50922e-46	-2.20250e-30	1.46407e-45	1.70860e-08	-7.96312e-47	1.67932e-08	1.15049e-46	5.90183e-31	4.36477e-46	6.29055e-08	2.13380e-47	5.90874e-08	3.28116e-47	-1.58232e-31	1.24020e-46	2.22896e-07	-5.72085e-48	2.10309e-07	9.25678e-48	4.27463e-32	3.53001e-47	7.89504e-07	1.54538e-48	8.65552e-07	2.46573e-48	-1.27531e-32	1.05744e-47	2.95774e-06	-4.60668e-49	2.94172e-06	8.40676e-49	3.41738e-33	3.19308e-48	1.09986e-05	1.23442e-49	1.03144e-05	2.40143e-49	-9.16369e-34	9.07937e-49	3.89704e-05	-3.31008e-50	3.48797e-05	6.76686e-50	2.48098e-34	2.58758e-49	1.35506e-04	8.96115e-51	1.98988e-05	1.76353e-50	-7.60228e-35	7.87619e-50	3.35159e-04	-2.74377e-51	-4.04993e-05	6.36475e-51	2.03716e-35	2.42136e-50	1.58956e-04	7.35243e-52	-1.21431e-05	1.82214e-51	-5.46380e-36	6.89196e-51	4.60001e-05	-1.97199e-52	-3.42358e-06	5.12543e-52	1.48357e-36	1.96788e-51	1.31457e-05	5.35540e-53	-8.60458e-07	1.28804e-52	-4.70485e-37	6.13503e-52	4.09846e-06	-1.70169e-53	-3.39272e-07	5.07859e-53	1.20189e-37	1.93656e-52	1.29370e-06	4.56012e-54	-9.74343e-08	1.45850e-53	-1.02723e-38	5.52029e-53	3.68780e-07	-1.22353e-54	-2.73199e-08	4.08953e-54	-7.91003e-38	1.58141e-53	1.05645e-07	3.34003e-55	-6.35871e-09	9.51841e-55	3.26673e-37	5.14552e-54	3.43743e-08	-1.12480e-55	-2.96683e-09	4.44107e-55	-1.68092e-36	1.69983e-54	1.13556e-08	3.01403e-56	-8.57095e-10	1.28299e-55	6.39702e-36	4.85420e-55	3.24282e-09	-8.08125e-57	-2.41211e-10	3.61071e-56	-2.39071e-35	1.38624e-55	9.26070e-10	2.18472e-57	-6.12627e-11	9.17047e-57	8.92316e-35	4.30826e-56	2.87810e-10	-6.57623e-58	-2.22067e-11	3.32414e-57	-3.81028e-34	1.32440e-56	8.84756e-11	1.76149e-58	-6.44312e-12	9.64476e-58	1.43488e-33	3.71937e-57	2.48470e-11	-4.69732e-59	-2.09001e-12	3.12856e-58	-5.35849e-33	8.88737e-58	5.93715e-12	1.17437e-59	-2.02988e-15	3.03855e-61	1.99991e-32	4.74780e-64	3.68256e-18	-1.60093e-63
-1.01577e-38	5.21635e-23	2.42716e-40	1.22823e-26	-2.97610e-40	6.41756e-23	1.46879e-39	-7.36947e-24	-6.50368e-41	-3.07138e-23	-6.11266e-39	-1.06771e-19	4.79791e-40	-2.41227e-24	1.74316e-41	-9.15364e-24	-1.82051e-39	4.27019e-19	1.36561e-40	-6.86657e-25	-4.68956e-42	-2.60566e-24	-5.18205e-40	-1.60130e-18	3.76804e-41	-1.89466e-25	1.32665e-42	-7.58290e-25	-1.50806e-40	5.97820e-18	1.16341e-41	-5.84991e-26	-3.55483e-43	-2.21522e-25	-4.40555e-41	-2.36179e-17	3.30942e-42	-1.66406e-26	9.52829e-44	-6.28697e-26	-1.25033e-41	8.84932e-17	9.35409e-43	-4.70347e-27	-2.56489e-44	-1.78581e-26	-3.55156e-42	-3.30355e-16	2.56868e-43	-1.29159e-27	7.31258e-45	-5.21719e-27	-1.03758e-42	1.23293e-15	8.03811e-44	-4.04176e-28	-1.95945e-45	-1.53117e-27	-3.04514e-43	-4.91442e-15	2.28787e-44	-1.15040e-28	5.25239e-46	-4.34675e-28	-8.64466e-44	1.84247e-14	6.46388e-45	-3.25020e-29	-1.41504e-46	-1.23527e-28	-2.45666e-44	-6.87846e-14	1.76349e-45	-8.86724e-30	4.07775e-47	-3.62939e-29	-7.21801e-45	2.56714e-13	5.62490e-46	-2.82836e-30	-1.09267e-47	-1.07212e-29	-2.13220e-45	-1.03619e-12	1.60233e-46	-8.05758e-31	2.92918e-48	-3.04447e-30	-6.05524e-46	3.88805e-12	4.52430e-47	-2.27730e-31	-7.90061e-49	-8.64937e-31	-1.72193e-46	-1.45160e-11	1.22248e-47	-6.24209e-32	2.31063e-49	-2.53144e-31	-5.10026e-47	5.41760e-11	4.00788e-48	-2.34057e-32	-6.19158e-50	-6.42699e-32	-1.52052e-47	-2.22629e-10	1.14303e-48	-1.71936e-32	1.66001e-50	2.14543e-32	-4.32041e-48	8.36341e-10	3.22472e-49	-4.23616e-32	-4.48450e-51	1.46756e-31	-1.22972e-48	-3.12274e-09	8.58967e-50	-1.68104e-31	1.33793e-51	5.71108e-31	-3.68373e-49	1.16546e-08	2.92860e-50	-5.70088e-31	-3.58516e-52	2.13016e-30	-1.11235e-49	-4.91193e-08	8.36569e-51	-2.00384e-30	9.61359e-53	7.55697e-30	-3.16291e-50	1.84823e-07	2.35732e-51	-7.14806e-30	-2.60279e-53	2.67924e-29	-9.01417e-51	-6.90172e-07	6.14349e-52	-3.05314e-29	7.97552e-54	1.01926e-28	-2.74377e-51	2.57586e-06	2.21724e-52	-1.03081e-28	-2.13718e-54	3.84302e-28	-8.43512e-52	-6.90249e-07	6.34767e-53	-3.62024e-28	5.73216e-55	1.36487e-27	-2.40090e-52	1.85131e-07	1.78551e-53	-1.29557e-27	-1.55679e-55	4.84533e-27	-6.85535e-53	-5.02767e-08	4.48704e-54	-5.82180e-27	4.95004e-56	1.88357e-26	-2.13722e-53	1.59756e-08	1.76919e-54	-1.95110e-26	-1.32649e-56	7.24415e-26	-6.74624e-54	-4.28106e-09	5.08088e-55	-6.84163e-26	3.55912e-57	2.57801e-25	-1.92306e-54	1.14866e-09	1.42464e-55	-2.46140e-25	-9.71625e-58	9.17201e-25	-5.50903e-55	-3.13563e-10	3.31586e-56	-1.19600e-24	3.27375e-58	3.69152e-24	-1.79251e-55	1.05597e-10	1.54710e-56	-3.98287e-24	-8.77239e-59	1.46812e-23	-5.92158e-56	-2.82958e-11	4.46947e-57	-1.39146e-23	2.35207e-59	5.24164e-23	-1.69102e-56	7.58671e-12	1.25784e-57	-4.96179e-23	-6.35876e-60	1.85943e-22	-4.82915e-57	-2.05102e-12	3.19465e-58	-2.12432e-22	1.91435e-60	7.08121e-22	-1.50084e-57	6.17379e-13	1.15801e-58	-7.02205e-22	-5.12774e-61	2.73724e-21	-4.61371e-58	-1.65369e-13	3.35988e-59	-2.45359e-21	1.36742e-61	9.72779e-21	-1.29569e-58	4.40986e-14	1.08987e-59	-8.22986e-21	-3.41952e-62	3.37388e-20	-3.09603e-59	-1.10250e-14	1.05852e-62	-5.52844e-23	3.85366e-65	7.68858e-20	-1.92034e-65	1.55148e-18
-1.06180e-20	2.37726e-38	1.86960e-22	-3.99741e-40	-2.28343e-22	6.78528e-39	-1.98960e-18	-3.40409e-39	-5.00967e-23	-1.41753e-38	-5.39263e-18	-1.81815e-39	-6.14189e-18	-1.11293e-39	1.34273e-23	-4.22299e-39	-2.25545e-17	4.87309e-40	-2.14991e-17	-3.16781e-40	-3.61229e-24	-1.20208e-39	-8.07635e-17	-1.31090e-40	-8.20017e-17	-8.74075e-41	1.02189e-24	-3.49826e-40	-2.93953e-16	3.70520e-41	-2.83383e-16	-2.69877e-41	-2.73822e-25	-1.02196e-40	-1.06485e-15	-9.92828e-42	-9.98313e-16	-7.67689e-42	7.33948e-26	-2.90040e-41	-3.76739e-15	2.66114e-42	-3.54033e-15	-2.16988e-42	-1.97569e-26	-8.23858e-42	-1.33241e-14	-7.16296e-43	-1.36672e-14	-5.95859e-43	5.63275e-27	-2.40688e-42	-4.86555e-14	2.04039e-43	-4.71102e-14	-1.86461e-43	-1.50933e-27	-7.06384e-43	-1.76899e-13	-5.46735e-44	-1.65916e-13	-5.30718e-44	4.04583e-28	-2.00531e-43	-6.26074e-13	1.46554e-44	-5.88889e-13	-1.49943e-44	-1.08998e-28	-5.69875e-44	-2.21500e-12	-3.94802e-45	-2.30820e-12	-4.09077e-45	3.14102e-29	-1.67437e-44	-8.13698e-12	1.13671e-45	-7.92796e-12	-1.30481e-45	-8.41662e-30	-4.94608e-45	-2.97395e-11	-3.04590e-46	-2.79103e-11	-3.71694e-46	2.25630e-30	-1.40464e-45	-1.05304e-10	8.16530e-47	-9.91797e-11	-1.04951e-46	-6.08570e-31	-3.99439e-46	-3.72741e-10	-2.20220e-47	-3.96945e-10	-2.83580e-47	1.77984e-31	-1.18311e-46	-1.38072e-09	6.43500e-48	-1.35706e-09	-9.29712e-48	-4.76927e-32	-3.52717e-47	-5.08339e-09	-1.72433e-48	-4.77486e-09	-2.65151e-48	1.27868e-32	-1.00221e-47	-1.80122e-08	4.62302e-49	-1.69951e-08	-7.48041e-49	-3.45433e-33	-2.85260e-48	-6.37999e-08	-1.24882e-49	-6.99457e-08	-1.99255e-49	1.03058e-33	-8.54517e-49	-2.39015e-07	3.72266e-50	-2.37751e-07	-6.79351e-50	-2.76158e-34	-2.58033e-49	-8.88841e-07	-9.97537e-51	-8.35589e-07	-1.94060e-50	7.40518e-35	-7.33704e-50	-3.15209e-06	2.67488e-51	-2.96050e-06	-5.46830e-51	-2.00488e-35	-2.09103e-50	-1.11471e-05	-7.24151e-52	-1.12800e-05	-1.42511e-51	6.14341e-36	-6.36475e-51	-4.04993e-05	2.21724e-52	7.41954e-05	-5.14336e-52	-1.64626e-36	-1.95670e-51	1.03461e-06	-5.94150e-53	-1.05911e-05	-1.47247e-52	4.41636e-37	-5.56939e-52	4.41768e-05	1.59357e-53	-3.43746e-06	-4.14186e-53	-1.20284e-37	-1.59024e-52	1.32598e-05	-4.32770e-54	-8.69772e-07	-1.04086e-53	3.94977e-38	-4.95772e-53	4.14430e-06	1.37514e-54	-3.43111e-07	-4.10401e-54	-1.65402e-38	-1.56493e-53	1.30836e-06	-3.68503e-55	-9.85385e-08	-1.17862e-54	2.66630e-38	-4.46095e-54	3.72959e-07	9.88736e-56	-2.76295e-08	-3.30475e-55	-9.01117e-38	-1.27794e-54	1.06842e-07	-2.69908e-56	-6.43078e-09	-7.69183e-56	3.33784e-37	-4.15809e-55	3.47639e-08	9.08950e-57	-3.00045e-09	-3.58883e-56	-1.70089e-36	-1.37363e-55	1.14843e-08	-2.43564e-57	-8.66809e-10	-1.03679e-56	6.46976e-36	-3.92268e-56	3.27957e-09	6.53046e-58	-2.43945e-10	-2.91781e-57	-2.41782e-35	-1.12022e-56	9.36566e-10	-1.76547e-58	-6.19570e-11	-7.41066e-58	9.02429e-35	-3.48150e-57	2.91072e-10	5.31426e-59	-2.24584e-11	-2.68624e-58	-3.85346e-34	-1.07025e-57	8.94784e-11	-1.42346e-59	-6.51615e-12	-7.79394e-59	1.45114e-33	-3.00562e-58	2.51286e-11	3.79591e-60	-2.11370e-12	-2.52819e-59	-5.41922e-33	-7.18189e-59	6.00444e-12	-9.49009e-61	-2.05289e-15	-2.45545e-62	2.02257e-32	-3.83670e-65	3.72430e-18	1.29371e-64
2.36576e-38	-1.06457e-20	-1.82470e-38	2.28337e-22	5.59259e-40	-3.41180e-23	-3.40578e-39	-1.98960e-18	4.88938e-39	5.39265e-18	1.41777e-38	9.14209e-24	-1.11296e-39	-6.14189e-18	-1.31048e-39	2.25545e-17	4.22303e-39	-2.45031e-24	-3.16781e-40	-2.14991e-17	3.52554e-40	8.07635e-17	1.20208e-39	6.59154e-25	-8.74075e-41	-8.20017e-17	-9.97355e-41	2.93953e-16	3.49826e-40	-1.86306e-25	-2.69877e-41	-2.83383e-16	2.67247e-41	1.06485e-15	1.02196e-40	4.99218e-26	-7.67689e-42	-9.98313e-16	-7.16324e-42	3.76739e-15	2.90040e-41	-1.33809e-26	-2.16988e-42	-3.54033e-15	1.92825e-42	1.33241e-14	8.23858e-42	3.60171e-27	-5.95859e-43	-1.36672e-14	-5.49749e-43	4.86555e-14	2.40688e-42	-1.02596e-27	-1.86461e-43	-4.71102e-14	1.47309e-43	1.76899e-13	7.06384e-43	2.74912e-28	-5.30718e-44	-1.65916e-13	-3.94868e-44	6.26074e-13	2.00531e-43	-7.36908e-29	-1.49943e-44	-5.88889e-13	1.06381e-44	2.21500e-12	5.69875e-44	1.98516e-29	-4.09077e-45	-2.30820e-12	-3.06559e-45	8.13698e-12	1.67437e-44	-5.71565e-30	-1.30481e-45	-7.92796e-12	8.21451e-46	2.97395e-11	4.94608e-45	1.53160e-30	-3.71694e-46	-2.79103e-11	-2.20212e-46	1.05304e-10	1.40464e-45	-4.10727e-31	-1.04951e-46	-9.91797e-11	5.93957e-47	3.72741e-10	3.99439e-46	1.11313e-31	-2.83580e-47	-3.96945e-10	-1.73710e-47	1.38072e-09	1.18311e-46	-3.45248e-32	-9.29712e-48	-1.35706e-09	4.65474e-48	5.08339e-09	3.52717e-47	1.75795e-32	-2.65151e-48	-4.77486e-09	-1.24797e-48	1.80122e-08	1.00221e-47	-3.57934e-32	-7.48041e-49	-1.69951e-08	3.37139e-49	6.37999e-08	2.85260e-48	1.25594e-31	-1.99255e-49	-6.99457e-08	-1.00583e-49	2.39015e-07	8.54517e-49	-4.66583e-31	-6.79351e-50	-2.37751e-07	2.69527e-50	8.88841e-07	2.58033e-49	1.96572e-30	-1.94060e-50	-8.35589e-07	-7.22736e-51	3.15209e-06	7.33704e-50	-7.39628e-30	-5.46830e-51	-2.96050e-06	1.95674e-51	1.11471e-05	2.09103e-50	2.76194e-29	-1.42511e-51	-1.12800e-05	-5.99588e-52	4.04993e-05	6.36475e-51	-1.03081e-28	-5.14336e-52	7.41954e-05	1.60670e-52	-1.03461e-06	1.95670e-51	4.50431e-28	-1.47247e-52	-1.05911e-05	-4.30936e-53	-4.41768e-05	5.56939e-52	-1.69864e-27	-4.14186e-53	-3.43746e-06	1.17037e-53	-1.32598e-05	1.59024e-52	6.34413e-27	-1.04086e-53	-8.69772e-07	-3.72137e-54	-4.14430e-06	4.95772e-53	-2.36779e-26	-4.10401e-54	-3.43111e-07	9.97234e-55	-1.30836e-06	1.56493e-53	1.09280e-25	-1.17862e-54	-9.85385e-08	-2.67570e-55	-3.72959e-07	4.46095e-54	-4.13442e-25	-3.30475e-55	-2.76295e-08	7.30454e-56	-1.06842e-07	1.27794e-54	1.54449e-24	-7.69183e-56	-6.43078e-09	-2.46116e-56	-3.47639e-08	4.15809e-55	-5.76451e-24	-3.58883e-56	-3.00045e-09	6.59496e-57	-1.14843e-08	1.37363e-55	2.93677e-23	-1.03679e-56	-8.66809e-10	-1.76825e-57	-3.27957e-09	3.92268e-56	-1.11706e-22	-2.91781e-57	-2.43945e-10	4.78042e-58	-9.36566e-10	1.12022e-56	4.17457e-22	-7.41066e-58	-6.19570e-11	-1.43918e-58	-2.91072e-10	3.48150e-57	-1.55812e-21	-2.68624e-58	-2.24584e-11	3.85496e-59	-8.94784e-11	1.07025e-57	6.65193e-21	-7.79394e-59	-6.51615e-12	-1.02801e-59	-2.51286e-11	3.00562e-58	-2.50496e-20	-2.52819e-59	-2.11370e-12	2.57075e-60	-6.00444e-12	7.18189e-59	9.35465e-20	-2.45545e-62	-2.05289e-15	-2.89712e-63	-3.76100e-18	4.45462e-65	-3.49137e-19
7.56654e-23	-7.38621e-39	-1.47469e-21	1.80303e-40	1.86679e-24	-6.54028e-41	-1.09017e-23	1.06397e-39	7.06927e-19	4.42896e-39	4.53796e-23	1.75250e-41	-3.56225e-24	3.47671e-40	-2.82623e-18	1.31921e-39	1.35167e-23	-4.69714e-42	-1.01392e-24	9.89574e-41	1.05980e-17	3.75512e-40	3.84751e-24	1.26357e-42	-2.79765e-25	2.73047e-41	-3.95658e-17	1.09280e-40	1.11969e-24	-3.57141e-43	-8.63797e-26	8.43055e-42	1.56468e-16	3.19244e-41	3.27099e-25	9.56980e-44	-2.45714e-26	2.39814e-42	-5.86306e-16	9.06041e-42	9.28332e-26	-2.56506e-44	-6.94513e-27	6.77835e-43	2.18876e-15	2.57360e-42	2.63692e-26	6.90432e-45	-1.90717e-27	1.86137e-43	-8.16872e-15	7.51870e-43	7.70369e-27	-1.96671e-45	-5.96805e-28	5.82474e-44	3.25936e-14	2.20663e-43	2.26092e-27	5.26994e-46	-1.69867e-28	1.65788e-44	-1.22206e-13	6.26427e-44	6.41840e-28	-1.41262e-46	-4.79924e-29	4.68399e-45	4.56228e-13	1.78020e-44	1.82400e-28	3.80547e-47	-1.30933e-29	1.27789e-45	-1.70271e-12	5.23047e-45	5.35915e-29	-1.09566e-47	-4.17631e-30	4.07603e-46	6.87996e-12	1.54508e-45	1.58309e-29	2.93592e-48	-1.18968e-30	1.16111e-46	-2.58171e-11	4.38787e-46	4.49583e-30	-7.87048e-49	-3.35915e-31	3.27849e-47	9.63885e-11	1.24778e-46	1.27848e-30	2.12269e-49	-9.07655e-32	8.85859e-48	-3.59737e-10	3.69586e-47	3.78679e-31	-6.20265e-50	-2.97573e-32	2.90428e-48	1.47989e-09	1.10183e-47	1.12894e-31	1.66207e-50	-8.48668e-33	8.28289e-49	-5.55981e-09	3.13074e-48	3.20777e-32	-4.45610e-51	-2.39425e-33	2.33676e-49	2.07593e-08	8.91108e-49	9.13032e-33	1.20373e-51	-6.37757e-34	6.22443e-50	-7.74775e-08	2.66938e-49	2.73505e-33	-3.58824e-52	-2.17440e-34	2.12218e-50	3.26894e-07	8.06055e-50	8.25887e-34	9.61519e-53	-6.21127e-35	6.06212e-51	-1.23010e-06	2.29198e-50	2.34837e-34	-2.57830e-53	-1.75024e-35	1.70821e-51	4.59350e-06	6.53203e-51	6.69275e-35	6.98004e-54	-4.56134e-36	4.45182e-52	-1.71439e-05	1.98825e-51	2.03717e-35	-2.13718e-54	-1.64620e-36	1.60670e-52	7.49944e-05	6.11243e-52	6.26295e-36	5.72697e-55	-4.71177e-37	4.59978e-53	-2.01143e-05	1.73979e-52	1.78304e-36	-1.53603e-55	-1.32145e-37	1.29385e-53	5.46282e-06	4.96767e-53	5.10572e-37	4.17144e-56	-3.14124e-38	3.25149e-54	-1.73698e-06	1.54871e-53	1.64837e-37	-1.32549e-56	-6.75965e-39	1.28203e-54	4.65468e-07	4.88860e-54	7.37621e-38	3.55198e-57	1.85856e-38	3.68181e-55	-1.24891e-07	1.39353e-54	9.85258e-38	-9.53035e-58	7.93793e-38	1.03235e-55	3.40946e-08	3.99207e-55	3.03825e-37	2.60162e-58	3.90600e-37	2.40281e-56	-1.14877e-08	1.29892e-55	1.20769e-36	-8.76130e-59	1.30146e-36	1.12109e-56	3.07826e-09	4.29101e-56	4.79815e-36	2.34769e-59	4.54717e-36	3.23876e-57	-8.25347e-10	1.22538e-56	1.71295e-35	-6.29466e-60	1.62148e-35	9.11479e-58	2.23130e-10	3.49940e-57	6.07648e-35	1.70172e-60	6.94207e-35	2.31497e-58	-6.71752e-11	1.08757e-57	2.31408e-34	-5.12237e-61	2.29421e-34	8.39138e-59	1.79934e-11	3.34328e-58	8.94434e-34	1.37206e-61	7.98104e-34	2.43470e-59	-4.79833e-12	9.38909e-59	3.17357e-33	-3.65884e-62	2.43631e-33	7.89766e-60	1.19992e-12	2.24351e-59	1.06571e-32	9.14709e-63	-1.72401e-32	7.67044e-63	-1.35226e-15	1.39889e-65	-3.27759e-38	1.72657e-68
9.00011e-38	-4.04999e-20	-6.94177e-38	8.68671e-22	2.12761e-39	-1.29796e-22	-1.29567e-38	-7.56909e-18	1.86008e-38	2.05154e-17	5.39365e-38	3.47795e-23	-4.23405e-39	-2.33658e-17	-4.98551e-39	8.58048e-17	1.60658e-38	-9.32179e-24	-1.20514e-39	-8.17897e-17	1.34123e-39	3.07251e-16	4.57313e-39	2.50764e-24	-3.32527e-40	-3.11961e-16	-3.79427e-40	1.11830e-15	1.33085e-39	-7.08771e-25	-1.02670e-40	-1.07808e-15	1.01670e-40	4.05103e-15	3.88787e-40	1.89919e-25	-2.92054e-41	-3.79791e-15	-2.72513e-41	1.43324e-14	1.10341e-40	-5.09053e-26	-8.25493e-42	-1.34686e-14	7.33568e-42	5.06893e-14	3.13423e-41	1.37021e-26	-2.26684e-42	-5.19946e-14	-2.09143e-42	1.85101e-13	9.15654e-42	-3.90307e-27	-7.09358e-43	-1.79223e-13	5.60412e-43	6.72981e-13	2.68732e-42	1.04585e-27	-2.01903e-43	-6.31200e-13	-1.50221e-43	2.38179e-12	7.62886e-43	-2.80344e-28	-5.70434e-44	-2.24033e-12	4.04708e-44	8.42660e-12	2.16799e-43	7.55220e-29	-1.55627e-44	-8.78115e-12	-1.16625e-44	3.09557e-11	6.36985e-44	-2.17441e-29	-4.96394e-45	-3.01606e-11	3.12507e-45	1.13139e-10	1.88165e-44	5.82638e-30	-1.41405e-45	-1.06180e-10	-8.37758e-46	4.00613e-10	5.34371e-45	-1.56137e-30	-3.99266e-46	-3.77312e-10	2.25961e-46	1.41803e-09	1.51960e-45	4.19095e-31	-1.07883e-46	-1.51011e-09	-6.60850e-47	5.25271e-09	4.50095e-46	-1.15013e-31	-3.53693e-47	-5.16271e-09	1.77082e-47	1.93389e-08	1.34185e-46	-2.30021e-34	-1.00872e-47	-1.81651e-08	-4.74769e-48	6.85244e-08	3.81273e-47	1.15933e-31	-2.84579e-48	-6.46549e-08	1.28259e-48	2.42716e-07	1.08522e-47	-4.63503e-31	-7.58033e-49	-2.66096e-07	-3.82653e-49	9.09293e-07	3.25086e-48	1.73808e-30	-2.58447e-49	-9.04494e-07	1.02537e-49	3.38146e-06	9.81643e-49	-7.32809e-30	-7.38267e-50	-3.17961e-06	-2.74953e-50	1.19926e-05	2.79125e-49	2.75743e-29	-2.08032e-50	-1.13144e-05	7.44407e-51	4.24787e-05	7.95495e-50	-1.02969e-28	-5.42159e-51	-4.64334e-05	-2.28103e-51	1.58956e-04	2.42136e-50	3.84302e-28	-1.95670e-51	-1.03461e-06	6.11243e-52	3.86092e-04	7.44394e-51	-1.67927e-27	-5.60178e-52	4.35285e-05	-1.63942e-52	1.70309e-04	2.11878e-51	6.33278e-27	-1.57570e-52	1.28750e-05	4.45248e-53	4.95178e-05	6.04981e-52	-2.36518e-26	-3.95979e-53	3.24368e-06	-1.41573e-53	1.54520e-05	1.88608e-52	8.82746e-26	-1.56130e-53	1.27918e-06	3.79381e-54	4.87776e-06	5.95351e-53	-4.07411e-25	-4.48384e-54	3.67366e-07	-1.01792e-54	1.39045e-06	1.69709e-53	1.54137e-24	-1.25724e-54	1.03007e-07	2.77889e-55	3.98323e-07	4.86169e-54	-5.75807e-24	-2.92622e-55	2.39749e-08	-9.36306e-56	1.29605e-07	1.58188e-54	2.14909e-23	-1.36531e-55	1.11861e-08	2.50894e-56	4.28152e-08	5.22575e-55	-1.09487e-22	-3.94428e-56	3.23159e-09	-6.72700e-57	1.22267e-08	1.49232e-55	4.16457e-22	-1.11003e-56	9.09461e-10	1.81863e-57	3.49165e-09	4.26169e-56	-1.55634e-21	-2.81926e-57	2.30985e-10	-5.47513e-58	1.08516e-09	1.32448e-56	5.80890e-21	-1.02193e-57	8.37281e-11	1.46655e-58	3.33588e-10	4.07157e-57	-2.47994e-20	-2.96507e-58	2.42931e-11	-3.91089e-59	9.36830e-11	1.14344e-57	9.33886e-20	-9.61806e-59	7.88018e-12	9.77997e-60	2.23854e-11	2.73223e-58	-3.48755e-19	-9.34134e-62	7.65346e-15	-1.10216e-62	1.40216e-17	1.69468e-64	1.30163e-18
4.03943e-20	-9.04387e-38	-7.11256e-22	1.52075e-39	8.68692e-22	-2.58134e-38	7.56911e-18	1.29503e-38	1.90584e-22	5.39276e-38	2.05153e-17	6.91683e-39	2.33658e-17	4.23395e-39	-5.10817e-23	1.60656e-38	8.58048e-17	-1.85388e-39	8.17897e-17	1.20514e-39	1.37423e-23	4.57312e-39	3.07251e-16	4.98711e-40	3.11961e-16	3.32527e-40	-3.88762e-24	1.33085e-39	1.11830e-15	-1.40958e-40	1.07808e-15	1.02670e-40	1.04171e-24	3.88787e-40	4.05103e-15	3.77704e-41	3.79791e-15	2.92054e-41	-2.79218e-25	1.10341e-40	1.43324e-14	-1.01239e-41	1.34686e-14	8.25493e-42	7.51617e-26	3.13423e-41	5.06893e-14	2.72502e-42	5.19946e-14	2.26684e-42	-2.14288e-26	9.15654e-42	1.85101e-13	-7.76230e-43	1.79223e-13	7.09358e-43	5.74200e-27	2.68732e-42	6.72981e-13	2.07996e-43	6.31200e-13	2.01903e-43	-1.53917e-27	7.62886e-43	2.38179e-12	-5.57539e-44	2.24033e-12	5.70434e-44	4.14665e-28	2.16799e-43	8.42660e-12	1.50196e-44	8.78115e-12	1.55627e-44	-1.19495e-28	6.36985e-44	3.09557e-11	-4.32441e-45	3.01606e-11	4.96394e-45	3.20196e-29	1.88165e-44	1.13139e-10	1.15876e-45	1.06180e-10	1.41405e-45	-8.58370e-30	5.34371e-45	4.00613e-10	-3.10635e-46	3.77312e-10	3.99266e-46	2.31520e-30	1.51960e-45	1.41803e-09	8.37790e-47	1.51011e-09	1.07883e-46	-6.77109e-31	4.50095e-46	5.25271e-09	-2.44809e-47	5.16271e-09	3.53693e-47	1.81439e-31	1.34185e-46	1.93389e-08	6.55990e-48	1.81651e-08	1.00872e-47	-4.86450e-32	3.81273e-47	6.85244e-08	-1.75875e-48	6.46549e-08	2.84579e-48	1.31414e-32	1.08522e-47	2.42716e-07	4.75093e-49	2.66096e-07	7.58033e-49	-3.92067e-33	3.25086e-48	9.09293e-07	-1.41622e-49	9.04494e-07	2.58447e-49	1.05060e-33	9.81643e-49	3.38146e-06	3.79496e-50	3.17961e-06	7.38267e-50	-2.81717e-34	2.79125e-49	1.19926e-05	-1.01761e-50	1.13144e-05	2.08032e-50	7.62722e-35	7.95495e-50	4.24787e-05	2.75491e-51	4.64334e-05	5.42159e-51	-2.33715e-35	2.42136e-50	1.58956e-04	-8.43512e-52	1.03461e-06	1.95670e-51	6.26272e-36	7.44394e-51	3.86092e-04	2.26034e-52	-4.35285e-05	5.60178e-52	-1.67939e-36	2.11878e-51	1.70309e-04	-6.06246e-53	-1.28750e-05	1.57570e-52	4.54836e-37	6.04981e-52	4.95178e-05	1.64640e-53	-3.24368e-06	3.95979e-53	-1.39954e-37	1.88608e-52	1.54520e-05	-5.23149e-54	-1.27918e-06	1.56130e-53	1.53003e-38	5.95351e-53	4.87776e-06	1.40191e-54	-3.67366e-07	4.48384e-54	7.87529e-38	1.69709e-53	1.39045e-06	-3.76147e-55	-1.03007e-07	1.25724e-54	-3.30312e-37	4.86169e-54	3.98323e-07	1.02682e-55	-2.39749e-08	2.92622e-55	1.24249e-36	1.58188e-54	1.29605e-07	-3.45794e-56	-1.11861e-08	1.36531e-55	-6.34064e-36	5.22575e-55	4.28152e-08	9.26596e-57	-3.23159e-09	3.94428e-56	2.41201e-35	1.49232e-55	1.22267e-08	-2.48440e-57	-9.09461e-10	1.11003e-56	-9.01397e-35	4.26169e-56	3.49165e-09	6.71643e-58	-2.30985e-10	2.81926e-57	3.36439e-34	1.32448e-56	1.08516e-09	-2.02172e-58	-8.37281e-11	1.02193e-57	-1.43663e-33	4.07157e-57	3.33588e-10	5.41532e-59	-2.42931e-11	2.96507e-58	5.41006e-33	1.14344e-57	9.36830e-11	-1.44409e-59	-7.88018e-12	9.61806e-59	-2.02036e-32	2.73223e-58	2.23854e-11	3.61034e-60	-7.65346e-15	9.34134e-62	7.54044e-32	1.45961e-64	1.38847e-17	-4.92171e-64
2.72195e-39	-1.39781e-23	-6.50400e-41	-3.29125e-27	7.97498e-41	-1.71970e-23	-3.93588e-40	1.97478e-24	1.74278e-41	8.23031e-24	1.63800e-39	2.86111e-20	-1.28569e-40	6.46412e-25	-4.67111e-42	2.45288e-24	4.87838e-40	-1.14427e-19	-3.65939e-41	1.84002e-25	1.25665e-42	6.98232e-25	1.38862e-40	4.29098e-19	-1.00971e-41	5.07708e-26	-3.55499e-43	2.03197e-25	4.04112e-41	-1.60196e-18	-3.11757e-42	1.56759e-26	9.52580e-44	5.93608e-26	1.18055e-41	6.32883e-18	-8.86818e-43	4.45914e-27	-2.55328e-44	1.68471e-26	3.35048e-42	-2.37133e-17	-2.50660e-43	1.26038e-27	6.87308e-45	4.78539e-27	9.51703e-43	8.85246e-17	-6.88323e-44	3.46106e-28	-1.95954e-45	1.39804e-27	2.78037e-43	-3.30385e-16	-2.15396e-44	1.08306e-28	5.25071e-46	4.10305e-28	8.16000e-44	1.31691e-15	-6.13075e-45	3.08269e-29	-1.40747e-46	1.16479e-28	2.31649e-44	-4.93724e-15	-1.73211e-45	8.70950e-30	3.79186e-47	3.31013e-29	6.58307e-45	1.84321e-14	-4.72558e-46	2.37616e-30	-1.09271e-47	9.72552e-30	1.93420e-45	-6.87910e-14	-1.50729e-46	7.57986e-31	2.92800e-48	2.87263e-30	5.71361e-46	2.77666e-13	-4.29373e-47	2.16192e-31	-7.84927e-49	8.14785e-31	1.62261e-46	-1.04187e-12	-1.21237e-47	6.19996e-32	2.11711e-49	2.28110e-31	4.61423e-47	3.88983e-12	-3.27586e-48	2.06297e-32	-6.19175e-50	5.42585e-32	1.36671e-47	-1.45174e-11	-1.07398e-48	1.96152e-32	1.65915e-50	-3.27600e-32	4.07452e-48	5.96575e-11	-3.06296e-49	5.15559e-32	-4.44829e-51	-1.82853e-31	1.15773e-48	-2.24113e-10	-8.64121e-50	1.78455e-31	1.20170e-51	-6.66636e-31	3.29527e-49	8.36793e-10	-2.30176e-50	7.32785e-31	-3.58522e-52	-2.50315e-30	9.87120e-50	-3.12306e-09	-7.84771e-51	2.49049e-30	9.60707e-53	-9.31037e-30	2.98074e-50	1.31624e-08	-2.24174e-51	8.75595e-30	-2.57613e-53	-3.30221e-29	8.47559e-51	-4.95266e-08	-6.31687e-52	3.12345e-29	6.97463e-54	-1.17074e-28	2.41551e-51	1.84944e-07	-1.64626e-52	1.33412e-28	-2.13718e-54	-4.45383e-28	7.35243e-52	-6.90249e-07	-5.94150e-53	4.50431e-28	5.72697e-55	-1.67927e-27	2.26034e-52	3.01615e-06	-1.70097e-53	1.58192e-27	-1.53603e-55	-5.96402e-27	6.43364e-53	-8.08962e-07	-4.78459e-54	5.66118e-27	4.17170e-56	-2.11724e-26	1.83701e-53	2.19692e-07	-1.20238e-54	2.54393e-26	-1.32645e-56	-8.23057e-26	5.72706e-54	-6.98079e-08	-4.74087e-55	8.52564e-26	3.55456e-57	-3.16545e-25	1.80777e-54	1.87068e-08	-1.36151e-55	2.98956e-25	-9.53731e-58	-1.12650e-24	5.15319e-55	-5.01924e-09	-3.81758e-56	1.07555e-24	2.60364e-58	-4.00786e-24	1.47624e-55	1.37016e-09	-8.88544e-57	5.22613e-24	-8.77260e-59	-1.61307e-23	4.80334e-56	-4.61421e-10	-4.14574e-57	1.74038e-23	2.35072e-59	-6.41518e-23	1.58679e-56	1.23643e-10	-1.19767e-57	6.08021e-23	-6.30278e-60	-2.29042e-22	4.53140e-57	-3.31513e-11	-3.37059e-58	2.16813e-22	1.70394e-60	-8.12507e-22	1.29406e-57	8.96227e-12	-8.56063e-59	9.28257e-22	-5.12985e-61	-3.09425e-21	4.02176e-58	-2.69774e-12	-3.10308e-59	3.06840e-21	1.37407e-61	-1.19608e-20	1.23633e-58	7.22609e-13	-9.00339e-60	1.07214e-20	-3.66426e-62	-4.25072e-20	3.47203e-59	-1.92696e-13	-2.92051e-60	3.59617e-20	9.16322e-63	-1.47427e-19	8.29636e-60	4.81757e-14	-2.83648e-63	2.41574e-22	-1.03266e-65	-3.35965e-19	5.14588e-66	-6.77943e-18
-3.03978e-21	6.80576e-39	5.35240e-23	-1.14440e-40	-6.53715e-23	1.94253e-39	-5.69597e-19	-9.74545e-40	-1.43420e-23	-4.05820e-39	-1.54384e-18	-5.20511e-40	-1.75834e-18	-3.18617e-40	3.84404e-24	-1.20898e-39	-6.45705e-18	1.39510e-40	-6.15491e-18	-9.06900e-41	-1.03415e-24	-3.44140e-40	-2.31215e-17	-3.75294e-41	-2.34760e-17	-2.50236e-41	2.92554e-25	-1.00150e-40	-8.41548e-17	1.06075e-41	-8.11288e-17	-7.72622e-42	-7.83916e-26	-2.92573e-41	-3.04851e-16	-2.84233e-42	-2.85803e-16	-2.19779e-42	2.10119e-26	-8.30346e-42	-1.07855e-15	7.61849e-43	-1.01355e-15	-6.21206e-43	-5.65612e-27	-2.35859e-42	-3.81451e-15	-2.05066e-43	-3.91274e-15	-1.70586e-43	1.61258e-27	-6.89056e-43	-1.39294e-14	5.84134e-44	-1.34870e-14	-5.33812e-44	-4.32101e-28	-2.02228e-43	-5.06437e-14	-1.56523e-44	-4.74996e-14	-1.51937e-44	1.15827e-28	-5.74093e-44	-1.79236e-13	4.19563e-45	-1.68591e-13	-4.29267e-45	-3.12047e-29	-1.63147e-44	-6.34125e-13	-1.13026e-45	-6.60806e-13	-1.17113e-45	8.99231e-30	-4.79349e-45	-2.32951e-12	3.25424e-46	-2.26967e-12	-3.73550e-46	-2.40956e-30	-1.41600e-45	-8.51400e-12	-8.72000e-47	-7.99034e-12	-1.06411e-46	6.45947e-31	-4.02129e-46	-3.01472e-11	2.33762e-47	-2.83938e-11	-3.00459e-47	-1.74225e-31	-1.14354e-46	-1.06711e-10	-6.30460e-48	-1.13640e-10	-8.11851e-48	5.09544e-32	-3.38709e-47	-3.95281e-10	1.84225e-48	-3.88508e-10	-2.66164e-48	-1.36538e-32	-1.00978e-47	-1.45531e-09	-4.93651e-49	-1.36698e-09	-7.59090e-49	3.66067e-33	-2.86919e-48	-5.15665e-09	1.32351e-49	-4.86546e-09	-2.14154e-49	-9.88929e-34	-8.16661e-49	-1.82650e-08	-3.57521e-50	-2.00245e-08	-5.70441e-50	2.95042e-34	-2.44637e-49	-6.84268e-08	1.06575e-50	-6.80661e-08	-1.94489e-50	-7.90604e-35	-7.38714e-50	-2.54465e-07	-2.85581e-51	-2.39303e-07	-5.55566e-51	2.12000e-35	-2.10049e-50	-9.02517e-07	7.65782e-52	-8.53355e-07	-1.56550e-51	-5.73970e-36	-5.98632e-51	-3.19930e-06	-2.07315e-52	-3.62490e-06	-4.07990e-52	1.75879e-36	-1.82214e-51	-1.21431e-05	6.34767e-53	-1.05911e-05	-1.47247e-52	-4.71386e-37	-5.60178e-52	-4.35285e-05	-1.70097e-53	7.44694e-05	-4.21549e-53	1.26751e-37	-1.59444e-52	1.92763e-07	4.56217e-54	-1.04258e-05	-1.18576e-53	-3.56183e-38	-4.55265e-53	4.42629e-05	-1.23896e-54	-3.02574e-06	-2.97985e-54	1.57220e-38	-1.41933e-53	1.45148e-05	3.93684e-55	-1.20459e-06	-1.17492e-54	-2.51299e-38	-4.48018e-54	4.59439e-06	-1.05498e-55	-3.46063e-07	-3.37422e-55	8.47975e-38	-1.27711e-54	1.30983e-06	2.83061e-56	-9.70353e-08	-9.46106e-56	-3.14060e-37	-3.65855e-55	3.75232e-07	-7.72709e-57	-2.25850e-08	-2.20207e-56	1.17144e-36	-1.19041e-55	1.22091e-07	2.60220e-57	-1.05377e-08	-1.02743e-56	-5.97333e-36	-3.93253e-56	4.03331e-08	-6.97290e-58	-3.04425e-09	-2.96818e-57	2.27219e-35	-1.12301e-56	1.15179e-08	1.86958e-58	-8.56739e-10	-8.35330e-58	-8.49142e-35	-3.20704e-57	3.28924e-09	-5.05430e-59	-2.17594e-10	-2.12157e-58	3.16935e-34	-9.96707e-58	1.02225e-09	1.52140e-59	-7.88743e-11	-7.69033e-59	-1.35334e-33	-3.06397e-58	3.14250e-10	-4.07518e-60	-2.28849e-11	-2.23130e-59	5.09644e-33	-8.60468e-59	8.82522e-11	1.08672e-60	-7.42336e-12	-7.23786e-60	-1.90324e-32	-2.05608e-59	2.10877e-11	-2.71688e-61	-7.20979e-15	-7.02962e-63	7.10332e-32	-1.09840e-65	1.30798e-17	3.70373e-65
6.77284e-39	-3.04773e-21	-5.22387e-39	6.53699e-23	1.60108e-40	-9.76753e-24	-9.75028e-40	-5.69595e-19	1.39976e-39	1.54384e-18	4.05887e-39	2.61726e-24	-3.18624e-40	-1.75834e-18	-3.75173e-40	6.45705e-18	1.20899e-39	-7.01491e-25	-9.06901e-41	-6.15491e-18	1.00932e-40	2.31215e-17	3.44140e-40	1.88707e-25	-2.50236e-41	-2.34760e-17	-2.85529e-41	8.41548e-17	1.00150e-40	-5.33370e-26	-7.72622e-42	-8.11288e-17	7.65092e-42	3.04851e-16	2.92573e-41	1.42919e-26	-2.19779e-42	-2.85803e-16	-2.05074e-42	1.07855e-15	8.30346e-42	-3.83076e-27	-6.21206e-43	-1.01355e-15	5.52031e-43	3.81451e-15	2.35859e-42	1.03112e-27	-1.70586e-43	-3.91274e-15	-1.57386e-43	1.39294e-14	6.89056e-43	-2.93717e-28	-5.33812e-44	-1.34870e-14	4.21725e-44	5.06437e-14	2.02228e-43	7.87034e-29	-1.51937e-44	-4.74996e-14	-1.13045e-44	1.79236e-13	5.74093e-44	-2.10967e-29	-4.29267e-45	-1.68591e-13	3.04554e-45	6.34125e-13	1.63147e-44	5.68326e-30	-1.17113e-45	-6.60806e-13	-8.77638e-46	2.32951e-12	4.79349e-45	-1.63635e-30	-3.73550e-46	-2.26967e-12	2.35170e-46	8.51400e-12	1.41600e-45	4.38609e-31	-1.06411e-46	-7.99034e-12	-6.30436e-47	3.01472e-11	4.02129e-46	-1.18087e-31	-3.00459e-47	-2.83938e-11	1.70042e-47	1.06711e-10	1.14354e-46	3.37412e-32	-8.11851e-48	-1.13640e-10	-4.97308e-48	3.95281e-10	3.38709e-47	-1.68774e-32	-2.66164e-48	-3.88508e-10	1.33259e-48	1.45531e-09	1.00978e-47	3.37715e-32	-7.59090e-49	-1.36698e-09	-3.57277e-49	5.15665e-09	2.86919e-48	-1.18209e-31	-2.14154e-49	-4.86546e-09	9.65182e-50	1.82650e-08	8.16661e-49	4.39063e-31	-5.70441e-50	-2.00245e-08	-2.87957e-50	6.84268e-08	2.44637e-49	-1.63804e-30	-1.94489e-50	-6.80661e-08	7.71619e-51	2.54465e-07	7.38714e-50	6.90347e-30	-5.55566e-51	-2.39303e-07	-2.06909e-51	9.02517e-07	2.10049e-50	-2.59758e-29	-1.56550e-51	-8.53355e-07	5.60187e-52	3.19930e-06	5.98632e-51	9.69999e-29	-4.07990e-52	-3.62490e-06	-1.71654e-52	1.21431e-05	1.82214e-51	-3.62024e-28	-1.47247e-52	-1.05911e-05	4.59978e-53	4.35285e-05	5.60178e-52	1.58192e-27	-4.21549e-53	7.44694e-05	-1.23371e-53	-1.92763e-07	1.59444e-52	-5.96566e-27	-1.18576e-53	-1.04258e-05	3.35062e-54	-4.42629e-05	4.55265e-53	2.22807e-26	-2.97985e-54	-3.02574e-06	-1.06538e-54	-1.45148e-05	1.41933e-53	-8.31573e-26	-1.17492e-54	-1.20459e-06	2.85494e-55	-4.59439e-06	4.48018e-54	3.83793e-25	-3.37422e-55	-3.46063e-07	-7.66016e-56	-1.30983e-06	1.27711e-54	-1.45202e-24	-9.46106e-56	-9.70353e-08	2.09119e-56	-3.75232e-07	3.65855e-55	5.42427e-24	-2.20207e-56	-2.25850e-08	-7.04596e-57	-1.22091e-07	1.19041e-55	-2.02451e-23	-1.02743e-56	-1.05377e-08	1.88805e-57	-4.03331e-08	3.93253e-56	1.03140e-22	-2.96818e-57	-3.04425e-09	-5.06226e-58	-1.15179e-08	1.12301e-56	-3.92315e-22	-8.35330e-58	-8.56739e-10	1.36857e-58	-3.28924e-09	3.20704e-57	1.46612e-21	-2.12157e-58	-2.17594e-10	-4.12019e-59	-1.02225e-09	9.96707e-58	-5.47216e-21	-7.69033e-59	-7.88743e-11	1.10362e-59	-3.14250e-10	3.06397e-58	2.33617e-20	-2.23130e-59	-2.28849e-11	-2.94305e-60	-8.82522e-11	8.60468e-59	-8.79748e-20	-7.23786e-60	-7.42336e-12	7.35970e-61	-2.10877e-11	2.05608e-59	3.28537e-19	-7.02962e-63	-7.20979e-15	-8.29407e-64	-1.32087e-17	1.27530e-65	-1.22618e-18
-2.02943e-23	1.98106e-39	3.95529e-22	-4.83593e-41	-5.00692e-25	1.75417e-41	2.92395e-24	-2.85368e-40	-1.89605e-19	-1.18789e-39	-1.21713e-23	-4.70039e-42	9.55434e-25	-9.32490e-41	7.58026e-19	-3.53826e-40	-3.62531e-24	1.25982e-42	2.71945e-25	-2.65414e-41	-2.84250e-18	-1.00716e-40	-1.03194e-24	-3.38903e-43	7.50360e-26	-7.32342e-42	1.06120e-17	-2.93101e-41	-3.00313e-25	9.57891e-44	2.31680e-26	-2.26116e-42	-4.19664e-17	-8.56248e-42	-8.77314e-26	-2.56672e-44	6.59032e-27	-6.43207e-43	1.57254e-16	-2.43010e-42	-2.48989e-26	6.87976e-45	1.86276e-27	-1.81803e-43	-5.87048e-16	-6.90268e-43	-7.07251e-27	-1.85181e-45	5.11522e-28	-4.99239e-44	2.19094e-15	-2.01660e-43	-2.06621e-27	5.27493e-46	1.60070e-28	-1.56226e-44	-8.74194e-15	-5.91842e-44	-6.06404e-28	-1.41345e-46	4.55602e-29	-4.44662e-45	3.27768e-14	-1.68015e-44	-1.72148e-28	3.78880e-47	1.28721e-29	-1.25630e-45	-1.22365e-13	-4.77468e-45	-4.89216e-29	-1.02067e-47	3.51178e-30	-3.42745e-46	4.56685e-13	-1.40287e-45	-1.43738e-29	2.93869e-48	1.12013e-30	-1.09324e-46	-1.84528e-12	-4.14407e-46	-4.24603e-30	-7.87446e-49	3.19085e-31	-3.11423e-47	6.92443e-12	-1.17687e-46	-1.20583e-30	2.11095e-49	9.00961e-32	-8.79326e-48	-2.58524e-11	-3.34669e-47	-3.42903e-31	-5.69327e-50	2.43443e-32	-2.37597e-48	9.64853e-11	-9.91269e-48	-1.01566e-31	1.66362e-50	7.98123e-33	-7.78958e-49	-3.96921e-10	-2.95524e-48	-3.02795e-32	-4.45784e-51	2.27622e-33	-2.22156e-49	1.49120e-09	-8.39699e-49	-8.60359e-33	1.19517e-51	6.42165e-34	-6.26745e-50	-5.56788e-09	-2.39005e-49	-2.44885e-33	-3.22853e-52	1.71053e-34	-1.66946e-50	2.07803e-08	-7.15956e-50	-7.33571e-34	9.62406e-53	5.83197e-35	-5.69193e-51	-8.76765e-08	-2.16193e-50	-2.21512e-34	-2.57890e-53	1.66593e-35	-1.62593e-51	3.29926e-07	-6.14733e-51	-6.29857e-35	6.91527e-54	4.69432e-36	-4.58161e-52	-1.23203e-06	-1.75196e-51	-1.79507e-35	-1.87212e-54	1.22337e-36	-1.19403e-52	4.59818e-06	-5.33270e-52	-5.46403e-36	5.73216e-55	4.41411e-37	-4.30936e-53	-2.01143e-05	-1.63942e-52	-1.68023e-36	-1.53603e-55	1.25960e-37	-1.23371e-53	7.58590e-05	-4.66630e-53	-4.79793e-37	4.11979e-56	3.39596e-38	-3.47025e-54	-2.06025e-05	-1.33238e-53	-1.42488e-37	-1.11883e-56	1.76025e-39	-8.72086e-55	6.55085e-06	-4.15382e-54	-6.57746e-38	3.55510e-57	-2.05235e-38	-3.43854e-55	-1.75546e-06	-1.31117e-54	-1.02716e-37	-9.52679e-58	-8.33091e-38	-9.87502e-56	4.71012e-07	-3.73760e-55	-3.21561e-37	2.55614e-58	-3.03076e-37	-2.76888e-56	-1.28584e-07	-1.07072e-55	-1.13152e-36	-6.97782e-59	-1.47397e-36	-6.44459e-57	4.33246e-08	-3.48385e-56	-4.55003e-36	2.34988e-59	-4.90872e-36	-3.00690e-57	-1.16093e-08	-1.15090e-56	-1.80942e-35	-6.29676e-60	-1.71493e-35	-8.68670e-58	3.11271e-09	-3.28661e-57	-6.46016e-35	1.68830e-60	-6.11524e-35	-2.44468e-58	-8.41514e-10	-9.38576e-58	-2.29168e-34	-4.56421e-61	-2.61813e-34	-6.20901e-59	2.53344e-10	-2.91697e-58	-8.72732e-34	1.37388e-61	-8.65240e-34	-2.25066e-59	-6.78602e-11	-8.96705e-59	-3.37327e-33	-3.68002e-62	-3.00997e-33	-6.53014e-60	1.80964e-11	-2.51825e-59	-1.19688e-32	9.81340e-63	-9.18829e-33	-2.11824e-60	-4.52537e-12	-6.01733e-60	-4.01920e-32	-2.45335e-63	6.50194e-32	-2.05729e-63	5.09990e-15	-3.75196e-66	1.23611e-37	-4.63084e-69
2.56171e-38	-1.15275e-20	-1.97584e-38	2.47251e-22	6.05583e-40	-3.69441e-23	-3.68788e-39	-2.15440e-18	5.29437e-39	5.83933e-18	1.53520e-38	9.89934e-24	-1.20514e-39	-6.65063e-18	-1.41903e-39	2.44227e-17	4.57282e-39	-2.65327e-24	-3.43020e-40	-2.32799e-17	3.81757e-40	8.74532e-17	1.30165e-39	7.13753e-25	-9.46475e-41	-8.87940e-17	-1.07997e-40	3.18302e-16	3.78803e-40	-2.01738e-25	-2.92232e-41	-3.06856e-16	2.89383e-41	1.15305e-15	1.10661e-40	5.40569e-26	-8.31278e-42	-1.08100e-15	-7.75657e-42	4.07945e-15	3.14065e-41	-1.44892e-26	-2.34961e-42	-3.83358e-15	2.08797e-42	1.44278e-14	8.92099e-42	3.90004e-27	-6.45214e-43	-1.47993e-14	-5.95285e-43	5.26857e-14	2.60624e-42	-1.11094e-27	-2.01906e-43	-5.10124e-14	1.59511e-43	1.91552e-13	7.64895e-43	2.97683e-28	-5.74679e-44	-1.79659e-13	-4.27575e-44	6.77932e-13	2.17141e-43	-7.97947e-29	-1.62363e-44	-6.37668e-13	1.15193e-44	2.39847e-12	6.17078e-44	2.14959e-29	-4.42962e-45	-2.49939e-12	-3.31952e-45	8.81097e-12	1.81306e-44	-6.18894e-30	-1.41289e-45	-8.58465e-12	8.89493e-46	3.22028e-11	5.35577e-45	1.65787e-30	-4.02482e-46	-3.02221e-11	-2.38452e-46	1.14027e-10	1.52099e-45	-4.42519e-31	-1.13644e-46	-1.07395e-10	6.43155e-47	4.03616e-10	4.32525e-46	1.12213e-31	-3.07069e-47	-4.29825e-10	-1.88099e-47	1.49509e-09	1.28111e-46	-6.33078e-33	-1.00672e-47	-1.46947e-09	5.04030e-48	5.50446e-09	3.81933e-47	-1.08576e-31	-2.87113e-48	-5.17037e-09	-1.35134e-48	1.95042e-08	1.08522e-47	4.40634e-31	-8.10002e-49	-1.84028e-08	3.65064e-49	6.90845e-08	3.08889e-48	-1.65396e-30	-2.15760e-49	-7.57394e-08	-1.08915e-49	2.58813e-07	9.25298e-49	6.17520e-30	-7.35622e-50	-2.57449e-07	2.91852e-50	9.62471e-07	2.79406e-49	-2.60267e-29	-2.10134e-50	-9.05135e-07	-7.82601e-51	3.41364e-06	7.94478e-50	9.79318e-29	-5.92125e-51	-3.22842e-06	2.11882e-51	1.21019e-05	2.26423e-50	-3.65700e-28	-1.54315e-51	-1.37617e-05	-6.49253e-52	4.60001e-05	6.89196e-51	1.36487e-27	-5.56939e-52	-4.41768e-05	1.73979e-52	1.70309e-04	2.11878e-51	-5.96402e-27	-1.59444e-52	-1.92763e-07	-4.66630e-53	3.90064e-04	6.03071e-52	2.24912e-26	-4.48494e-53	4.34437e-05	1.26732e-53	1.72669e-04	1.72196e-52	-8.40008e-26	-1.12708e-53	1.14800e-05	-4.02961e-54	5.48231e-05	5.36838e-53	3.13512e-25	-4.44395e-54	4.54249e-06	1.07984e-54	1.73228e-05	1.69456e-53	-1.44694e-24	-1.27624e-54	1.30471e-06	-2.89733e-55	4.93823e-06	4.83045e-54	5.47426e-24	-3.57849e-55	3.65834e-07	7.90958e-56	1.41467e-06	1.38379e-54	-2.04501e-23	-8.32895e-56	8.51481e-08	-2.66502e-56	4.60298e-07	4.50251e-55	7.63261e-23	-3.88610e-56	3.97281e-08	7.14123e-57	1.52060e-07	1.48741e-55	-3.88849e-22	-1.12267e-56	1.14772e-08	-1.91472e-57	4.34239e-08	4.24760e-56	1.47907e-21	-3.15950e-57	3.23000e-09	5.17639e-58	1.24008e-08	1.21301e-56	-5.52743e-21	-8.02449e-58	8.20355e-10	-1.55839e-58	3.85400e-09	3.76988e-57	2.06306e-20	-2.90874e-58	2.97365e-10	4.17427e-59	1.18476e-09	1.15890e-57	-8.80763e-20	-8.43952e-59	8.62784e-11	-1.11316e-59	3.32720e-10	3.25458e-58	3.31675e-19	-2.73760e-59	2.79869e-11	2.78369e-60	7.95030e-11	7.77677e-59	-1.23862e-18	-2.65884e-62	2.71817e-14	-3.13710e-63	4.97983e-17	4.82360e-65	4.62281e-18
1.14975e-20	-2.57417e-38	-2.02446e-22	4.32852e-40	2.47257e-22	-7.34731e-39	2.15441e-18	3.68606e-39	5.42463e-23	1.53495e-38	5.83931e-18	1.96875e-39	6.65064e-18	1.20512e-39	-1.45394e-23	4.57279e-39	2.44227e-17	-5.27674e-40	2.32799e-17	3.43020e-40	3.91150e-24	1.30165e-39	8.74532e-17	1.41949e-40	8.87940e-17	9.46475e-41	-1.10654e-24	3.78803e-40	3.18302e-16	-4.01210e-41	3.06856e-16	2.92232e-41	2.96503e-25	1.10661e-40	1.15305e-15	1.07507e-41	1.08100e-15	8.31278e-42	-7.94741e-26	3.14065e-41	4.07945e-15	-2.88157e-42	3.83358e-15	2.34961e-42	2.13934e-26	8.92099e-42	1.44278e-14	7.75627e-43	1.47993e-14	6.45214e-43	-6.09932e-27	2.60624e-42	5.26857e-14	-2.20939e-43	5.10124e-14	2.01906e-43	1.63435e-27	7.64895e-43	1.91552e-13	5.92021e-44	1.79659e-13	5.74679e-44	-4.38095e-28	2.17141e-43	6.77932e-13	-1.58693e-44	6.37668e-13	1.62363e-44	1.18027e-28	6.17078e-44	2.39847e-12	4.27504e-45	2.49939e-12	4.42962e-45	-3.40119e-29	1.81306e-44	8.81097e-12	-1.23086e-45	8.58465e-12	1.41289e-45	9.11378e-30	5.35577e-45	3.22028e-11	3.29820e-46	3.02221e-11	4.02482e-46	-2.44319e-30	1.52099e-45	1.14027e-10	-8.84165e-47	1.07395e-10	1.13644e-46	6.58979e-31	4.32525e-46	4.03616e-10	2.38461e-47	4.29825e-10	3.07069e-47	-1.92727e-31	1.28111e-46	1.49509e-09	-6.96802e-48	1.46947e-09	1.00672e-47	5.16431e-32	3.81933e-47	5.50446e-09	1.86715e-48	5.17037e-09	2.87113e-48	-1.38459e-32	1.08522e-47	1.95042e-08	-5.00595e-49	1.84028e-08	8.10002e-49	3.74046e-33	3.08889e-48	6.90845e-08	1.35226e-49	7.57394e-08	2.15760e-49	-1.11595e-33	9.25298e-49	2.58813e-07	-4.03101e-50	2.57449e-07	7.35622e-50	2.99033e-34	2.79406e-49	9.62471e-07	1.08016e-50	9.05135e-07	2.10134e-50	-8.01856e-35	7.94478e-50	3.41364e-06	-2.89644e-51	3.22842e-06	5.92125e-51	2.17094e-35	2.26423e-50	1.21019e-05	7.84134e-52	1.37617e-05	1.54315e-51	-6.65219e-36	6.89196e-51	4.60001e-05	-2.40090e-52	4.41768e-05	5.56939e-52	1.78225e-36	2.11878e-51	1.70309e-04	6.43364e-53	1.92763e-07	1.59444e-52	-4.76811e-37	6.03071e-52	3.90064e-04	-1.72557e-53	-4.34437e-05	4.48494e-53	1.24995e-37	1.72196e-52	1.72669e-04	4.68617e-54	-1.14800e-05	1.12708e-53	-2.31678e-38	5.36838e-53	5.48231e-05	-1.48904e-54	-4.54249e-06	4.44395e-54	-7.26501e-38	1.69456e-53	1.73228e-05	3.99027e-55	-1.30471e-06	1.27624e-54	3.13768e-37	4.83045e-54	4.93823e-06	-1.07063e-55	-3.65834e-07	3.57849e-55	-1.18242e-36	1.38379e-54	1.41467e-06	2.92264e-56	-8.51481e-08	8.32895e-56	4.41592e-36	4.50251e-55	4.60298e-07	-9.84239e-57	-3.97281e-08	3.88610e-56	-2.25200e-35	1.48741e-55	1.52060e-07	2.63738e-57	-1.14772e-08	1.12267e-56	8.56640e-35	4.24760e-56	4.34239e-08	-7.07139e-58	-3.23000e-09	3.15950e-57	-3.20136e-34	1.21301e-56	1.24008e-08	1.91171e-58	-8.20355e-10	8.02449e-58	1.19488e-33	3.76988e-57	3.85400e-09	-5.75444e-59	-2.97365e-10	2.90874e-58	-5.10225e-33	1.15890e-57	1.18476e-09	1.54137e-59	-8.62784e-11	8.43952e-59	1.92141e-32	3.25458e-58	3.32720e-10	-4.11033e-60	-2.79869e-11	2.73760e-59	-7.17543e-32	7.77677e-59	7.95030e-11	1.02762e-60	-2.71817e-14	2.65884e-62	2.67803e-31	4.15450e-65	4.93124e-17	-1.40087e-64
-7.30053e-40	3.74907e-24	1.74444e-41	8.82746e-28	-2.13897e-41	4.61240e-24	1.05564e-40	-5.29656e-25	-4.67430e-42	-2.20745e-24	-4.39326e-40	-7.67378e-21	3.44833e-41	-1.73374e-25	1.25284e-42	-6.57887e-25	-1.30843e-40	3.06905e-20	9.81484e-42	-4.93511e-26	-3.37046e-43	-1.87273e-25	-3.72442e-41	-1.15088e-19	2.70815e-42	-1.36172e-26	9.53483e-44	-5.44995e-26	-1.08387e-41	4.29662e-19	8.36162e-43	-4.20443e-27	-2.55491e-44	-1.59211e-26	-3.16634e-42	-1.69745e-18	2.37853e-43	-1.19598e-27	6.84813e-45	-4.51854e-27	-8.98632e-43	6.36015e-18	6.72293e-44	-3.38045e-28	-1.84343e-45	-1.28349e-27	-2.55256e-43	-2.37431e-17	1.84615e-44	-9.28289e-29	5.25566e-46	-3.74967e-28	-7.45722e-44	8.86124e-17	5.77712e-45	-2.90488e-29	-1.40829e-46	-1.10048e-28	-2.18859e-44	-3.53207e-16	1.64433e-45	-8.26808e-30	3.77498e-47	-3.12407e-29	-6.21305e-45	1.32422e-15	4.64569e-46	-2.33599e-30	-1.01701e-47	-8.87800e-30	-1.76564e-45	-4.94366e-15	1.26745e-46	-6.37394e-31	2.93074e-48	-2.60818e-30	-5.18770e-46	1.84504e-14	4.04270e-47	-2.03590e-31	-7.85317e-49	-7.69376e-31	-1.53245e-46	-7.44727e-14	1.15162e-47	-5.90088e-32	2.10525e-49	-2.14669e-31	-4.35200e-47	2.79440e-13	3.25168e-48	-2.02681e-32	-5.67830e-50	-4.75045e-32	-1.23758e-47	-1.04329e-12	8.78616e-49	-2.00981e-32	1.66069e-50	3.61096e-32	-3.66564e-48	3.89371e-12	2.88053e-49	-5.50553e-32	-4.44999e-51	1.95310e-31	-1.09282e-48	-1.60007e-11	8.21516e-50	-1.89030e-31	1.19307e-51	7.09960e-31	-3.10514e-49	6.01092e-11	2.31766e-50	-6.71459e-31	-3.22308e-52	2.51979e-30	-8.83822e-50	-2.24436e-10	6.17353e-51	-2.76304e-30	9.61589e-53	9.44148e-30	-2.64755e-50	8.37634e-10	2.10483e-51	-9.39187e-30	-2.57671e-53	3.51113e-29	-7.99464e-51	-3.53028e-09	6.01255e-52	-3.30199e-29	6.90944e-54	1.24531e-28	-2.27324e-51	1.32835e-08	1.69424e-52	-1.17790e-28	-1.87066e-54	4.41503e-28	-6.47863e-52	-4.96037e-08	4.41542e-53	-5.03116e-28	5.73213e-55	1.67961e-27	-1.97199e-52	1.85131e-07	1.59357e-53	-1.69864e-27	-1.53603e-55	6.33278e-27	-6.06246e-53	-8.08962e-07	4.56217e-54	-5.96566e-27	4.11979e-56	2.24912e-26	-1.72557e-53	3.05072e-06	1.28327e-54	-2.13492e-26	-1.11889e-56	7.98445e-26	-4.92705e-54	-8.28493e-07	3.22491e-55	-9.59354e-26	3.55767e-57	3.10387e-25	-1.53605e-54	2.63256e-07	1.27155e-55	-3.21515e-25	-9.53367e-58	1.19374e-24	-4.84863e-55	-7.05461e-08	3.65171e-56	-1.12741e-24	2.55800e-58	4.24821e-24	-1.38214e-55	1.89283e-08	1.02391e-56	-4.05606e-24	-6.98322e-59	1.51142e-23	-3.95943e-56	-5.16709e-09	2.38316e-57	-1.97085e-23	2.35290e-59	6.08312e-23	-1.28830e-56	1.74009e-09	1.11193e-57	-6.56323e-23	-6.30486e-60	2.41926e-22	-4.25593e-57	-4.66277e-10	3.21228e-58	-2.29294e-22	1.69047e-60	8.63752e-22	-1.21537e-57	1.25019e-10	9.04026e-59	-8.17636e-22	-4.57014e-61	3.06408e-21	-3.47079e-58	-3.37981e-11	2.29604e-59	-3.50059e-21	1.37588e-61	1.16689e-20	-1.07867e-58	1.01736e-11	8.32277e-60	-1.15714e-20	-3.68539e-62	4.51061e-20	-3.31595e-59	-2.72507e-12	2.41480e-60	-4.04319e-20	9.82789e-63	1.60301e-19	-9.31232e-60	7.26686e-13	7.83308e-61	-1.35617e-19	-2.45766e-63	5.55970e-19	-2.22516e-60	-1.81678e-13	7.60772e-64	-9.11012e-22	2.76968e-66	1.26697e-18	-1.38018e-66	2.55662e-17
-8.55048e-22	1.91437e-39	1.50556e-23	-3.21905e-41	-1.83881e-23	5.46407e-40	-1.60220e-19	-2.74126e-40	-4.03421e-24	-1.14152e-39	-4.34260e-19	-1.46412e-40	-4.94597e-19	-8.96225e-41	1.08127e-24	-3.40071e-40	-1.81628e-18	3.92422e-41	-1.73129e-18	-2.55098e-41	-2.90891e-25	-9.68019e-41	-6.50375e-18	-1.05565e-41	-6.60346e-18	-7.03878e-42	8.22914e-26	-2.81709e-41	-2.36716e-17	2.98373e-42	-2.28204e-17	-2.17328e-42	-2.20505e-26	-8.22968e-42	-8.57504e-17	-7.99508e-43	-8.03925e-17	-6.18208e-43	5.91036e-27	-2.33565e-42	-3.03382e-16	2.14298e-43	-2.85097e-16	-1.74737e-43	-1.59099e-27	-6.63439e-43	-1.07297e-15	-5.76821e-44	-1.10060e-15	-4.79835e-44	4.53596e-28	-1.93822e-43	-3.91814e-15	1.64309e-44	-3.79371e-15	-1.50154e-44	-1.21544e-28	-5.68839e-44	-1.42454e-14	-4.40276e-45	-1.33610e-14	-4.27379e-45	3.25804e-29	-1.61484e-44	-5.04167e-14	1.18017e-45	-4.74223e-14	-1.20747e-45	-8.77745e-30	-4.58911e-45	-1.78371e-13	-3.17928e-46	-1.85876e-13	-3.29423e-46	2.52941e-30	-1.34834e-45	-6.55257e-13	9.15372e-47	-6.38426e-13	-1.05074e-46	-6.77776e-31	-3.98300e-46	-2.39487e-12	-2.45281e-47	-2.24757e-12	-2.99319e-47	1.81696e-31	-1.13113e-46	-8.47999e-12	6.57538e-48	-7.98678e-12	-8.45149e-48	-4.90072e-32	-3.21661e-47	-3.00162e-11	-1.77340e-48	-3.19654e-11	-2.28362e-48	1.43328e-32	-9.52741e-48	-1.11187e-10	5.18200e-49	-1.09282e-10	-7.48682e-49	-3.84061e-33	-2.84038e-48	-4.09357e-10	-1.38857e-49	-3.84511e-10	-2.13521e-49	1.02970e-33	-8.07062e-49	-1.45049e-09	3.72284e-50	-1.36859e-09	-6.02385e-50	-2.78172e-34	-2.29715e-49	-5.13770e-09	-1.00566e-50	-5.63261e-09	-1.60457e-50	8.29911e-35	-6.88129e-50	-1.92475e-08	2.99780e-51	-1.91461e-08	-5.47070e-51	-2.22386e-35	-2.07790e-50	-7.15774e-08	-8.03300e-52	-6.73138e-08	-1.56273e-51	5.96328e-36	-5.90840e-51	-2.53867e-07	2.15404e-52	-2.40120e-07	-4.40353e-52	-1.61452e-36	-1.68387e-51	-9.00034e-07	-5.83147e-53	-1.02533e-06	-1.14762e-52	4.94793e-37	-5.12543e-52	-3.42358e-06	1.78551e-53	-3.43746e-06	-4.14186e-53	-1.32896e-37	-1.57570e-52	-1.28750e-05	-4.78459e-54	-1.04258e-05	-1.18576e-53	3.67902e-38	-4.48494e-53	-4.34437e-05	1.28327e-54	7.48282e-05	-3.33537e-54	-1.42651e-38	-1.28060e-53	1.37940e-06	-3.48503e-55	-8.85853e-06	-8.38191e-55	2.02702e-38	-3.99237e-54	4.92118e-05	1.10738e-55	-4.28194e-06	-3.30489e-55	-8.02862e-38	-1.26021e-54	1.64017e-05	-2.96750e-56	-1.23802e-06	-9.49120e-56	3.00875e-37	-3.59233e-55	4.68687e-06	7.96212e-57	-3.47251e-07	-2.66126e-56	-1.12321e-36	-1.02910e-55	1.34282e-06	-2.17352e-57	-8.08244e-08	-6.19410e-57	4.19197e-36	-3.34844e-56	4.36926e-07	7.31963e-58	-3.77109e-08	-2.89003e-57	-2.13765e-35	-1.10616e-56	1.44339e-07	-1.96138e-58	-1.08944e-08	-8.34908e-58	8.13142e-35	-3.15887e-57	4.12189e-08	5.25887e-59	-3.06599e-09	-2.34967e-58	-3.03880e-34	-9.02097e-58	1.17711e-08	-1.42170e-59	-7.78700e-10	-5.96768e-59	1.13421e-33	-2.80360e-58	3.65831e-09	4.27948e-60	-2.82266e-10	-2.16318e-59	-4.84317e-33	-8.61853e-59	1.12460e-09	-1.14629e-60	-8.18974e-11	-6.27633e-60	1.82385e-32	-2.42038e-59	3.15826e-10	3.05678e-61	-2.65658e-11	-2.03591e-60	-6.81108e-32	-5.78346e-60	7.54661e-11	-7.64221e-62	-2.58015e-14	-1.97733e-63	2.54205e-31	-3.08963e-66	4.68084e-17	1.04181e-65
1.90510e-39	-8.57284e-22	-1.46940e-39	1.83876e-23	4.50362e-41	-2.74747e-24	-2.74262e-40	-1.60219e-19	3.93733e-40	4.34261e-19	1.14170e-39	7.36197e-25	-8.96245e-41	-4.94597e-19	-1.05531e-40	1.81628e-18	3.40073e-40	-1.97320e-25	-2.55098e-41	-1.73129e-18	2.83906e-41	6.50375e-18	9.68019e-41	5.30806e-26	-7.03878e-42	-6.60346e-18	-8.03154e-42	2.36716e-17	2.81709e-41	-1.50029e-26	-2.17328e-42	-2.28204e-17	2.15210e-42	8.57504e-17	8.22968e-42	4.02012e-27	-6.18208e-43	-8.03925e-17	-5.76844e-43	3.03382e-16	2.33565e-42	-1.07754e-27	-1.74737e-43	-2.85097e-16	1.55278e-43	1.07297e-15	6.63439e-43	2.90040e-28	-4.79835e-44	-1.10060e-15	-4.42704e-44	3.91814e-15	1.93822e-43	-8.26185e-29	-1.50154e-44	-3.79371e-15	1.18625e-44	1.42454e-14	5.68839e-44	2.21382e-29	-4.27379e-45	-1.33610e-14	-3.17980e-45	5.04167e-14	1.61484e-44	-5.93421e-30	-1.20747e-45	-4.74223e-14	8.56668e-46	1.78371e-13	4.58911e-45	1.59865e-30	-3.29423e-46	-1.85876e-13	-2.46867e-46	6.55257e-13	1.34834e-45	-4.60401e-31	-1.05074e-46	-6.38426e-13	6.61501e-47	2.39487e-12	3.98300e-46	1.23855e-31	-2.99319e-47	-2.24757e-12	-1.77333e-47	8.47999e-12	1.13113e-46	-3.50182e-32	-8.45149e-48	-7.98678e-12	4.78304e-48	3.00162e-11	3.21661e-47	1.62181e-32	-2.28362e-48	-3.19654e-11	-1.39886e-48	1.11187e-10	9.52741e-48	-2.98542e-32	-7.48682e-49	-1.09282e-10	3.74839e-49	4.09357e-10	2.84038e-48	1.12673e-31	-2.13521e-49	-3.84511e-10	-1.00497e-49	1.45049e-09	8.07062e-49	-4.20836e-31	-6.02385e-50	-1.36859e-09	2.71492e-50	5.13770e-09	2.29715e-49	1.57067e-30	-1.60457e-50	-5.63261e-09	-8.09982e-51	1.92475e-08	6.88129e-50	-5.86185e-30	-5.47070e-51	-1.91461e-08	2.17046e-51	7.15774e-08	2.07790e-50	2.47052e-29	-1.56273e-51	-6.73138e-08	-5.82007e-52	2.53867e-07	5.90840e-51	-9.29591e-29	-4.40353e-52	-2.40120e-07	1.57573e-52	9.00034e-07	1.68387e-51	3.47131e-28	-1.14762e-52	-1.02533e-06	-4.82839e-53	3.42358e-06	5.12543e-52	-1.29557e-27	-4.14186e-53	-3.43746e-06	1.29385e-53	1.28750e-05	1.57570e-52	5.66118e-27	-1.18576e-53	-1.04258e-05	-3.47025e-54	4.34437e-05	4.48494e-53	-2.13492e-26	-3.33537e-54	7.48282e-05	9.42482e-55	-1.37940e-06	1.28060e-53	7.97355e-26	-8.38191e-55	-8.85853e-06	-2.99675e-55	-4.92118e-05	3.99237e-54	-2.97593e-25	-3.30489e-55	-4.28194e-06	8.03056e-56	-1.64017e-05	1.26021e-54	1.37347e-24	-9.49120e-56	-1.23802e-06	-2.15470e-56	-4.68687e-06	3.59233e-55	-5.19629e-24	-2.66126e-56	-3.47251e-07	5.88222e-57	-1.34282e-06	1.02910e-55	1.94117e-23	-6.19410e-57	-8.08244e-08	-1.98193e-57	-4.36926e-07	3.34844e-56	-7.24505e-23	-2.89003e-57	-3.77109e-08	5.31081e-58	-1.44339e-07	1.10616e-56	3.69104e-22	-8.34908e-58	-1.08944e-08	-1.42394e-58	-4.12189e-08	3.15887e-57	-1.40397e-21	-2.34967e-58	-3.06599e-09	3.84960e-59	-1.17711e-08	9.02097e-58	5.24676e-21	-5.96768e-59	-7.78700e-10	-1.15895e-59	-3.65831e-09	2.80360e-58	-1.95831e-20	-2.16318e-59	-2.82266e-10	3.10434e-60	-1.12460e-09	8.61853e-59	8.36041e-20	-6.27633e-60	-8.18974e-11	-8.27839e-61	-3.15826e-10	2.42038e-59	-3.14833e-19	-2.03591e-60	-2.65658e-11	2.07018e-61	-7.54661e-11	5.78346e-60	1.17573e-18	-1.97733e-63	-2.58015e-14	-2.33301e-64	-4.72697e-17	3.58723e-66	-4.38808e-18
5.51170e-24	-5.38034e-40	-1.07421e-22	1.31338e-41	1.35982e-25	-4.76414e-42	-7.94112e-25	7.75029e-41	5.14947e-20	3.22619e-40	3.30559e-24	1.27657e-42	-2.59485e-25	2.53254e-41	-2.05871e-19	9.60951e-41	9.84595e-25	-3.42154e-43	-7.38571e-26	7.20836e-42	7.71991e-19	2.73535e-41	2.80265e-25	9.20423e-44	-2.03789e-26	1.98896e-42	-2.88209e-18	7.96030e-42	8.15616e-26	-2.60153e-44	-6.29216e-27	6.14107e-43	1.13976e-17	2.32547e-42	2.38269e-26	6.97093e-45	-1.78986e-27	1.74688e-43	-4.27083e-17	6.59988e-43	6.76226e-27	-1.86847e-45	-5.05904e-28	4.93756e-44	1.59436e-16	1.87469e-43	1.92081e-27	5.02932e-46	-1.38924e-28	1.35588e-44	-5.95035e-16	5.47685e-44	5.61160e-28	-1.43261e-46	-4.34731e-29	4.24292e-45	2.37421e-15	1.60738e-44	1.64693e-28	3.83878e-47	-1.23736e-29	1.20765e-45	-8.90182e-15	4.56309e-45	4.67536e-29	-1.02900e-47	-3.49591e-30	3.41196e-46	3.32331e-14	1.29675e-45	1.32866e-29	2.77202e-48	-9.53759e-31	9.30857e-47	-1.24030e-13	3.81003e-46	3.90377e-30	-7.98115e-49	-3.04216e-31	2.96910e-47	5.01157e-13	1.12548e-46	1.15317e-30	2.13862e-49	-8.66600e-32	8.45791e-48	-1.88060e-12	3.19626e-47	3.27490e-31	-5.73310e-50	-2.44691e-32	2.38815e-48	7.02123e-12	9.08924e-48	9.31286e-32	1.54623e-50	-6.61163e-33	6.45287e-49	-2.62043e-11	2.69218e-48	2.75841e-32	-4.51820e-51	-2.16761e-33	2.11556e-49	1.07799e-10	8.02609e-49	8.22357e-33	1.21070e-51	-6.18196e-34	6.03351e-50	-4.04993e-10	2.28053e-49	2.33664e-33	-3.24596e-52	-1.74405e-34	1.70217e-50	1.51217e-09	6.49110e-50	6.65081e-34	8.76834e-53	-4.64562e-35	4.53406e-51	-5.64370e-09	1.94446e-50	1.99230e-34	-2.61379e-53	-1.58390e-35	1.54586e-51	2.38120e-08	5.87155e-51	6.01601e-35	7.00400e-54	-4.52447e-36	4.41583e-52	-8.96041e-08	1.66955e-51	1.71063e-35	-1.87811e-54	-1.27490e-36	1.24431e-52	3.34605e-07	4.75813e-52	4.87532e-36	5.08447e-55	-3.32122e-37	3.24284e-53	-1.24881e-06	1.44830e-52	1.48440e-36	-1.55679e-55	-1.19442e-37	1.17037e-53	5.46282e-06	4.45248e-53	4.57972e-37	4.17170e-56	-3.26641e-38	3.35062e-54	-2.06025e-05	1.26732e-53	1.36132e-37	-1.11889e-56	-3.69312e-39	9.42482e-55	7.69471e-05	3.61860e-54	5.93797e-38	3.03861e-57	2.43714e-38	2.36849e-55	-2.44664e-05	1.12813e-54	9.82610e-38	-9.65526e-58	8.88537e-38	9.33869e-56	6.55639e-06	3.56100e-55	3.37102e-37	2.58737e-58	3.14651e-37	2.68194e-56	-1.75916e-06	1.01509e-55	1.18772e-36	-6.94220e-59	1.13293e-36	7.51997e-57	4.80242e-07	2.90794e-56	4.22224e-36	1.89510e-59	5.50527e-36	1.75028e-57	-1.61811e-07	9.46175e-57	1.69924e-35	-6.38200e-60	1.83334e-35	8.16640e-58	4.33591e-08	3.12571e-57	6.75786e-35	1.71013e-60	6.40500e-35	2.35921e-58	-1.16255e-08	8.92608e-58	2.41277e-34	-4.58522e-61	2.28395e-34	6.63949e-59	3.14292e-09	2.54907e-58	8.55908e-34	1.23959e-61	9.77831e-34	1.68630e-59	-9.46203e-10	7.92217e-59	3.25952e-33	-3.73129e-62	3.23154e-33	6.11254e-60	2.53447e-10	2.43535e-59	1.25986e-32	9.99453e-63	1.12418e-32	1.77351e-60	-6.75873e-11	6.83930e-60	4.47017e-32	-2.66521e-63	3.43168e-32	5.75290e-61	1.69016e-11	1.63424e-60	1.50111e-31	6.66302e-64	-2.42838e-31	5.58738e-64	-1.90474e-14	1.01899e-66	-4.61668e-37	1.25768e-69
7.31453e-39	-3.29149e-21	-5.64168e-39	7.05982e-23	1.72914e-40	-1.05487e-23	-1.05301e-39	-6.15152e-19	1.51171e-39	1.66732e-18	4.38350e-39	2.82658e-24	-3.44108e-40	-1.89897e-18	-4.05180e-40	6.97349e-18	1.30569e-39	-7.57596e-25	-9.79435e-41	-6.64718e-18	1.09004e-40	2.49707e-17	3.71665e-40	2.03800e-25	-2.70250e-41	-2.53536e-17	-3.08366e-41	9.08855e-17	1.08161e-40	-5.76029e-26	-8.34417e-42	-8.76175e-17	8.26284e-42	3.29233e-16	3.15973e-41	1.54350e-26	-2.37357e-42	-3.08662e-16	-2.21475e-42	1.16481e-15	8.96757e-42	-4.13715e-27	-6.70890e-43	-1.09461e-15	5.96182e-43	4.11960e-15	2.54723e-42	1.11359e-27	-1.84230e-43	-4.22568e-15	-1.69973e-43	1.50435e-14	7.44166e-43	-3.17209e-28	-5.76506e-44	-1.45657e-14	4.55455e-44	5.46942e-14	2.18402e-43	8.49981e-29	-1.64089e-44	-5.12986e-14	-1.22087e-44	1.93572e-13	6.20009e-44	-2.27840e-29	-4.63600e-45	-1.82075e-13	3.28912e-45	6.84842e-13	1.76196e-44	6.13766e-30	-1.26480e-45	-7.13658e-13	-9.47831e-46	2.51582e-12	5.17687e-45	-1.76670e-30	-4.03427e-46	-2.45120e-12	2.53979e-46	9.19496e-12	1.52925e-45	4.71582e-31	-1.14922e-46	-8.62940e-12	-6.80859e-47	3.25584e-11	4.34292e-46	-1.19628e-31	-3.24490e-47	-3.06647e-11	1.83642e-47	1.15245e-10	1.23500e-46	6.93120e-33	-8.76783e-48	-1.22729e-10	-5.37083e-48	4.26896e-10	3.65799e-47	9.19035e-32	-2.87452e-48	-4.19581e-10	1.43917e-48	1.57170e-09	1.09054e-47	-4.16096e-31	-8.19802e-49	-1.47631e-09	-3.85852e-49	5.56908e-09	3.09867e-48	1.57248e-30	-2.31282e-49	-5.25460e-09	1.04238e-49	1.97259e-08	8.81978e-49	-5.87383e-30	-6.16065e-50	-2.16261e-08	-3.10988e-50	7.38996e-08	2.64203e-49	2.19228e-29	-2.10044e-50	-7.35101e-08	8.33333e-51	2.74817e-07	7.97796e-50	-9.23959e-29	-6.00000e-51	-2.58447e-07	-2.23458e-51	9.74707e-07	2.26849e-50	3.47661e-28	-1.69071e-51	-9.21938e-07	6.04991e-52	3.45564e-06	6.46511e-51	-1.29825e-27	-4.40621e-52	-3.93745e-06	-1.85383e-52	1.31457e-05	1.96788e-51	4.84533e-27	-1.59024e-52	-1.32598e-05	4.96767e-53	4.95178e-05	6.04981e-52	-2.11724e-26	-4.55265e-53	-4.42629e-05	-1.33238e-53	1.72669e-04	1.72196e-52	7.98445e-26	-1.28060e-53	-1.37940e-06	3.61860e-54	3.95093e-04	4.91677e-53	-2.98205e-25	-3.21818e-54	3.80214e-05	-1.15059e-54	1.90833e-04	1.53285e-53	1.11298e-24	-1.26889e-54	1.60859e-05	3.08328e-55	6.14410e-05	4.83851e-54	-5.13669e-24	-3.64409e-55	4.63118e-06	-8.27282e-56	1.75300e-05	1.37925e-54	1.94338e-23	-1.02178e-55	1.29871e-06	2.25844e-56	5.02210e-06	3.95117e-55	-7.25985e-23	-2.37819e-56	3.02278e-07	-7.60950e-57	1.63407e-06	1.28561e-55	2.70960e-22	-1.10961e-56	1.41036e-07	2.03905e-57	5.39819e-07	4.24705e-56	-1.38042e-21	-3.20558e-57	4.07443e-08	-5.46714e-58	1.54156e-07	1.21283e-56	5.25074e-21	-9.02140e-58	1.14666e-08	1.47803e-58	4.40232e-08	3.46354e-57	-1.96225e-20	-2.29125e-58	2.91229e-09	-4.44972e-59	1.36818e-08	1.07642e-57	7.32394e-20	-8.30541e-59	1.05565e-09	1.19189e-59	4.20592e-09	3.30903e-58	-3.12674e-19	-2.40976e-59	3.06291e-10	-3.17844e-60	1.18117e-09	9.29289e-59	1.17746e-18	-7.81674e-60	9.93543e-11	7.94833e-61	2.82238e-10	2.22052e-59	-4.39715e-18	-7.59185e-63	9.64958e-14	-8.95743e-64	1.76785e-16	1.37730e-65	1.64111e-17
3.28290e-21	-7.35009e-39	-5.78048e-23	1.23593e-40	7.06000e-23	-2.09790e-39	6.15153e-19	1.05249e-39	1.54891e-23	4.38278e-39	1.66731e-18	5.62141e-40	1.89897e-18	3.44100e-40	-4.15149e-24	1.30568e-39	6.97349e-18	-1.50668e-40	6.64718e-18	9.79434e-41	1.11686e-24	3.71665e-40	2.49707e-17	4.05310e-41	2.53536e-17	2.70250e-41	-3.15953e-25	1.08160e-40	9.08855e-17	-1.14559e-41	8.76175e-17	8.34417e-42	8.46613e-26	3.15973e-41	3.29233e-16	3.06966e-42	3.08662e-16	2.37357e-42	-2.26925e-26	8.96757e-42	1.16481e-15	-8.22782e-43	1.09461e-15	6.70890e-43	6.10850e-27	2.54723e-42	4.11960e-15	2.21467e-43	4.22568e-15	1.84230e-43	-1.74155e-27	7.44166e-43	1.50435e-14	-6.30854e-44	1.45657e-14	5.76506e-44	4.66661e-28	2.18402e-43	5.46942e-14	1.69041e-44	5.12986e-14	1.64089e-44	-1.25090e-28	6.20009e-44	1.93572e-13	-4.53120e-45	1.82075e-13	4.63600e-45	3.37005e-29	1.76196e-44	6.84842e-13	1.22066e-45	7.13658e-13	1.26480e-45	-9.71151e-30	5.17687e-45	2.51582e-12	-3.51451e-46	2.45120e-12	4.03427e-46	2.60228e-30	1.52925e-45	9.19496e-12	9.41743e-47	8.62940e-12	1.14922e-46	-6.97610e-31	4.34292e-46	3.25584e-11	-2.52458e-47	3.06647e-11	3.24490e-47	1.88160e-31	1.23500e-46	1.15245e-10	6.80884e-48	1.22729e-10	8.76783e-48	-5.50297e-32	3.65799e-47	4.26896e-10	-1.98960e-48	4.19581e-10	2.87452e-48	1.47458e-32	1.09054e-47	1.57170e-09	5.33133e-49	1.47631e-09	8.19802e-49	-3.95345e-33	3.09867e-48	5.56908e-09	-1.42936e-49	5.25460e-09	2.31282e-49	1.06802e-33	8.81978e-49	1.97259e-08	3.86115e-50	2.16261e-08	6.16065e-50	-3.18639e-34	2.64203e-49	7.38996e-08	-1.15099e-50	7.35101e-08	2.10044e-50	8.53836e-35	7.97796e-50	2.74817e-07	3.08422e-51	2.58447e-07	6.00000e-51	-2.28956e-35	2.26849e-50	9.74707e-07	-8.27029e-52	9.21938e-07	1.69071e-51	6.19869e-36	6.46511e-51	3.45564e-06	2.23896e-52	3.93745e-06	4.40621e-52	-1.89916e-36	1.96788e-51	1.31457e-05	-6.85535e-53	1.32598e-05	1.59024e-52	5.07765e-37	6.04981e-52	4.95178e-05	1.83701e-53	4.42629e-05	4.55265e-53	-1.31902e-37	1.72196e-52	1.72669e-04	-4.92705e-54	1.37940e-06	1.28060e-53	1.98412e-38	4.91677e-53	3.95093e-04	1.33806e-54	-3.80214e-05	3.21818e-54	5.25367e-38	1.53285e-53	1.90833e-04	-4.25171e-55	-1.60859e-05	1.26889e-54	-2.94029e-37	4.83851e-54	6.14410e-05	1.13935e-55	-4.63118e-06	3.64409e-55	1.12358e-36	1.37925e-54	1.75300e-05	-3.05701e-56	-1.29871e-06	1.02178e-55	-4.20028e-36	3.95117e-55	5.02210e-06	8.34510e-57	-3.02278e-07	2.37819e-56	1.56775e-35	1.28561e-55	1.63407e-06	-2.81032e-57	-1.41036e-07	1.10961e-56	-7.99468e-35	4.24705e-56	5.39819e-07	7.53059e-58	-4.07443e-08	3.20558e-57	3.04110e-34	1.21283e-56	1.54156e-07	-2.01911e-58	-1.14666e-08	9.02140e-58	-1.13649e-33	3.46354e-57	4.40232e-08	5.45855e-59	-2.91229e-09	2.29125e-58	4.24186e-33	1.07642e-57	1.36818e-08	-1.64308e-59	-1.05565e-09	8.30541e-59	-1.81132e-32	3.30903e-58	4.20592e-09	4.40111e-60	-3.06291e-10	2.40976e-59	6.82107e-32	9.29289e-59	1.18117e-09	-1.17363e-60	-9.93543e-11	7.81674e-60	-2.54730e-31	2.22052e-59	2.82238e-10	2.93418e-61	-9.64958e-14	7.59185e-63	9.50709e-31	1.18625e-65	1.75060e-16	-3.99995e-65
1.98263e-40	-1.01815e-24	-4.73742e-42	-2.39730e-28	5.80886e-42	-1.25260e-24	-2.86684e-41	1.43840e-25	1.26941e-42	5.99484e-25	1.19309e-40	2.08399e-21	-9.36475e-42	4.70837e-26	-3.40237e-43	1.78664e-25	3.55334e-41	-8.33472e-21	-2.66545e-42	1.34025e-26	9.15327e-44	5.08583e-26	1.01145e-41	3.12549e-20	-7.35460e-43	3.69807e-27	-2.58941e-44	1.48006e-26	2.94349e-42	-1.16685e-19	-2.27079e-43	1.14181e-27	6.93846e-45	4.32375e-27	8.59893e-43	4.60983e-19	-6.45946e-44	3.24797e-28	-1.85977e-45	1.22712e-27	2.44045e-43	-1.72725e-18	-1.82577e-44	9.18041e-29	5.00625e-46	3.48561e-28	6.93207e-44	6.44800e-18	-5.01365e-45	2.52099e-29	-1.42730e-46	1.01831e-28	2.02518e-44	-2.40648e-17	-1.56891e-45	7.88888e-30	3.82454e-47	2.98860e-29	5.94362e-45	9.59216e-17	-4.46555e-46	2.24541e-30	-1.02518e-47	8.48406e-30	1.68730e-45	-3.59622e-16	-1.26165e-46	6.34474e-31	2.76194e-48	2.41072e-30	4.79501e-46	1.34256e-15	-3.44204e-47	1.73415e-31	-7.95911e-49	7.07199e-31	1.40884e-46	-5.01064e-15	-1.09789e-47	5.63742e-32	2.13271e-49	2.04874e-31	4.16171e-47	2.02248e-14	-3.12749e-48	1.98435e-32	-5.71729e-50	4.38922e-32	1.18189e-47	-7.58885e-14	-8.83070e-49	1.90726e-32	1.54207e-50	-3.80923e-32	3.36094e-48	2.83329e-13	-2.38609e-49	5.97626e-32	-4.50999e-51	-1.98697e-31	9.95489e-49	-1.05743e-12	-7.82275e-50	2.00606e-31	1.20850e-51	-7.48480e-31	2.96782e-49	4.34537e-12	-2.23102e-50	7.04565e-31	-3.24007e-52	-2.65699e-30	8.43274e-50	-1.63240e-11	-6.29413e-51	2.50738e-30	8.75303e-53	-9.41252e-30	2.40022e-50	6.09508e-11	-1.67657e-51	1.03194e-29	-2.61142e-53	-3.52628e-29	7.19004e-51	-2.27479e-10	-5.71616e-52	3.50770e-29	6.99765e-54	-1.31135e-28	2.17113e-51	9.58731e-10	-1.63285e-52	1.23324e-28	-1.87642e-54	-4.65103e-28	6.17350e-52	-3.60744e-09	-4.60112e-53	4.39926e-28	5.08022e-55	-1.64894e-27	1.75942e-52	1.34710e-08	-1.19911e-53	1.87905e-27	-1.55669e-55	-6.27304e-27	5.35540e-53	-5.02767e-08	-4.32770e-54	6.34413e-27	4.17144e-56	-2.36518e-26	1.64640e-53	2.19692e-07	-1.23896e-54	2.22807e-26	-1.11883e-56	-8.40008e-26	4.68617e-54	-8.28493e-07	-3.48503e-55	7.97355e-26	3.03861e-57	-2.98205e-25	1.33806e-54	3.09428e-06	-8.75799e-56	3.58302e-25	-9.66168e-58	-1.15924e-24	4.17151e-55	-9.83216e-07	-3.45318e-56	1.20080e-24	2.58909e-58	-4.45841e-24	1.31676e-55	2.63477e-07	-9.91706e-57	4.21068e-24	-6.94684e-59	-1.58664e-23	3.75351e-56	-7.06939e-08	-2.78067e-57	1.51487e-23	1.89646e-59	-5.64491e-23	1.07527e-56	1.92982e-08	-6.47203e-58	7.36079e-23	-6.38984e-60	-2.27194e-22	3.49868e-57	-6.49893e-09	-3.01970e-58	2.45125e-22	1.71223e-60	-9.03552e-22	1.15580e-57	1.74146e-09	-8.72369e-59	8.56374e-22	-4.59086e-61	-3.22597e-21	3.30061e-58	-4.66923e-10	-2.45509e-59	3.05373e-21	1.24113e-61	-1.14438e-20	9.42573e-59	1.26230e-10	-6.23544e-60	1.30741e-20	-3.73651e-62	-4.35813e-20	2.92939e-59	-3.79966e-11	-2.26024e-60	4.32171e-20	1.00085e-62	-1.68464e-19	9.00523e-60	1.01777e-11	-6.55794e-61	1.51006e-19	-2.66899e-63	-5.98696e-19	2.52898e-60	-2.71405e-12	-2.12726e-61	5.06506e-19	6.67436e-64	-2.07645e-18	6.04295e-61	6.78536e-13	-2.06605e-64	3.40248e-21	-7.52172e-67	-4.73193e-18	3.74819e-67	-9.54855e-17
-2.14876e-22	4.81087e-40	3.78351e-24	-8.08957e-42	-4.62099e-24	1.37314e-40	-4.02637e-20	-6.88887e-41	-1.01381e-24	-2.86867e-40	-1.09131e-19	-3.67939e-41	-1.24294e-19	-2.25224e-41	2.71728e-25	-8.54608e-41	-4.56437e-19	9.86170e-42	-4.35079e-19	-6.41070e-42	-7.31020e-26	-2.43266e-41	-1.63441e-18	-2.65288e-42	-1.65947e-18	-1.76887e-42	2.06801e-26	-7.07944e-42	-5.94874e-18	7.49822e-43	-5.73484e-18	-5.46152e-43	-5.54135e-27	-2.06814e-42	-2.15494e-17	-2.00919e-43	-2.02029e-17	-1.55358e-43	1.48529e-27	-5.86956e-43	-7.62408e-17	5.38537e-44	-7.16457e-17	-4.39119e-44	-3.99821e-28	-1.66724e-43	-2.69641e-16	-1.44957e-44	-2.76584e-16	-1.20584e-44	1.13990e-28	-4.87080e-44	-9.84642e-16	4.12913e-45	-9.53372e-16	-3.77342e-45	-3.05444e-29	-1.42951e-44	-3.57991e-15	-1.10643e-45	-3.35766e-15	-1.07402e-45	8.18756e-30	-4.05815e-45	-1.26699e-14	2.96581e-46	-1.19174e-14	-3.03441e-46	-2.20580e-30	-1.15326e-45	-4.48251e-14	-7.98962e-47	-4.67111e-14	-8.27852e-47	6.35649e-31	-3.38843e-46	-1.64668e-13	2.30036e-47	-1.60439e-13	-2.64055e-47	-1.70327e-31	-1.00094e-46	-6.01839e-13	-6.16400e-48	-5.64822e-13	-7.52199e-48	4.56608e-32	-2.84257e-47	-2.13105e-12	1.65242e-48	-2.00710e-12	-2.12389e-48	-1.23157e-32	-8.08345e-48	-7.54318e-12	-4.45660e-49	-8.03300e-12	-5.73882e-49	3.60187e-33	-2.39427e-48	-2.79417e-11	1.30225e-49	-2.74629e-11	-1.88146e-49	-9.65159e-34	-7.13796e-49	-1.02873e-10	-3.48953e-50	-9.66290e-11	-5.36586e-50	2.58766e-34	-2.02817e-49	-3.64514e-10	9.35563e-51	-3.43930e-10	-1.51381e-50	-6.99055e-35	-5.77282e-50	-1.29112e-09	-2.52725e-51	-1.41549e-09	-4.03234e-51	2.08559e-35	-1.72929e-50	-4.83696e-09	7.53356e-52	-4.81147e-09	-1.37480e-51	-5.58863e-36	-5.22183e-51	-1.79876e-08	-2.01872e-52	-1.69162e-08	-3.92719e-52	1.49861e-36	-1.48480e-51	-6.37977e-08	5.41317e-53	-6.03441e-08	-1.10662e-52	-4.05818e-37	-4.23162e-52	-2.26183e-07	-1.46547e-53	-2.57742e-07	-2.88400e-53	1.24660e-37	-1.28804e-52	-8.60458e-07	4.48704e-54	-8.69772e-07	-1.04086e-53	-3.47851e-38	-3.95979e-53	-3.24368e-06	-1.20238e-54	-3.02574e-06	-2.97985e-54	1.44801e-38	-1.12708e-53	-1.14800e-05	3.22491e-55	-8.85853e-06	-8.38191e-55	-2.31352e-38	-3.21818e-54	-3.80214e-05	-8.75799e-56	9.25632e-05	-2.10640e-55	7.80607e-38	-1.00330e-54	3.75416e-05	2.78288e-56	-1.72997e-05	-8.30530e-56	-3.57286e-37	-3.16696e-55	7.10102e-05	-7.45742e-57	-5.53473e-06	-2.38517e-56	1.35108e-36	-9.02764e-56	2.10215e-05	2.00091e-57	-1.56000e-06	-6.68784e-57	-5.04705e-36	-2.58616e-56	6.03357e-06	-5.46213e-58	-3.63187e-07	-1.55660e-57	1.88371e-35	-8.41475e-57	1.96337e-06	1.83945e-58	-1.69459e-07	-7.26273e-58	-9.60584e-35	-2.77983e-57	6.48607e-07	-4.92901e-59	-4.89554e-08	-2.09815e-58	3.65396e-34	-7.93835e-58	1.85223e-07	1.32157e-59	-1.37774e-08	-5.90479e-59	-1.36553e-33	-2.26700e-58	5.28951e-08	-3.57279e-60	-3.49919e-09	-1.49970e-59	5.09671e-33	-7.04553e-59	1.64391e-08	1.07545e-60	-1.26840e-09	-5.43615e-60	-2.17635e-32	-2.16586e-59	5.05353e-09	-2.88066e-61	-3.68017e-10	-1.57726e-60	8.19571e-32	-6.08249e-60	1.41921e-09	7.68179e-62	-1.19377e-10	-5.11630e-61	-3.06065e-31	-1.45340e-60	3.39117e-10	-1.92051e-62	-1.15942e-13	-4.96911e-64	1.14230e-30	-7.76435e-67	2.10340e-16	2.61809e-66
4.78759e-40	-2.15438e-22	-3.69266e-40	4.62087e-24	1.13177e-41	-6.90448e-25	-6.89228e-41	-4.02636e-20	9.89465e-41	1.09131e-19	2.86914e-40	1.85009e-25	-2.25229e-41	-1.24294e-19	-2.65203e-41	4.56437e-19	8.54615e-41	-4.95870e-26	-6.41071e-42	-4.35079e-19	7.13466e-42	1.63441e-18	2.43266e-41	1.33393e-26	-1.76887e-42	-1.65947e-18	-2.01835e-42	5.94874e-18	7.07944e-42	-3.77029e-27	-5.46152e-43	-5.73484e-18	5.40829e-43	2.15494e-17	2.06814e-42	1.01027e-27	-1.55358e-43	-2.02029e-17	-1.44963e-43	7.62408e-17	5.86956e-43	-2.70789e-28	-4.39119e-44	-7.16457e-17	3.90220e-44	2.69641e-16	1.66724e-43	7.28879e-29	-1.20584e-44	-2.76584e-16	-1.11253e-44	9.84642e-16	4.87080e-44	-2.07623e-29	-3.77342e-45	-9.53372e-16	2.98110e-45	3.57991e-15	1.42951e-44	5.56341e-30	-1.07402e-45	-3.35766e-15	-7.99095e-46	1.26699e-14	4.05815e-45	-1.49133e-30	-3.03441e-46	-1.19174e-14	2.15283e-46	4.48251e-14	1.15326e-45	4.01893e-31	-8.27852e-47	-4.67111e-14	-6.20385e-47	1.64668e-13	3.38843e-46	-1.16248e-31	-2.64055e-47	-1.60439e-13	1.66237e-47	6.01839e-13	1.00094e-46	3.33360e-32	-7.52199e-48	-5.64822e-13	-4.45643e-48	2.13105e-12	2.84257e-47	-1.70963e-32	-2.12389e-48	-2.00710e-12	1.20199e-48	7.54318e-12	8.08345e-48	3.50490e-32	-5.73882e-49	-8.03300e-12	-3.51538e-49	2.79417e-11	2.39427e-48	-1.23100e-31	-1.88146e-49	-2.74629e-11	9.41982e-50	1.02873e-10	7.13796e-49	5.03347e-31	-5.36586e-50	-9.66290e-11	-2.52552e-50	3.64514e-10	2.02817e-49	-1.89029e-30	-1.51381e-50	-3.43930e-10	6.82269e-51	1.29112e-09	5.77282e-50	7.05781e-30	-4.03234e-51	-1.41549e-09	-2.03551e-51	4.83696e-09	1.72929e-50	-2.63410e-29	-1.37480e-51	-4.81147e-09	5.45443e-52	1.79876e-08	5.22183e-51	1.11016e-28	-3.92719e-52	-1.69162e-08	-1.46260e-52	6.37977e-08	1.48480e-51	-4.17724e-28	-1.10662e-52	-6.03441e-08	3.95986e-53	2.26183e-07	4.23162e-52	1.55988e-27	-2.88400e-53	-2.57742e-07	-1.21339e-53	8.60458e-07	1.28804e-52	-5.82180e-27	-1.04086e-53	-8.69772e-07	3.25149e-54	3.24368e-06	3.95979e-53	2.54393e-26	-2.97985e-54	-3.02574e-06	-8.72086e-55	1.14800e-05	1.12708e-53	-9.59354e-26	-8.38191e-55	-8.85853e-06	2.36849e-55	3.80214e-05	3.21818e-54	3.58302e-25	-2.10640e-55	9.25632e-05	-7.53094e-56	-3.75416e-05	1.00330e-54	-1.33727e-24	-8.30530e-56	-1.72997e-05	2.01811e-56	-7.10102e-05	3.16696e-55	6.17188e-24	-2.38517e-56	-5.53473e-06	-5.41482e-57	-2.10215e-05	9.02764e-56	-2.33502e-23	-6.68784e-57	-1.56000e-06	1.47822e-57	-6.03357e-06	2.58616e-56	8.72291e-23	-1.55660e-57	-3.63187e-07	-4.98066e-58	-1.96337e-06	8.41475e-57	-3.25566e-22	-7.26273e-58	-1.69459e-07	1.33462e-58	-6.48607e-07	2.77983e-57	1.65862e-21	-2.09815e-58	-4.89554e-08	-3.57841e-59	-1.85223e-07	7.93835e-58	-6.30891e-21	-5.90479e-59	-1.37774e-08	9.67416e-60	-5.28951e-08	2.26700e-58	2.35770e-20	-1.49970e-59	-3.49919e-09	-2.91248e-60	-1.64391e-08	7.04553e-59	-8.79992e-20	-5.43615e-60	-1.26840e-09	7.80130e-61	-5.05353e-09	2.16586e-59	3.75686e-19	-1.57726e-60	-3.68017e-10	-2.08039e-61	-1.41921e-09	6.08249e-60	-1.41475e-18	-5.11630e-61	-1.19377e-10	5.20243e-62	-3.39117e-10	1.45340e-60	5.28330e-18	-4.96910e-64	-1.15942e-13	-5.86292e-65	-2.12413e-16	9.01483e-67	-1.97184e-17
-1.75252e-24	1.71076e-40	3.41561e-23	-4.17609e-42	-4.32375e-26	1.51483e-42	2.52499e-25	-2.46431e-41	-1.63735e-20	-1.02581e-40	-1.05106e-24	-4.05905e-43	8.25070e-26	-8.05257e-42	6.54597e-20	-3.05548e-41	-3.13066e-25	1.08793e-43	2.34839e-26	-2.29200e-42	-2.45465e-19	-8.69742e-42	-8.91141e-26	-2.92661e-44	6.47977e-27	-6.32418e-43	9.16402e-19	-2.53109e-42	-2.59336e-26	8.27192e-45	2.00068e-27	-1.95264e-43	-3.62403e-18	-7.39417e-43	-7.57609e-27	-2.21651e-45	5.69111e-28	-5.55445e-44	1.35797e-17	-2.09852e-43	-2.15016e-27	5.94105e-46	1.60859e-28	-1.56997e-44	-5.06948e-17	-5.96084e-44	-6.10750e-28	-1.59914e-46	4.41728e-29	-4.31121e-45	1.89200e-16	-1.74144e-44	-1.78429e-28	4.55520e-47	1.38229e-29	-1.34910e-45	-7.54915e-16	-5.11089e-45	-5.23663e-29	-1.22059e-47	3.93437e-30	-3.83990e-46	2.83046e-15	-1.45090e-45	-1.48660e-29	3.27184e-48	1.11157e-30	-1.08488e-46	-1.05669e-14	-4.12320e-46	-4.22465e-30	-8.81402e-49	3.03261e-31	-2.95979e-47	3.94372e-14	-1.21145e-46	-1.24126e-30	2.53772e-49	9.67296e-32	-9.44069e-48	-1.59350e-13	-3.57863e-47	-3.66668e-31	-6.80003e-50	2.75548e-32	-2.68931e-48	5.97963e-13	-1.01630e-47	-1.04130e-31	1.82292e-50	7.78029e-33	-7.59347e-49	-2.23250e-12	-2.89005e-48	-2.96116e-32	-4.91645e-51	2.10226e-33	-2.05178e-49	8.33204e-12	-8.56015e-49	-8.77076e-33	1.43663e-51	6.89223e-34	-6.72673e-50	-3.42763e-11	-2.55201e-49	-2.61480e-33	-3.84959e-52	1.96564e-34	-1.91844e-50	1.28773e-10	-7.25126e-50	-7.42967e-34	1.03210e-52	5.54545e-35	-5.41229e-51	-4.80817e-10	-2.06394e-50	-2.11472e-34	-2.78802e-53	1.47714e-35	-1.44167e-51	1.79449e-09	-6.18267e-51	-6.33479e-35	8.31091e-54	5.03622e-36	-4.91529e-52	-7.57135e-09	-1.86694e-51	-1.91288e-35	-2.22702e-54	1.43859e-36	-1.40408e-52	2.84909e-08	-5.30855e-52	-5.43929e-36	5.97172e-55	4.05259e-37	-3.95647e-53	-1.06392e-07	-1.51292e-52	-1.55060e-36	-1.61668e-55	1.05123e-37	-1.03111e-53	3.97078e-07	-4.60508e-53	-4.73589e-37	4.95004e-56	3.63583e-38	-3.72137e-54	-1.73698e-06	-1.41573e-53	-1.51658e-37	-1.32645e-56	4.69638e-39	-1.06538e-54	6.55085e-06	-4.02961e-54	-6.47358e-38	3.55767e-57	-1.91871e-38	-2.99675e-55	-2.44664e-05	-1.15059e-54	-9.50309e-38	-9.66168e-58	-9.92459e-38	-7.53094e-56	9.13148e-05	-3.58705e-55	-3.27270e-37	3.07002e-58	-3.34891e-37	-2.96937e-56	-2.44701e-05	-1.13227e-55	-1.24569e-36	-8.22690e-59	-1.17529e-36	-8.52762e-57	6.56562e-06	-3.22762e-56	-4.42931e-36	2.20737e-59	-4.22863e-36	-2.39108e-57	-1.79238e-06	-9.24622e-57	-1.57574e-35	-6.02574e-60	-2.05471e-35	-5.56525e-58	6.03918e-07	-3.00850e-57	-6.34197e-35	2.02925e-60	-6.84250e-35	-2.59662e-58	-1.61827e-07	-9.93862e-58	-2.52220e-34	-5.43760e-61	-2.39051e-34	-7.50145e-59	4.33893e-08	-2.83817e-58	-9.00506e-34	1.45794e-61	-8.52427e-34	-2.11112e-59	-1.17302e-08	-8.10512e-59	-3.19446e-33	-3.94145e-62	-3.64951e-33	-5.36182e-60	3.53147e-09	-2.51897e-59	-1.21653e-32	1.18642e-62	-1.20609e-32	-1.94357e-60	-9.45930e-10	-7.74354e-60	-4.70213e-32	-3.17790e-63	-4.19571e-32	-5.63913e-61	2.52253e-10	-2.17465e-60	-1.66838e-31	8.47441e-64	-1.28079e-31	-1.82921e-61	-6.30809e-11	-5.19630e-61	-5.60252e-31	-2.11860e-64	9.06331e-31	-1.77659e-64	7.10895e-14	-3.24003e-67	1.72306e-36	-3.99898e-70
2.28037e-39	-1.02615e-21	-1.75884e-39	2.20096e-23	5.39074e-41	-3.28866e-24	-3.28285e-40	-1.91779e-19	4.71291e-40	5.19801e-19	1.36660e-39	8.81213e-25	-1.07279e-40	-5.92022e-19	-1.26318e-40	2.17405e-18	4.07061e-40	-2.36187e-25	-3.05348e-41	-2.07232e-18	3.39830e-41	7.78485e-18	1.15870e-40	6.35364e-26	-8.42527e-42	-7.90421e-18	-9.61358e-42	2.83344e-17	3.37200e-41	-1.79582e-26	-2.60137e-42	-2.73155e-17	2.57601e-42	1.02641e-16	9.85075e-42	4.81200e-27	-7.39981e-43	-9.62281e-17	-6.90470e-43	3.63141e-16	2.79572e-42	-1.28979e-27	-2.09156e-43	-3.41255e-16	1.85865e-43	1.28432e-15	7.94123e-43	3.47171e-28	-5.74353e-44	-1.31739e-15	-5.29907e-44	4.68994e-15	2.32000e-43	-9.88926e-29	-1.79731e-44	-4.54099e-15	1.41992e-44	1.70514e-14	6.80889e-44	2.64989e-29	-5.11564e-45	-1.59928e-14	-3.80616e-45	6.03477e-14	1.93293e-44	-7.10298e-30	-1.44531e-45	-5.67635e-14	1.02541e-45	2.13506e-13	5.49306e-45	1.91301e-30	-3.94313e-46	-2.22489e-13	-2.95495e-46	7.84329e-13	1.61394e-45	-5.49058e-31	-1.25772e-46	-7.64182e-13	7.91803e-47	2.86661e-12	4.76757e-46	1.40051e-31	-3.58279e-47	-2.69029e-12	-2.12264e-47	1.01504e-11	1.35394e-46	-1.11444e-32	-1.01163e-47	-9.56000e-12	5.72519e-48	3.59288e-11	3.85022e-47	-9.54731e-32	-2.73345e-48	-3.82619e-11	-1.67440e-48	1.33089e-10	1.14041e-47	3.93037e-31	-8.96157e-49	-1.30808e-10	4.48674e-49	4.89992e-10	3.39987e-48	-1.62711e-30	-2.55581e-49	-4.60252e-10	-1.20293e-49	1.73621e-09	9.66037e-49	6.11542e-30	-7.21042e-50	-1.63817e-09	3.24970e-50	6.14972e-09	2.74964e-49	-2.28346e-29	-1.92064e-50	-6.74212e-09	-9.69532e-51	2.30389e-08	8.23676e-50	8.52229e-29	-6.54831e-51	-2.29174e-08	2.59799e-51	8.56766e-08	2.48720e-50	-3.59179e-28	-1.87056e-51	-8.05733e-08	-6.96651e-52	3.03874e-07	7.07223e-51	1.35149e-27	-5.27094e-52	-2.87424e-07	1.88611e-52	1.07733e-06	2.01556e-51	-5.04680e-27	-1.37367e-52	-1.22767e-06	-5.77948e-53	4.09846e-06	6.13503e-52	1.88357e-26	-4.95772e-53	-4.14430e-06	1.54871e-53	1.54520e-05	1.88608e-52	-8.23057e-26	-1.41933e-53	-1.45148e-05	-4.15382e-54	5.48231e-05	5.36838e-53	3.10387e-25	-3.99237e-54	-4.92118e-05	1.12813e-54	1.90833e-04	1.53285e-53	-1.15924e-24	-1.00330e-54	-3.75416e-05	-3.58705e-55	4.84767e-04	4.77879e-54	4.32658e-24	-3.95589e-55	5.98134e-05	9.61241e-56	2.35074e-04	1.50845e-54	-1.99684e-23	-1.13608e-55	1.79633e-05	-2.57913e-56	6.80908e-05	4.29994e-55	7.55468e-23	-3.18548e-56	5.04802e-06	7.04090e-57	1.95220e-05	1.23181e-55	-2.82219e-22	-7.41421e-57	1.17506e-06	-2.37233e-57	6.35227e-06	4.00802e-56	1.05333e-21	-3.45930e-57	5.48263e-07	6.35693e-58	2.09849e-06	1.32406e-56	-5.36626e-21	-9.99367e-58	1.58389e-07	-1.70443e-58	5.99265e-07	3.78110e-57	2.04117e-20	-2.81250e-58	4.45752e-08	4.60788e-59	1.71136e-07	1.07979e-57	-7.62805e-20	-7.14319e-59	1.13212e-08	-1.38724e-59	5.31867e-08	3.35585e-58	2.84710e-19	-2.58928e-59	4.10375e-09	3.71583e-60	1.63501e-08	1.03162e-58	-1.21549e-18	-7.51264e-60	1.19067e-09	-9.90906e-61	4.59166e-09	2.89714e-59	4.57723e-18	-2.43694e-60	3.86229e-10	2.47796e-61	1.09717e-09	6.92268e-60	-1.70934e-17	-2.36683e-63	3.75117e-13	-2.79256e-64	6.87235e-16	4.29384e-66	6.37966e-17
1.02347e-21	-2.29146e-39	-1.80212e-23	3.85313e-41	2.20102e-23	-6.54038e-40	1.91779e-19	3.28123e-40	4.82886e-24	1.36637e-39	5.19800e-19	1.75253e-40	5.92022e-19	1.07276e-40	-1.29426e-24	4.07057e-40	2.17405e-18	-4.69721e-41	2.07232e-18	3.05347e-41	3.48191e-25	1.15870e-40	7.78485e-18	1.26359e-41	7.90421e-18	8.42527e-42	-9.85011e-26	3.37200e-41	2.83344e-17	-3.57147e-42	2.73155e-17	2.60137e-42	2.63939e-26	9.85075e-42	1.02641e-16	9.56994e-43	9.62281e-17	7.39981e-43	-7.07458e-27	2.79572e-42	3.63141e-16	-2.56510e-43	3.41255e-16	2.09156e-43	1.90438e-27	7.94123e-43	1.28432e-15	6.90443e-44	1.31739e-15	5.74353e-44	-5.42945e-28	2.32000e-43	4.68994e-15	-1.96674e-44	4.54099e-15	1.79731e-44	1.45486e-28	6.80889e-44	1.70514e-14	5.27002e-45	1.59928e-14	5.11564e-45	-3.89980e-29	1.93293e-44	6.03477e-14	-1.41264e-45	5.67635e-14	1.44531e-45	1.05064e-29	5.49306e-45	2.13506e-13	3.80553e-46	2.22489e-13	3.94313e-46	-3.02765e-30	1.61394e-45	7.84329e-13	-1.09568e-46	7.64182e-13	1.25772e-46	8.11284e-31	4.76757e-46	2.86661e-12	2.93597e-47	2.69029e-12	3.58279e-47	-2.17486e-31	1.35394e-46	1.01504e-11	-7.87060e-48	9.56000e-12	1.01163e-47	5.86605e-32	3.85022e-47	3.59288e-11	2.12272e-48	3.82619e-11	2.73345e-48	-1.71560e-32	1.14041e-47	1.33089e-10	-6.20275e-49	1.30808e-10	8.96157e-49	4.59713e-33	3.39987e-48	4.89992e-10	1.66209e-49	4.60252e-10	2.55581e-49	-1.23252e-33	9.66037e-49	1.73621e-09	-4.45617e-50	1.63817e-09	7.21042e-50	3.32966e-34	2.74964e-49	6.14972e-09	1.20375e-50	6.74212e-09	1.92064e-50	-9.93385e-35	8.23676e-50	2.30389e-08	-3.58830e-51	2.29174e-08	6.54831e-51	2.66191e-35	2.48720e-50	8.56766e-08	9.61533e-52	8.05733e-08	1.87056e-51	-7.13783e-36	7.07223e-51	3.03874e-07	-2.57834e-52	2.87424e-07	5.27094e-52	1.93223e-36	2.01556e-51	1.07733e-06	6.98015e-53	1.22767e-06	1.37367e-52	-5.91080e-37	6.13503e-52	4.09846e-06	-2.13722e-53	4.14430e-06	4.95772e-53	1.53925e-37	1.88608e-52	1.54520e-05	5.72706e-54	1.45148e-05	1.41933e-53	-2.46211e-38	5.36838e-53	5.48231e-05	-1.53605e-54	4.92118e-05	3.99237e-54	-5.54407e-38	1.53285e-53	1.90833e-04	4.17151e-55	3.75416e-05	1.00330e-54	2.46384e-37	4.77879e-54	4.84767e-04	-1.32551e-55	-5.98134e-05	3.95589e-55	-1.15430e-36	1.50845e-54	2.35074e-04	3.55203e-56	-1.79633e-05	1.13608e-55	4.37082e-36	4.29994e-55	6.80908e-05	-9.53050e-57	-5.04802e-06	3.18548e-56	-1.63290e-35	1.23181e-55	1.95220e-05	2.60166e-57	-1.17506e-06	7.41421e-57	6.09451e-35	4.00802e-56	6.35227e-06	-8.76144e-58	-5.48263e-07	3.45930e-57	-3.10785e-34	1.32406e-56	2.09849e-06	2.34773e-58	-1.58389e-07	9.99367e-58	1.18219e-33	3.78110e-57	5.99265e-07	-6.29476e-59	-4.45752e-08	2.81250e-58	-4.41799e-33	1.07979e-57	1.71136e-07	1.70175e-59	-1.13212e-08	7.14319e-59	1.64898e-32	3.35585e-58	5.31867e-08	-5.12245e-60	-4.10375e-09	2.58928e-59	-7.04130e-32	1.03162e-58	1.63501e-08	1.37209e-60	-1.19067e-09	7.51264e-60	2.65162e-31	2.89714e-59	4.59166e-09	-3.65890e-61	-3.86229e-10	2.43694e-60	-9.90235e-31	6.92268e-60	1.09717e-09	9.14757e-62	-3.75117e-13	2.36683e-63	3.69578e-30	3.69823e-66	6.80529e-16	-1.24702e-65
-6.29986e-41	3.23519e-25	1.50533e-42	7.61749e-29	-1.84578e-42	3.98019e-25	9.10947e-42	-4.57057e-26	-4.03360e-43	-1.90488e-25	-3.79109e-41	-6.62195e-22	2.97568e-42	-1.49610e-26	1.08111e-43	-5.67711e-26	-1.12908e-41	2.64838e-21	8.46953e-43	-4.25867e-27	-2.90848e-44	-1.61604e-26	-3.21392e-42	-9.93133e-21	2.33695e-43	-1.17507e-27	8.22791e-45	-4.70293e-27	-9.35303e-43	3.70769e-20	7.21550e-44	-3.62813e-28	-2.20471e-45	-1.37389e-27	-2.73234e-43	-1.46479e-19	2.05251e-44	-1.03205e-28	5.90947e-46	-3.89919e-28	-7.75458e-44	5.48837e-19	5.80143e-45	-2.91710e-29	-1.59075e-46	-1.10756e-28	-2.20268e-44	-2.04887e-18	1.59310e-45	-8.01051e-30	4.53528e-47	-3.23571e-29	-6.43507e-45	7.64665e-18	4.98526e-46	-2.50674e-30	-1.21526e-47	-9.49626e-30	-1.88860e-45	-3.04794e-17	1.41894e-46	-7.13569e-31	3.25755e-48	-2.69552e-30	-5.36144e-46	1.14271e-16	4.00892e-47	-2.01902e-31	-8.77613e-49	-7.64899e-31	-1.52363e-46	-4.26604e-16	1.09372e-47	-5.62658e-32	2.52903e-49	-2.20615e-31	-4.47663e-47	1.59214e-15	3.48858e-48	-2.19068e-32	-6.77675e-50	-5.01178e-32	-1.32240e-47	-6.42648e-15	9.93769e-49	-2.03652e-32	1.81669e-50	3.91006e-32	-3.75548e-48	2.41138e-14	2.80598e-49	-5.60225e-32	-4.89998e-51	1.99874e-31	-1.06795e-48	-9.00287e-14	7.58186e-50	-2.18952e-31	1.43306e-51	7.58678e-31	-3.16320e-49	3.36001e-13	2.48570e-50	-7.47368e-31	-3.84004e-52	2.79861e-30	-9.43033e-50	-1.38075e-12	7.08913e-51	-2.62923e-30	1.02954e-52	9.91798e-30	-2.67953e-50	5.18701e-12	1.99998e-51	-9.35807e-30	-2.78130e-53	3.51303e-29	-7.62678e-51	-1.93673e-11	5.32734e-52	-3.85144e-29	8.29786e-54	1.31610e-28	-2.28466e-51	7.22821e-11	1.81633e-52	-1.30916e-28	-2.22352e-54	4.89428e-28	-6.89883e-52	-3.04639e-10	5.18842e-53	-4.60275e-28	5.96237e-55	1.73588e-27	-1.96165e-52	1.14628e-09	1.46202e-53	-1.64191e-27	-1.61425e-55	6.15425e-27	-5.59061e-53	-4.28046e-09	3.81021e-54	-7.01309e-27	4.94644e-56	2.34125e-26	-1.70169e-53	1.59756e-08	1.37514e-54	-2.36779e-26	-1.32549e-56	8.82746e-26	-5.23149e-54	-6.98079e-08	3.93684e-55	-8.31573e-26	3.55510e-57	3.13512e-25	-1.48904e-54	2.63256e-07	1.10738e-55	-2.97593e-25	-9.65526e-58	1.11298e-24	-4.25171e-55	-9.83216e-07	2.78288e-56	-1.33727e-24	3.07002e-58	4.32658e-24	-1.32551e-55	3.66961e-06	1.09726e-56	-4.48170e-24	-8.22691e-59	1.66399e-23	-4.18403e-56	-9.83364e-07	3.15117e-57	-1.57153e-23	2.20738e-59	5.92172e-23	-1.19269e-56	2.63847e-07	8.83566e-58	-5.65387e-23	-6.02604e-60	2.10682e-22	-3.41672e-57	-7.20258e-08	2.05650e-58	-2.74723e-22	2.03039e-60	8.47945e-22	-1.11172e-57	2.42556e-08	9.59518e-59	-9.14869e-22	-5.44066e-61	3.37228e-21	-3.67258e-58	-6.49958e-09	2.77198e-59	-3.19620e-21	1.45876e-61	1.20401e-20	-1.04878e-58	1.74267e-09	7.80113e-60	-1.13973e-20	-3.94372e-62	4.27112e-20	-2.99505e-59	-4.71122e-10	1.98133e-60	-4.87959e-20	1.18729e-62	1.62656e-19	-9.30823e-60	1.41813e-10	7.18198e-61	-1.61297e-19	-3.18024e-63	6.28748e-19	-2.86144e-60	-3.79856e-11	2.08380e-61	-5.63592e-19	8.48080e-64	2.23448e-18	-8.03589e-61	1.01295e-11	6.75942e-62	-1.89041e-18	-2.12080e-64	7.74984e-18	-1.92017e-61	-2.53247e-12	6.56495e-65	-1.26989e-20	2.39005e-67	1.76608e-17	-1.19100e-67	3.56376e-16
-8.47234e-23	1.89687e-40	1.49180e-24	-3.18963e-42	-1.82201e-24	5.41414e-41	-1.58755e-20	-2.71621e-41	-3.99734e-25	-1.13108e-40	-4.30291e-20	-1.45074e-41	-4.90077e-20	-8.88034e-42	1.07139e-25	-3.36963e-41	-1.79968e-19	3.88836e-42	-1.71547e-19	-2.52767e-42	-2.88233e-26	-9.59172e-42	-6.44431e-19	-1.04600e-42	-6.54311e-19	-6.97445e-43	8.15394e-27	-2.79135e-42	-2.34552e-18	2.95647e-43	-2.26118e-18	-2.15342e-43	-2.18489e-27	-8.15447e-43	-8.49667e-18	-7.92201e-44	-7.96578e-18	-6.12558e-44	5.85635e-28	-2.31430e-43	-3.00609e-17	2.12339e-44	-2.82491e-17	-1.73140e-44	-1.57645e-28	-6.57376e-44	-1.06316e-16	-5.71549e-45	-1.09054e-16	-4.75450e-45	4.49451e-29	-1.92050e-44	-3.88234e-16	1.62807e-45	-3.75904e-16	-1.48782e-45	-1.20433e-29	-5.63641e-45	-1.41152e-15	-4.36253e-46	-1.32389e-15	-4.23473e-46	3.22826e-30	-1.60008e-45	-4.99559e-15	1.16939e-46	-4.69889e-15	-1.19643e-46	-8.69723e-31	-4.54717e-46	-1.76740e-14	-3.15022e-47	-1.84177e-14	-3.26413e-47	2.50629e-31	-1.33602e-46	-6.49269e-14	9.07006e-48	-6.32591e-14	-1.04114e-47	-6.71582e-32	-3.94660e-47	-2.37298e-13	-2.43040e-48	-2.22703e-13	-2.96584e-48	1.80035e-32	-1.12080e-47	-8.40249e-13	6.51529e-49	-7.91378e-13	-8.37426e-49	-4.85593e-33	-3.18722e-48	-2.97419e-12	-1.75719e-49	-3.16732e-12	-2.26275e-49	1.42018e-33	-9.44034e-49	-1.10171e-11	5.13464e-50	-1.08283e-11	-7.41840e-50	-3.80551e-34	-2.81442e-49	-4.05616e-11	-1.37588e-50	-3.80997e-11	-2.11570e-50	1.02029e-34	-7.99687e-50	-1.43724e-10	3.68882e-51	-1.35608e-10	-5.96880e-51	-2.75630e-35	-2.27616e-50	-5.09075e-10	-9.96465e-52	-5.58114e-10	-1.58991e-51	8.22327e-36	-6.81840e-51	-1.90716e-09	2.97040e-52	-1.89711e-09	-5.42070e-52	-2.20356e-36	-2.05891e-51	-7.09233e-09	-7.95959e-53	-6.66987e-09	-1.54845e-52	5.90958e-37	-5.85440e-52	-2.51547e-08	2.13435e-53	-2.37930e-08	-4.36329e-53	-1.60276e-37	-1.66848e-52	-8.91815e-08	-5.77818e-54	-1.01627e-07	-1.13713e-53	5.01461e-38	-5.07859e-53	-3.39272e-07	1.76919e-54	-3.43111e-07	-4.10401e-54	-1.80628e-38	-1.56130e-53	-1.27918e-06	-4.74087e-55	-1.20459e-06	-1.17492e-54	2.21053e-38	-4.44395e-54	-4.54249e-06	1.27155e-55	-4.28194e-06	-3.30489e-55	-7.03584e-38	-1.26889e-54	-1.60859e-05	-3.45318e-56	-1.72997e-05	-8.30530e-56	2.59328e-37	-3.95589e-55	-5.98134e-05	1.09726e-56	1.12106e-04	-3.27469e-56	-1.19679e-36	-1.24870e-55	2.06669e-06	-2.94038e-57	-1.60531e-05	-9.40446e-57	4.52781e-36	-3.55950e-56	6.69868e-05	7.88936e-58	-5.19126e-06	-2.63694e-57	-1.69145e-35	-1.01970e-56	2.01689e-05	-2.15366e-58	-1.21649e-06	-6.13750e-58	6.31301e-35	-3.31784e-57	6.57903e-06	7.25273e-59	-5.67909e-07	-2.86362e-58	-3.21927e-34	-1.09606e-57	2.17371e-06	-1.94345e-59	-1.64067e-07	-8.27277e-59	1.22458e-33	-3.13000e-58	6.20749e-07	5.21081e-60	-4.61733e-08	-2.32819e-59	-4.57638e-33	-8.93852e-59	1.77271e-07	-1.40871e-60	-1.17271e-08	-5.91314e-60	1.70810e-32	-2.77798e-59	5.50935e-08	4.24037e-61	-4.25087e-09	-2.14341e-60	-7.29374e-32	-8.53976e-60	1.69363e-08	-1.13581e-61	-1.23336e-09	-6.21897e-61	2.74668e-31	-2.39826e-60	4.75628e-09	3.02885e-62	-4.00076e-10	-2.01730e-61	-1.02574e-30	-5.73060e-61	1.13651e-09	-7.57237e-63	-3.88566e-13	-1.95926e-64	3.82828e-30	-3.06140e-67	7.04927e-16	1.03229e-66
1.88769e-40	-8.49449e-23	-1.45597e-40	1.82196e-24	4.46246e-42	-2.72236e-25	-2.71755e-41	-1.58755e-20	3.90135e-41	4.30292e-20	1.13127e-40	7.29469e-26	-8.88054e-42	-4.90076e-20	-1.04567e-41	1.79968e-19	3.36965e-41	-1.95516e-26	-2.52767e-42	-1.71547e-19	2.81312e-42	6.44431e-19	9.59172e-42	5.25955e-27	-6.97445e-43	-6.54311e-19	-7.95814e-43	2.34552e-18	2.79135e-42	-1.48658e-27	-2.15342e-43	-2.26118e-18	2.13243e-43	8.49667e-18	8.15447e-43	3.98338e-28	-6.12558e-44	-7.96578e-18	-5.71572e-44	3.00609e-17	2.31430e-43	-1.06769e-28	-1.73140e-44	-2.82491e-17	1.53859e-44	1.06316e-16	6.57376e-44	2.87389e-29	-4.75450e-45	-1.09054e-16	-4.38658e-45	3.88234e-16	1.92050e-44	-8.18636e-30	-1.48782e-45	-3.75904e-16	1.17541e-45	1.41152e-15	5.63641e-45	2.19362e-30	-4.23473e-46	-1.32389e-15	-3.15074e-46	4.99559e-15	1.60008e-45	-5.88136e-31	-1.19643e-46	-4.69889e-15	8.48839e-47	1.76740e-14	4.54717e-46	1.58922e-31	-3.26413e-47	-1.84177e-14	-2.44611e-47	6.49269e-14	1.33602e-46	-4.75510e-32	-1.04114e-47	-6.32591e-14	6.55456e-48	2.37298e-13	3.94660e-47	2.00693e-32	-2.96584e-48	-2.22703e-13	-1.75712e-48	8.40249e-13	1.12080e-47	-3.27262e-32	-8.37426e-49	-7.91378e-13	4.73932e-49	2.97419e-12	3.18722e-48	1.10836e-31	-2.26275e-49	-3.16732e-12	-1.38607e-49	1.10171e-11	9.44034e-49	-4.10616e-31	-7.41840e-50	-1.08283e-11	3.71413e-50	4.05616e-11	2.81442e-49	1.68638e-30	-2.11570e-50	-3.80997e-11	-9.95786e-51	1.43724e-10	7.99687e-50	-6.33492e-30	-5.96880e-51	-1.35608e-10	2.69011e-51	5.09075e-10	2.27616e-50	2.36533e-29	-1.58991e-51	-5.58114e-10	-8.02580e-52	1.90716e-09	6.81840e-51	-8.82782e-29	-5.42070e-52	-1.89711e-09	2.15062e-52	7.09233e-09	2.05891e-51	3.72056e-28	-1.54845e-52	-6.66987e-09	-5.76689e-53	2.51547e-08	5.85440e-52	-1.39995e-27	-4.36329e-53	-2.37930e-08	1.56133e-53	8.91815e-08	1.66848e-52	5.22773e-27	-1.13713e-53	-1.01627e-07	-4.78426e-54	3.39272e-07	5.07859e-53	-1.95110e-26	-4.10401e-54	-3.43111e-07	1.28203e-54	1.27918e-06	1.56130e-53	8.52564e-26	-1.17492e-54	-1.20459e-06	-3.43854e-55	4.54249e-06	4.44395e-54	-3.21515e-25	-3.30489e-55	-4.28194e-06	9.33869e-56	1.60859e-05	1.26889e-54	1.20080e-24	-8.30530e-56	-1.72997e-05	-2.96937e-56	5.98134e-05	3.95589e-55	-4.48170e-24	-3.27469e-56	1.12106e-04	7.95717e-57	-2.06669e-06	1.24870e-55	2.06842e-23	-9.40446e-57	-1.60531e-05	-2.13500e-57	-6.69868e-05	3.55950e-56	-7.82553e-23	-2.63694e-57	-5.19126e-06	5.82846e-58	-2.01689e-05	1.01970e-56	2.92337e-22	-6.13750e-58	-1.21649e-06	-1.96382e-58	-6.57903e-06	3.31784e-57	-1.09109e-21	-2.86362e-58	-5.67909e-07	5.26228e-59	-2.17371e-06	1.09606e-57	5.55864e-21	-8.27277e-59	-1.64067e-07	-1.41093e-59	-6.20749e-07	3.13000e-58	-2.11435e-20	-2.32819e-59	-4.61733e-08	3.81441e-60	-1.77271e-07	8.93852e-59	7.90153e-20	-5.91314e-60	-1.17271e-08	-1.14836e-60	-5.50935e-08	2.77798e-59	-2.94918e-19	-2.14341e-60	-4.25087e-09	3.07597e-61	-1.69363e-08	8.53976e-60	1.25906e-18	-6.21897e-61	-1.23336e-09	-8.20273e-62	-4.75628e-09	2.39826e-60	-4.74133e-18	-2.01730e-61	-4.00076e-10	2.05126e-62	-1.13651e-09	5.73060e-61	1.77063e-17	-1.95926e-64	-3.88566e-13	-2.31168e-65	-7.11873e-16	3.55445e-67	-6.60837e-17
4.69633e-25	-4.58440e-41	-9.15298e-24	1.11909e-42	1.15866e-26	-4.05936e-43	-6.76635e-26	6.60375e-42	4.38768e-21	2.74892e-41	2.81658e-25	1.08772e-43	-2.21098e-26	2.15789e-42	-1.75416e-20	8.18793e-42	8.38939e-26	-2.91537e-44	-6.29311e-27	6.14199e-43	6.57787e-20	2.33069e-42	2.38804e-26	7.84260e-45	-1.73642e-27	1.69472e-43	-2.45573e-19	6.78270e-43	6.94957e-27	-2.21667e-45	-5.36133e-28	5.23259e-44	9.71150e-19	1.98145e-43	2.03021e-27	5.93969e-46	-1.52508e-28	1.48845e-44	-3.63903e-18	5.62352e-44	5.76188e-28	-1.59205e-46	-4.31063e-29	4.20712e-45	1.35850e-17	1.59736e-44	1.63666e-28	4.28531e-47	-1.18372e-29	1.15530e-45	-5.07008e-17	4.66663e-45	4.78145e-29	-1.22068e-47	-3.70419e-30	3.61525e-46	2.02299e-16	1.36959e-45	1.40329e-29	3.27089e-48	-1.05431e-30	1.02900e-46	-7.58493e-16	3.88805e-46	3.98371e-30	-8.76772e-49	-2.97874e-31	2.90722e-47	2.83167e-15	1.10492e-46	1.13210e-30	2.36194e-49	-8.12665e-32	7.93151e-48	-1.05682e-14	3.24639e-47	3.32627e-31	-6.80046e-50	-2.59211e-32	2.52987e-48	4.27018e-14	9.58984e-48	9.82579e-32	1.82224e-50	-7.38400e-33	7.20669e-49	-1.60239e-13	2.72342e-48	2.79043e-32	-4.88497e-51	-2.08493e-33	2.03486e-49	5.98255e-13	7.74462e-49	7.93517e-33	1.31749e-51	-5.63354e-34	5.49827e-50	-2.23278e-12	2.29391e-49	2.35035e-33	-3.84980e-52	-1.84695e-34	1.80260e-50	9.18521e-12	6.83875e-50	7.00701e-34	1.03159e-52	-5.26743e-35	5.14094e-51	-3.45081e-11	1.94316e-50	1.99097e-34	-2.76577e-53	-1.48604e-35	1.45036e-51	1.28847e-10	5.53084e-51	5.66692e-35	7.47120e-54	-3.95835e-36	3.86332e-52	-4.80880e-10	1.65680e-51	1.69757e-35	-2.22712e-54	-1.34954e-36	1.31718e-52	2.02893e-09	5.00294e-52	5.12620e-36	5.96786e-55	-3.85356e-37	3.76258e-53	-7.63485e-09	1.42256e-52	1.45816e-36	-1.60027e-55	-1.08065e-37	1.06024e-53	2.85105e-08	4.05424e-53	4.17525e-37	4.33230e-56	-2.58876e-38	2.76311e-54	-1.06407e-07	1.23405e-53	1.34531e-37	-1.32649e-56	-2.03596e-39	9.97234e-55	4.65468e-07	3.79381e-54	6.93742e-38	3.55456e-57	2.58092e-38	2.85494e-55	-1.75546e-06	1.07984e-54	1.19396e-37	-9.53367e-58	1.02008e-37	8.03056e-56	6.55639e-06	3.08328e-55	3.87741e-37	2.58909e-58	4.61879e-37	2.01811e-56	-2.44701e-05	9.61241e-56	1.49601e-36	-8.22691e-59	1.54854e-36	7.95717e-57	1.13053e-04	3.03421e-56	5.75012e-36	2.20461e-59	5.43029e-36	2.28519e-57	-3.03335e-05	8.64923e-57	2.04622e-35	-5.91520e-60	1.95366e-35	6.40751e-58	8.28091e-06	2.47776e-57	7.27998e-35	1.61475e-60	9.49288e-35	1.49135e-58	-2.79013e-06	8.06203e-58	2.93002e-34	-5.43788e-61	3.16127e-34	6.95830e-59	7.47648e-07	2.66331e-58	1.16527e-33	1.45714e-61	1.10443e-33	2.01020e-59	-2.00461e-07	7.60560e-59	4.16038e-33	-3.90691e-62	3.93825e-33	5.65728e-60	5.41940e-08	2.17197e-59	1.47586e-32	1.05621e-62	1.68609e-32	1.43683e-60	-1.63155e-08	6.75021e-60	5.62045e-32	-3.17930e-63	5.57220e-32	5.20828e-61	4.37024e-09	2.07508e-60	2.17241e-31	8.51599e-64	1.93844e-31	1.51115e-61	-1.16542e-09	5.82753e-61	7.70799e-31	-2.27093e-64	5.91732e-31	4.90184e-62	2.91437e-10	1.39248e-61	2.58839e-30	5.67733e-65	-4.18729e-30	4.76081e-65	-3.28437e-13	8.68247e-68	-7.96063e-36	1.07163e-70
7.19810e-40	-3.23910e-22	-5.55188e-40	6.94745e-24	1.70161e-41	-1.03808e-24	-1.03625e-40	-6.05360e-20	1.48765e-40	1.64078e-19	4.31373e-40	2.78159e-25	-3.38630e-41	-1.86875e-19	-3.98730e-41	6.86249e-19	1.28491e-40	-7.45537e-26	-9.63845e-42	-6.54137e-19	1.07269e-41	2.45733e-18	3.65749e-41	2.00556e-26	-2.65948e-42	-2.49500e-18	-3.03458e-42	8.94389e-18	1.06439e-41	-5.66860e-27	-8.21136e-43	-8.62229e-18	8.13132e-43	3.23993e-17	3.10944e-42	1.51893e-27	-2.33579e-43	-3.03749e-17	-2.17950e-43	1.14627e-16	8.82484e-43	-4.07130e-28	-6.60212e-44	-1.07719e-16	5.86693e-44	4.05403e-16	2.50669e-43	1.09586e-28	-1.81297e-44	-4.15842e-16	-1.67268e-44	1.48040e-15	7.32321e-44	-3.12159e-29	-5.67330e-45	-1.43339e-15	4.48206e-45	5.38236e-15	2.14926e-44	8.36439e-30	-1.61478e-45	-5.04821e-15	-1.20143e-45	1.90491e-14	6.10140e-45	-2.24162e-30	-4.56221e-46	-1.79177e-14	3.23677e-46	6.73942e-14	1.73391e-45	6.02075e-31	-1.24467e-46	-7.02298e-14	-9.32745e-47	2.47578e-13	5.09447e-46	-1.66686e-31	-3.97005e-47	-2.41218e-13	2.49937e-47	9.04860e-13	1.50491e-46	1.74584e-32	-1.13092e-47	-8.49205e-13	-6.70021e-48	3.20402e-12	4.27379e-47	9.68523e-32	-3.19325e-48	-3.01766e-12	1.80719e-48	1.13411e-11	1.21534e-47	-4.04867e-31	-8.62827e-49	-1.20776e-11	-5.28534e-49	4.20101e-11	3.59977e-48	1.52262e-30	-2.82876e-49	-4.12903e-11	1.41626e-49	1.54669e-10	1.07319e-48	-6.26078e-30	-8.06753e-50	-1.45281e-10	-3.79711e-50	5.48044e-10	3.04934e-49	2.35205e-29	-2.27601e-50	-5.17097e-10	1.02579e-50	1.94119e-09	8.67939e-50	-8.78213e-29	-6.06259e-51	-2.12818e-09	-3.06038e-51	7.27234e-09	2.59997e-50	3.27765e-28	-2.06701e-51	-7.23401e-09	8.20069e-52	2.70443e-08	7.85098e-51	-1.38139e-27	-5.90450e-52	-2.54334e-08	-2.19901e-52	9.59193e-08	2.23238e-51	5.19781e-27	-1.66380e-52	-9.07270e-08	5.95361e-53	3.40065e-07	6.36220e-52	-1.94098e-26	-4.33608e-53	-3.87521e-07	-1.82432e-53	1.29370e-06	1.93656e-52	7.24415e-26	-1.56493e-53	-1.30836e-06	4.88860e-54	4.87776e-06	5.95351e-53	-3.16545e-25	-4.48018e-54	-4.59439e-06	-1.31117e-54	1.73228e-05	1.69456e-53	1.19374e-24	-1.26021e-54	-1.64017e-05	3.56100e-55	6.14410e-05	4.83851e-54	-4.45841e-24	-3.16696e-55	-7.10102e-05	-1.13227e-55	2.35074e-04	1.50845e-54	1.66399e-23	-1.24870e-55	-2.06669e-06	3.03421e-56	5.82143e-04	4.76150e-55	-7.67977e-23	-3.58609e-56	6.56804e-05	-8.14114e-57	2.57148e-04	1.35730e-55	2.90551e-22	-1.00551e-56	1.93642e-05	2.22250e-57	7.50104e-05	3.88828e-56	-1.08541e-21	-2.34033e-57	4.51832e-06	-7.48838e-58	2.44293e-05	1.26515e-56	4.05107e-21	-1.09195e-57	2.10859e-06	2.00660e-58	8.07070e-06	4.17945e-57	-2.06385e-20	-3.15455e-58	6.09160e-07	-5.38012e-59	2.30476e-06	1.19352e-57	7.85027e-20	-8.87780e-59	1.71435e-07	1.45450e-59	6.58182e-07	3.40841e-58	-2.93373e-19	-2.25478e-59	4.35410e-08	-4.37890e-60	2.04554e-07	1.05929e-58	1.09499e-18	-8.17321e-60	1.57829e-08	1.17292e-60	6.28819e-08	3.25636e-59	-4.67472e-18	-2.37140e-60	4.57929e-09	-3.12785e-61	1.76594e-08	9.14497e-60	1.76039e-17	-7.69232e-61	1.48543e-09	7.82182e-62	4.21969e-09	2.18518e-60	-6.57409e-17	-7.47101e-64	1.44269e-12	-8.81485e-65	2.64308e-15	1.35537e-66	2.45360e-16
3.23065e-22	-7.23310e-40	-5.68848e-24	1.21626e-41	6.94762e-24	-2.06450e-40	6.05362e-20	1.03574e-40	1.52425e-24	4.31302e-40	1.64077e-19	5.53194e-41	1.86875e-19	3.38623e-41	-4.08541e-25	1.28490e-40	6.86249e-19	-1.48270e-41	6.54137e-19	9.63844e-42	1.09908e-25	3.65749e-41	2.45733e-18	3.98859e-42	2.49500e-18	2.65948e-42	-3.10924e-26	1.06439e-41	8.94389e-18	-1.12735e-42	8.62229e-18	8.21136e-43	8.33138e-27	3.10944e-42	3.23993e-17	3.02080e-43	3.03749e-17	2.33579e-43	-2.23313e-27	8.82484e-43	1.14627e-16	-8.09686e-44	1.07719e-16	6.60212e-44	6.01127e-28	2.50669e-43	4.05403e-16	2.17942e-44	4.15842e-16	1.81297e-44	-1.71383e-28	7.32321e-44	1.48040e-15	-6.20812e-45	1.43339e-15	5.67330e-45	4.59233e-29	2.14926e-44	5.38236e-15	1.66351e-45	5.04821e-15	1.61478e-45	-1.23099e-29	6.10140e-45	1.90491e-14	-4.45908e-46	1.79177e-14	4.56221e-46	3.31641e-30	1.73391e-45	6.73942e-14	1.20123e-46	7.02298e-14	1.24467e-46	-9.55693e-31	5.09447e-46	2.47578e-13	-3.45857e-47	2.41218e-13	3.97005e-47	2.56086e-31	1.50491e-46	9.04860e-13	9.26753e-48	8.49205e-13	1.13092e-47	-6.86506e-32	4.27379e-47	3.20402e-12	-2.48439e-48	3.01766e-12	3.19325e-48	1.85165e-32	1.21534e-47	1.13411e-11	6.70047e-49	1.20776e-11	8.62827e-49	-5.41538e-33	3.59977e-48	4.20101e-11	-1.95793e-49	4.12903e-11	2.82876e-49	1.45111e-33	1.07319e-48	1.54669e-10	5.24648e-50	1.45281e-10	8.06753e-50	-3.89053e-34	3.04934e-49	5.48044e-10	-1.40661e-50	5.17097e-10	2.27601e-50	1.05102e-34	8.67939e-50	1.94119e-09	3.79970e-51	2.12818e-09	6.06259e-51	-3.13567e-35	2.59997e-50	7.27234e-09	-1.13267e-51	7.23401e-09	2.06701e-51	8.40238e-36	7.85098e-51	2.70443e-08	3.03513e-52	2.54334e-08	5.90450e-52	-2.25282e-36	2.23238e-51	9.59193e-08	-8.13865e-53	9.07270e-08	1.66380e-52	6.08889e-37	6.36220e-52	3.40065e-07	2.20332e-53	3.87521e-07	4.33608e-53	-1.82739e-37	1.93656e-52	1.29370e-06	-6.74624e-54	1.30836e-06	1.56493e-53	3.17950e-38	5.95351e-53	4.87776e-06	1.80777e-54	4.59439e-06	4.48018e-54	5.55587e-38	1.69456e-53	1.73228e-05	-4.84863e-55	1.64017e-05	1.26021e-54	-2.54030e-37	4.83851e-54	6.14410e-05	1.31676e-55	7.10102e-05	3.16696e-55	9.60560e-37	1.50845e-54	2.35074e-04	-4.18403e-56	2.06669e-06	1.24870e-55	-4.44288e-36	4.76150e-55	5.82143e-04	1.12122e-56	-6.56804e-05	3.58609e-56	1.68110e-35	1.35730e-55	2.57148e-04	-3.00835e-57	-1.93642e-05	1.00551e-56	-6.28010e-35	3.88828e-56	7.50104e-05	8.21227e-58	-4.51832e-06	2.34033e-57	2.34393e-34	1.26515e-56	2.44293e-05	-2.76559e-58	-2.10859e-06	1.09195e-57	-1.19527e-33	4.17945e-57	8.07070e-06	7.41072e-59	-6.09160e-07	3.15455e-58	4.54668e-33	1.19352e-57	2.30476e-06	-1.98697e-59	-1.71435e-07	8.87780e-59	-1.69915e-32	3.40841e-58	6.58182e-07	5.37166e-60	-4.35410e-08	2.25478e-59	6.34192e-32	1.05929e-58	2.04554e-07	-1.61693e-60	-1.57829e-08	8.17321e-60	-2.70806e-31	3.25636e-59	6.28819e-08	4.33106e-61	-4.57929e-09	2.37140e-60	1.01981e-30	9.14497e-60	1.76594e-08	-1.15495e-61	-1.48543e-09	7.69232e-61	-3.80841e-30	2.18518e-60	4.21969e-09	2.88748e-62	-1.44269e-12	7.47101e-64	1.42139e-29	1.16736e-66	2.61729e-15	-3.93628e-66
1.68821e-41	-8.66952e-26	-4.03391e-43	-2.04130e-29	4.94624e-43	-1.06659e-25	-2.44111e-42	1.22480e-26	1.08090e-43	5.10460e-26	1.01592e-41	1.77452e-22	-7.97408e-43	4.00917e-27	-2.89711e-44	1.52133e-26	3.02567e-42	-7.09700e-22	-2.26962e-43	1.14122e-27	7.79400e-45	4.33057e-27	8.61251e-43	2.66135e-21	-6.26243e-44	3.14890e-28	-2.20488e-45	1.26027e-27	2.50638e-43	-9.93570e-21	-1.93358e-44	9.72249e-29	5.90809e-46	3.68167e-28	7.32198e-44	3.92526e-20	-5.50022e-45	2.76565e-29	-1.58359e-46	1.04489e-28	2.07804e-44	-1.47075e-19	-1.55464e-45	7.81712e-30	4.26282e-47	2.96799e-29	5.90265e-45	5.49047e-19	-4.26911e-46	2.14665e-30	-1.21534e-47	8.67078e-30	1.72444e-45	-2.04911e-18	-1.33593e-46	6.71856e-31	3.25659e-48	2.54434e-30	5.06099e-46	8.16771e-18	-3.80241e-47	1.91616e-31	-8.72942e-49	7.20833e-31	1.43673e-46	-3.06217e-17	-1.07429e-47	5.55145e-32	2.35179e-49	1.99672e-31	4.08295e-47	1.14319e-16	-2.93089e-48	2.06031e-32	-6.77717e-50	3.96415e-32	1.19963e-47	-4.26655e-16	-9.34852e-49	2.48482e-32	1.81600e-50	-5.77589e-32	3.54369e-48	1.72214e-15	-2.66305e-49	7.22680e-32	-4.86827e-51	-2.62552e-31	1.00637e-48	-6.46190e-15	-7.51933e-50	2.52425e-31	1.31307e-51	-9.45816e-31	2.86183e-49	2.41255e-14	-2.03175e-50	1.00887e-30	-3.84025e-52	-3.50842e-30	8.47658e-50	-9.00399e-14	-6.66106e-51	3.44876e-30	1.02903e-52	-1.29184e-29	2.52709e-50	3.70007e-13	-1.89971e-51	1.21344e-29	-2.75892e-53	-4.57748e-29	7.18047e-51	-1.38999e-12	-5.35945e-52	4.31900e-29	7.45320e-54	-1.62136e-28	2.04379e-51	5.18995e-12	-1.42759e-52	1.77754e-28	-2.22362e-54	-6.07414e-28	6.12231e-52	-1.93698e-11	-4.86731e-53	6.04213e-28	5.95849e-55	-2.25885e-27	1.84872e-52	8.16358e-11	-1.39037e-53	2.12430e-27	-1.59777e-55	-8.01156e-27	5.25673e-53	-3.07173e-10	-3.91784e-54	7.57788e-27	4.32580e-56	-2.84035e-26	1.49815e-53	1.14706e-09	-1.02104e-54	3.23673e-26	-1.32552e-56	-1.08055e-25	4.56012e-54	-4.28106e-09	-3.68503e-55	1.09280e-25	3.55198e-57	-4.07411e-25	1.40191e-54	1.87068e-08	-1.05498e-55	3.83793e-25	-9.52679e-58	-1.44694e-24	3.99027e-55	-7.05461e-08	-2.96750e-56	1.37347e-24	2.58737e-58	-5.13669e-24	1.13935e-55	2.63477e-07	-7.45742e-57	6.17188e-24	-8.22690e-59	-1.99684e-23	3.55203e-56	-9.83364e-07	-2.94038e-57	2.06842e-23	2.20461e-59	-7.67977e-23	1.12122e-56	4.53849e-06	-8.44437e-58	7.25304e-23	-5.91522e-60	-2.73303e-22	3.19611e-57	-1.21773e-06	-2.36774e-58	2.60942e-22	1.61483e-60	-9.72355e-22	9.15595e-58	3.32418e-07	-5.51092e-59	1.26792e-21	-5.44094e-61	-3.91350e-21	2.97913e-58	-1.11946e-07	-2.57127e-59	4.22237e-21	1.45796e-61	-1.55640e-20	9.84159e-59	2.99973e-08	-7.42821e-60	1.47513e-20	-3.90911e-62	-5.55684e-20	2.81046e-59	-8.04292e-09	-2.09051e-60	5.26016e-20	1.05682e-62	-1.97124e-19	8.02599e-60	2.17436e-09	-5.30947e-61	2.25206e-19	-3.18164e-63	-7.50702e-19	2.49437e-60	-6.54504e-10	-1.92459e-61	7.44430e-19	8.52225e-64	-2.90184e-18	7.66794e-61	1.75314e-10	-5.58408e-62	2.60113e-18	-2.27264e-64	-1.03128e-17	2.15342e-61	-4.67504e-11	-1.81136e-62	8.72474e-18	5.68321e-65	-3.57676e-17	5.14557e-62	1.16880e-11	-1.75924e-65	5.86088e-20	-6.40473e-68	-8.15092e-17	3.19158e-68	-1.64477e-15
-2.43314e-23	5.44756e-41	4.28423e-25	-9.16018e-43	-5.23255e-25	1.55487e-41	-4.55924e-21	-7.80057e-42	-1.14798e-25	-3.24832e-41	-1.23574e-20	-4.16634e-42	-1.40743e-20	-2.55031e-42	3.07689e-26	-9.67711e-42	-5.16844e-20	1.11668e-42	-4.92659e-20	-7.25912e-43	-8.27766e-27	-2.75461e-42	-1.85072e-19	-3.00397e-43	-1.87909e-19	-2.00297e-43	2.34170e-27	-8.01637e-43	-6.73603e-19	8.49057e-44	-6.49382e-19	-6.18432e-44	-6.27472e-28	-2.34185e-43	-2.44013e-18	-2.27509e-44	-2.28766e-18	-1.75918e-44	1.68186e-28	-6.64636e-44	-8.63308e-18	6.09809e-45	-8.11276e-18	-4.97234e-45	-4.52735e-29	-1.88789e-44	-3.05326e-17	-1.64141e-45	-3.13189e-17	-1.36543e-45	1.29076e-29	-5.51543e-45	-1.11495e-16	4.67560e-46	-1.07955e-16	-4.27281e-46	-3.45868e-30	-1.61870e-45	-4.05369e-16	-1.25286e-46	-3.80202e-16	-1.21616e-46	9.27113e-31	-4.59523e-46	-1.43467e-15	3.35832e-47	-1.34946e-15	-3.43600e-47	-2.49773e-31	-1.30588e-46	-5.07574e-15	-9.04700e-48	-5.28931e-15	-9.37413e-48	7.19774e-32	-3.83687e-47	-1.86461e-14	2.60480e-48	-1.81672e-14	-2.99002e-48	-1.92869e-32	-1.13341e-47	-6.81489e-14	-6.97977e-49	-6.39573e-14	-8.51748e-49	5.17037e-33	-3.21877e-48	-2.41308e-13	1.87110e-49	-2.27273e-13	-2.40497e-49	-1.39456e-33	-9.15325e-49	-8.54147e-13	-5.04641e-50	-9.09612e-13	-6.49832e-50	4.07856e-34	-2.71114e-49	-3.16396e-12	1.47460e-50	-3.10975e-12	-2.13046e-50	-1.09289e-34	-8.08262e-50	-1.16487e-11	-3.95135e-51	-1.09417e-11	-6.07600e-51	2.93012e-35	-2.29659e-50	-4.12755e-11	1.05938e-51	-3.89448e-11	-1.71416e-51	-7.91571e-36	-6.53682e-51	-1.46199e-10	-2.86171e-52	-1.60283e-10	-4.56600e-52	2.36163e-36	-1.95815e-51	-5.47711e-10	8.53059e-53	-5.44824e-10	-1.55675e-52	-6.32900e-37	-5.91291e-52	-2.03682e-09	-2.28589e-53	-1.91550e-09	-4.44693e-53	1.69975e-37	-1.68130e-52	-7.22409e-09	6.12957e-54	-6.83304e-09	-1.25308e-53	-4.70007e-38	-4.79165e-53	-2.56117e-08	-1.65941e-54	-2.91859e-08	-3.26568e-54	1.80274e-38	-1.45850e-53	-9.74343e-08	5.08088e-55	-9.85385e-08	-1.17862e-54	-2.10497e-38	-4.48384e-54	-3.67366e-07	-1.36151e-55	-3.46063e-07	-3.37422e-55	6.61712e-38	-1.27624e-54	-1.30471e-06	3.65171e-56	-1.23802e-06	-9.49120e-56	-2.43635e-37	-3.64409e-55	-4.63118e-06	-9.91706e-57	-5.53473e-06	-2.38517e-56	9.08370e-37	-1.13608e-55	-1.79633e-05	3.15117e-57	-1.60531e-05	-9.40446e-57	-4.19633e-36	-3.58609e-56	-6.56804e-05	-8.44437e-58	1.12655e-04	-2.70083e-57	1.58770e-35	-1.02224e-56	4.02503e-07	2.26572e-58	-1.57071e-05	-7.57294e-58	-5.93115e-35	-2.92843e-57	6.72151e-05	-6.18501e-59	-4.21905e-06	-1.76261e-58	2.21369e-34	-9.52839e-58	2.30051e-05	2.08289e-59	-1.99072e-06	-8.22392e-59	-1.12885e-33	-3.14772e-58	7.62128e-06	-5.58133e-60	-5.75301e-07	-2.37583e-59	4.29405e-33	-8.98894e-59	2.17668e-06	1.49647e-60	-1.61909e-07	-6.68625e-60	-1.60473e-32	-2.56702e-59	6.21610e-07	-4.04563e-61	-4.11216e-08	-1.69817e-60	5.98953e-32	-7.97797e-60	1.93188e-07	1.21778e-61	-1.49059e-08	-6.15559e-61	-2.55759e-31	-2.45250e-60	5.93879e-08	-3.26190e-62	-4.32485e-09	-1.78600e-61	9.63140e-31	-6.88747e-61	1.66782e-08	8.69843e-63	-1.40289e-09	-5.79342e-62	-3.59680e-30	-1.64575e-61	3.98522e-09	-2.17468e-63	-1.36253e-12	-5.62674e-65	1.34241e-29	-8.79192e-68	2.47186e-15	2.96458e-67
5.42120e-41	-2.43950e-23	-4.18136e-41	5.23242e-25	1.28156e-42	-7.81825e-26	-7.80444e-42	-4.55923e-21	1.12041e-41	1.23574e-20	3.24885e-41	2.09494e-26	-2.55037e-42	-1.40743e-20	-3.00301e-42	5.16844e-20	9.67719e-42	-5.61496e-27	-7.25913e-43	-4.92659e-20	8.07889e-43	1.85072e-19	2.75461e-42	1.51047e-27	-2.00297e-43	-1.87909e-19	-2.28547e-43	6.73603e-19	8.01637e-43	-4.26927e-28	-6.18432e-44	-6.49382e-19	6.12404e-44	2.44013e-18	2.34185e-43	1.14397e-28	-1.75918e-44	-2.28766e-18	-1.64148e-44	8.63308e-18	6.64636e-44	-3.06627e-29	-4.97234e-45	-8.11276e-18	4.41863e-45	3.05326e-17	1.88789e-44	8.25343e-30	-1.36543e-45	-3.13189e-17	-1.25977e-45	1.11495e-16	5.51543e-45	-2.35104e-30	-4.27281e-46	-1.07955e-16	3.37563e-46	4.05369e-16	1.61870e-45	6.30099e-31	-1.21616e-46	-3.80202e-16	-9.04851e-47	1.43467e-15	4.59523e-46	-1.69354e-31	-3.43600e-47	-1.34946e-15	2.43775e-47	5.07574e-15	1.30588e-46	4.73175e-32	-9.37413e-48	-5.28931e-15	-7.02490e-48	1.86461e-14	3.83687e-47	-1.99160e-32	-2.99002e-48	-1.81672e-14	1.88238e-48	6.81489e-14	1.13341e-47	3.10314e-32	-8.51748e-49	-6.39573e-14	-5.04622e-49	2.41308e-13	3.21877e-48	-1.04210e-31	-2.40497e-49	-2.27273e-13	1.36107e-49	8.54147e-13	9.15325e-49	3.85807e-31	-6.49832e-50	-9.09612e-13	-3.98062e-50	3.16396e-12	2.71114e-49	-1.43902e-30	-2.13046e-50	-3.10975e-12	1.06665e-50	1.16487e-11	8.08262e-50	5.91317e-30	-6.07600e-51	-1.09417e-11	-2.85976e-51	4.12755e-11	2.29659e-50	-2.22137e-29	-1.71416e-51	-3.89448e-11	7.72563e-52	1.46199e-10	6.53682e-51	8.29415e-29	-4.56600e-52	-1.60283e-10	-2.30490e-52	5.47711e-10	1.95815e-51	-3.09552e-28	-1.55675e-52	-5.44824e-10	6.17629e-53	2.03682e-09	5.91291e-52	1.30464e-27	-4.44693e-53	-1.91550e-09	-1.65617e-53	7.22409e-09	1.68130e-52	-4.90899e-27	-1.25308e-53	-6.83304e-09	4.48392e-54	2.56117e-08	4.79165e-53	1.83313e-26	-3.26568e-54	-2.91859e-08	-1.37397e-54	9.74343e-08	1.45850e-53	-6.84163e-26	-1.17862e-54	-9.85385e-08	3.68181e-55	3.67366e-07	4.48384e-54	2.98956e-25	-3.37422e-55	-3.46063e-07	-9.87502e-56	1.30471e-06	1.27624e-54	-1.12741e-24	-9.49120e-56	-1.23802e-06	2.68194e-56	4.63118e-06	3.64409e-55	4.21068e-24	-2.38517e-56	-5.53473e-06	-8.52762e-57	1.79633e-05	1.13608e-55	-1.57153e-23	-9.40446e-57	-1.60531e-05	2.28519e-57	6.56804e-05	3.58609e-56	7.25304e-23	-2.70083e-57	1.12655e-04	-6.13144e-58	-4.02503e-07	1.02224e-56	-2.74406e-22	-7.57294e-58	-1.57071e-05	1.67386e-58	-6.72151e-05	2.92843e-57	1.02509e-21	-1.76261e-58	-4.21905e-06	-5.63982e-59	-2.30051e-05	9.52839e-58	-3.82597e-21	-8.22392e-59	-1.99072e-06	1.51125e-59	-7.62128e-06	3.14772e-58	1.94917e-20	-2.37583e-59	-5.75301e-07	-4.05200e-60	-2.17668e-06	8.98894e-59	-7.41408e-20	-6.68625e-60	-1.61909e-07	1.09545e-60	-6.21610e-07	2.56702e-59	2.77071e-19	-1.69817e-60	-4.11216e-08	-3.29793e-61	-1.93188e-07	7.97797e-60	-1.03414e-18	-6.15559e-61	-1.49059e-08	8.83376e-62	-5.93879e-08	2.45250e-60	4.41497e-18	-1.78600e-61	-4.32485e-09	-2.35571e-62	-1.66782e-08	6.88747e-61	-1.66257e-17	-5.79342e-62	-1.40289e-09	5.89094e-63	-3.98522e-09	1.64575e-61	6.20880e-17	-5.62674e-65	-1.36253e-12	-6.63884e-66	-2.49622e-15	1.02079e-67	-2.31726e-16
-1.26008e-25	1.23005e-41	2.45585e-24	-3.00265e-43	-3.10882e-27	1.08917e-43	1.81549e-26	-1.77186e-42	-1.17727e-21	-7.37569e-42	-7.55721e-26	-2.91849e-44	5.93233e-27	-5.78987e-43	4.70662e-21	-2.19692e-42	-2.25097e-26	7.82230e-45	1.68852e-27	-1.64797e-43	-1.76492e-20	-6.25353e-43	-6.40739e-27	-2.10426e-45	4.65902e-28	-4.54714e-44	6.58902e-20	-1.81988e-43	-1.86465e-27	5.94759e-46	1.43851e-28	-1.40397e-44	-2.60571e-19	-5.31648e-44	-5.44728e-28	-1.59369e-46	4.09196e-29	-3.99370e-45	9.76395e-19	-1.50886e-44	-1.54598e-28	4.27167e-47	1.15659e-29	-1.12882e-45	-3.64501e-18	-4.28590e-45	-4.39135e-29	-1.14980e-47	3.17606e-30	-3.09980e-46	1.36036e-17	-1.25211e-45	-1.28292e-29	3.27523e-48	9.93879e-31	-9.70014e-47	-5.42791e-17	-3.67478e-46	-3.76519e-30	-8.77620e-49	2.82885e-31	-2.76092e-47	2.03513e-16	-1.04321e-46	-1.06888e-30	2.35248e-49	7.99232e-32	-7.80041e-48	-7.59772e-16	-2.96462e-47	-3.03756e-31	-6.33737e-50	2.18048e-32	-2.12812e-48	2.83558e-15	-8.71047e-48	-8.92477e-32	1.82465e-50	6.95495e-33	-6.78795e-49	-1.14574e-14	-2.57307e-48	-2.63638e-32	-4.88929e-51	1.98121e-33	-1.93364e-49	4.29941e-14	-7.30727e-49	-7.48705e-33	1.31070e-51	5.59411e-34	-5.45978e-50	-1.60519e-13	-2.07797e-49	-2.12910e-33	-3.53498e-52	1.51155e-34	-1.47525e-50	5.99082e-13	-6.15483e-50	-6.30626e-34	1.03295e-52	4.95558e-35	-4.83658e-51	-2.46450e-12	-1.83492e-50	-1.88007e-34	-2.76789e-53	1.41331e-35	-1.37938e-51	9.25893e-12	-5.21373e-51	-5.34201e-35	7.42088e-54	3.98722e-36	-3.89149e-52	-3.45712e-11	-1.48399e-51	-1.52051e-35	-2.00461e-54	1.06203e-36	-1.03657e-52	1.29026e-10	-4.44540e-52	-4.55495e-36	5.97562e-55	3.61938e-37	-3.53414e-53	-5.44387e-10	-1.34235e-52	-1.37602e-36	-1.60125e-55	1.02837e-37	-1.00954e-53	2.04852e-09	-3.81690e-53	-3.93351e-37	4.29372e-56	2.70007e-38	-2.84474e-54	-7.64970e-09	-1.08780e-53	-1.19502e-37	-1.16241e-56	-1.57261e-39	-7.41376e-55	2.85503e-08	-3.31110e-54	-6.45347e-38	3.55912e-57	-2.82145e-38	-2.67570e-55	-1.24891e-07	-1.01792e-54	-1.25838e-37	-9.53731e-58	-1.07933e-37	-7.66016e-56	4.71012e-07	-2.89733e-55	-4.12848e-37	2.55800e-58	-3.88846e-37	-2.15470e-56	-1.75916e-06	-8.27282e-56	-1.45593e-36	-6.94684e-59	-1.74827e-36	-5.41482e-57	6.56562e-06	-2.57913e-56	-5.65675e-36	2.20738e-59	-5.85926e-36	-2.13500e-57	-3.03335e-05	-8.14114e-57	-2.17548e-35	-5.91522e-60	-2.05459e-35	-6.13144e-58	1.14768e-04	-2.32069e-57	-7.74194e-35	1.58712e-60	-7.39177e-35	-1.71921e-58	-3.13312e-05	-6.64812e-58	-2.75442e-34	-4.33256e-61	-3.59168e-34	-4.00147e-59	1.05566e-05	-2.16314e-58	-1.10859e-33	1.45905e-61	-1.19608e-33	-1.86700e-59	-2.82877e-06	-7.14597e-59	-4.40886e-33	-3.90969e-62	-4.17865e-33	-5.39361e-60	7.58453e-07	-2.04067e-59	-1.57410e-32	1.04827e-62	-1.49006e-32	-1.51792e-60	-2.05046e-07	-5.82766e-60	-5.58399e-32	-2.83394e-63	-6.37942e-32	-3.85520e-61	6.17307e-08	-1.81116e-60	-2.12653e-31	8.53045e-64	-2.10827e-31	-1.39744e-61	-1.65350e-08	-5.56768e-61	-8.21941e-31	-2.28494e-64	-7.33418e-31	-4.05459e-62	4.40943e-09	-1.56360e-61	-2.91636e-30	6.09318e-65	-2.23885e-30	-1.31522e-62	-1.10267e-09	-3.73619e-62	-9.79331e-30	-1.52329e-65	1.58428e-29	-1.27738e-65	1.24266e-12	-2.32961e-68	3.01195e-35	-2.87531e-71
2.05187e-40	-9.23328e-23	-1.58260e-40	1.98042e-24	4.85058e-42	-2.95913e-25	-2.95391e-41	-1.72562e-20	4.24066e-41	4.67716e-20	1.22966e-40	7.92913e-26	-9.65291e-42	-5.32700e-20	-1.13661e-41	1.95620e-19	3.66272e-41	-2.12521e-26	-2.74751e-42	-1.86467e-19	3.05778e-42	7.00479e-19	1.04259e-41	5.71699e-27	-7.58104e-43	-7.11219e-19	-8.65028e-43	2.54952e-18	3.03412e-42	-1.61588e-27	-2.34071e-43	-2.45785e-18	2.31789e-43	9.23565e-18	8.86368e-43	4.32983e-28	-6.65834e-44	-8.65858e-18	-6.21283e-44	3.26754e-17	2.51558e-43	-1.16055e-28	-1.88198e-44	-3.07060e-17	1.67241e-44	1.15563e-16	7.14550e-44	3.12384e-29	-5.16801e-45	-1.18539e-16	-4.76809e-45	4.21999e-16	2.08754e-44	-8.89821e-30	-1.61722e-45	-4.08597e-16	1.27764e-45	1.53428e-15	6.12662e-45	2.38388e-30	-4.60304e-46	-1.43903e-15	-3.42477e-46	5.43007e-15	1.73925e-45	-6.37292e-31	-1.30049e-46	-5.10756e-15	9.22664e-47	1.92112e-14	4.94265e-46	1.65293e-31	-3.54802e-47	-2.00195e-14	-2.65886e-47	7.05738e-14	1.45222e-46	-2.38803e-32	-1.13169e-47	-6.87610e-14	7.12463e-48	2.57937e-13	4.28985e-47	-9.04220e-32	-3.22378e-48	-2.42072e-13	-1.90994e-48	9.13328e-13	1.21827e-47	3.85568e-31	-9.10259e-49	-8.60207e-13	5.15152e-49	3.23287e-12	3.46442e-48	-1.45185e-30	-2.45955e-49	-3.44279e-12	-1.50663e-49	1.19753e-11	1.02614e-48	5.42183e-30	-8.06360e-50	-1.17701e-11	4.03716e-50	4.40894e-11	3.05920e-49	-2.22814e-29	-2.29971e-50	-4.14134e-11	-1.08239e-50	1.56224e-10	8.69238e-50	8.37038e-29	-6.48792e-51	-1.47402e-10	2.92408e-51	5.53350e-10	2.47412e-50	-3.12534e-28	-1.72819e-51	-6.06655e-10	-8.72382e-52	2.07303e-09	7.41141e-51	1.16643e-27	-5.89216e-52	-2.06211e-09	2.33767e-52	7.70917e-09	2.23798e-51	-4.91603e-27	-1.68312e-52	-7.24997e-09	-6.26845e-53	2.73425e-08	6.36357e-52	1.84977e-26	-4.74278e-53	-2.58624e-08	1.69712e-53	9.69379e-08	1.81359e-52	-6.90747e-26	-1.23603e-53	-1.10466e-07	-5.20036e-54	3.68780e-07	5.52029e-53	2.57801e-25	-4.46095e-54	-3.72959e-07	1.39353e-54	1.39045e-06	1.69709e-53	-1.12650e-24	-1.27711e-54	-1.30983e-06	-3.73760e-55	4.93823e-06	4.83045e-54	4.24821e-24	-3.59233e-55	-4.68687e-06	1.01509e-55	1.75300e-05	1.37925e-54	-1.58664e-23	-9.02764e-56	-2.10215e-05	-3.22762e-56	6.80908e-05	4.29994e-55	5.92172e-23	-3.55950e-56	-6.69868e-05	8.64923e-57	2.57148e-04	1.35730e-55	-2.73303e-22	-1.02224e-56	-4.02503e-07	-2.32069e-57	5.90145e-04	3.86908e-56	1.03400e-21	-2.86628e-57	6.54526e-05	6.33538e-58	2.62081e-04	1.10838e-56	-3.86268e-21	-6.67129e-58	1.60149e-05	-2.13462e-58	8.68482e-05	3.60640e-57	1.44167e-20	-3.11267e-58	7.50299e-06	5.71995e-59	2.87203e-05	1.19138e-57	-7.34470e-20	-8.99228e-59	2.16783e-06	-1.53364e-59	8.20202e-06	3.40223e-58	2.79371e-19	-2.53068e-59	6.10093e-07	4.14616e-60	2.34230e-06	9.71593e-59	-1.04404e-18	-6.42742e-60	1.54951e-07	-1.24824e-60	7.27957e-07	3.01958e-59	3.89678e-18	-2.32983e-60	5.61673e-08	3.34349e-61	2.23781e-07	9.28249e-60	-1.66361e-17	-6.75985e-61	1.62966e-08	-8.91615e-62	6.28453e-08	2.60684e-60	6.26478e-17	-2.19275e-61	5.28625e-09	2.22967e-62	1.50168e-08	6.22901e-61	-2.33955e-16	-2.12967e-64	5.13417e-12	-2.51274e-65	9.40607e-15	3.86359e-67	8.73173e-16
9.20920e-23	-2.06185e-40	-1.62154e-24	3.46704e-42	1.98047e-24	-5.88502e-41	1.72563e-20	2.95244e-41	4.34500e-25	1.22946e-40	4.67714e-20	1.57692e-41	5.32700e-20	9.65269e-42	-1.16457e-25	3.66269e-41	1.95620e-19	-4.22654e-42	1.86467e-19	2.74751e-42	3.13301e-26	1.04259e-41	7.00479e-19	1.13698e-42	7.11219e-19	7.58104e-43	-8.86311e-27	3.03412e-42	2.54952e-18	-3.21360e-43	2.45785e-18	2.34071e-43	2.37492e-27	8.86368e-43	9.23565e-18	8.61101e-44	8.65858e-18	6.65834e-44	-6.36569e-28	2.51558e-43	3.26754e-17	-2.30807e-44	3.07060e-17	1.88198e-44	1.71356e-28	7.14550e-44	1.15563e-16	6.21259e-45	1.18539e-16	5.16801e-45	-4.88541e-29	2.08754e-44	4.21999e-16	-1.76967e-45	4.08597e-16	1.61722e-45	1.30908e-29	6.12662e-45	1.53428e-15	4.74195e-46	1.43903e-15	4.60304e-46	-3.50903e-30	1.73925e-45	5.43007e-15	-1.27109e-46	5.10756e-15	1.30049e-46	9.45365e-31	4.94265e-46	1.92112e-14	3.42420e-47	2.00195e-14	3.54802e-47	-2.72427e-31	1.45222e-46	7.05738e-14	-9.85891e-48	6.87610e-14	1.13169e-47	7.29992e-32	4.28985e-47	2.57937e-13	2.64178e-48	2.42072e-13	3.22378e-48	-1.95694e-32	1.21827e-47	9.13328e-13	-7.08195e-49	8.60207e-13	9.10259e-49	5.27826e-33	3.46442e-48	3.23287e-12	1.91002e-49	3.44279e-12	2.45955e-49	-1.54369e-33	1.02614e-48	1.19753e-11	-5.58122e-50	1.17701e-11	8.06360e-50	4.13649e-34	3.05920e-49	4.40894e-11	1.49555e-50	4.14134e-11	2.29971e-50	-1.10902e-34	8.69238e-50	1.56224e-10	-4.00965e-51	1.47402e-10	6.48792e-51	2.99602e-35	2.47412e-50	5.53350e-10	1.08313e-51	6.06655e-10	1.72819e-51	-8.93839e-36	7.41141e-51	2.07303e-09	-3.22874e-52	2.06211e-09	5.89216e-52	2.39490e-36	2.23798e-51	7.70917e-09	8.65186e-53	7.24997e-09	1.68312e-52	-6.41200e-37	6.36357e-52	2.73425e-08	-2.31998e-53	2.58624e-08	4.74278e-53	1.69900e-37	1.81359e-52	9.69379e-08	6.28072e-54	1.10466e-07	1.23603e-53	-3.84004e-38	5.52029e-53	3.68780e-07	-1.92306e-54	3.72959e-07	4.46095e-54	-5.08247e-38	1.69709e-53	1.39045e-06	5.15319e-55	1.30983e-06	1.27711e-54	2.41699e-37	4.83045e-54	4.93823e-06	-1.38214e-55	4.68687e-06	3.59233e-55	-9.15972e-37	1.37925e-54	1.75300e-05	3.75351e-56	2.10215e-05	9.02764e-56	3.42219e-36	4.29994e-55	6.80908e-05	-1.19269e-56	6.69868e-05	3.55950e-56	-1.58121e-35	1.35730e-55	2.57148e-04	3.19611e-57	4.02503e-07	1.02224e-56	5.98263e-35	3.86908e-56	5.90145e-04	-8.57552e-58	-6.54526e-05	2.86628e-57	-2.23493e-34	1.10838e-56	2.62081e-04	2.34097e-58	-1.60149e-05	6.67129e-58	8.34145e-34	3.60640e-57	8.68482e-05	-7.88352e-59	-7.50299e-06	3.11267e-58	-4.25366e-33	1.19138e-57	2.87203e-05	2.11248e-59	-2.16783e-06	8.99228e-59	1.61805e-32	3.40223e-58	8.20202e-06	-5.66401e-60	-6.10093e-07	2.53068e-59	-6.04683e-32	9.71593e-59	2.34230e-06	1.53123e-60	-1.54951e-07	6.42742e-60	2.25693e-31	3.01958e-59	7.27957e-07	-4.60917e-61	-5.61673e-08	2.32983e-60	-9.63730e-31	9.28249e-60	2.23781e-07	1.23460e-61	-1.62966e-08	6.75985e-61	3.62923e-30	2.60684e-60	6.28453e-08	-3.29227e-62	-5.28625e-09	2.19275e-61	-1.35532e-29	6.22901e-61	1.50168e-08	8.23096e-63	-5.13417e-12	2.12967e-64	5.05835e-29	3.32766e-67	9.31428e-15	-1.12207e-66
-4.52965e-42	2.32613e-26	1.08234e-43	5.47703e-30	-1.32713e-43	2.86178e-26	6.54977e-43	-3.28627e-27	-2.90019e-44	-1.36962e-26	-2.72582e-42	-4.76123e-23	2.13953e-43	-1.07571e-27	7.77327e-45	-4.08189e-27	-8.11820e-43	1.90420e-22	6.08965e-44	-3.06201e-28	-2.09122e-45	-1.16194e-27	-2.31083e-43	-7.14069e-22	1.68028e-44	-8.44886e-29	5.91592e-46	-3.38144e-28	-6.72489e-44	2.66586e-21	5.18800e-45	-2.60865e-29	-1.58520e-46	-9.87833e-29	-1.96457e-44	-1.05319e-20	1.47577e-45	-7.42054e-30	4.24895e-47	-2.80354e-29	-5.57560e-45	3.94618e-20	4.17127e-46	-2.09745e-30	-1.14376e-47	-7.96333e-30	-1.58375e-45	-1.47315e-19	1.14545e-46	-5.76092e-31	3.26090e-48	-2.32603e-30	-4.62686e-46	5.49799e-19	3.58444e-47	-1.80687e-31	-8.73779e-49	-6.81094e-31	-1.35792e-46	-2.19149e-18	1.02023e-47	-5.28948e-32	2.34220e-49	-1.87815e-31	-3.85491e-47	8.21615e-18	2.88244e-48	-2.01556e-32	-6.31010e-50	-3.37880e-32	-1.09550e-47	-3.06731e-17	7.86391e-49	-2.61467e-32	1.81839e-50	6.20496e-32	-3.21873e-48	1.14476e-16	2.50831e-49	-7.74858e-32	-4.87253e-51	2.81154e-31	-9.50812e-49	-4.62069e-16	7.14527e-50	-2.68707e-31	1.30621e-51	1.01111e-30	-2.70021e-49	1.73380e-15	2.01752e-50	-9.53679e-31	-3.52312e-52	3.58339e-30	-7.67862e-50	-6.47313e-15	5.45141e-51	-3.81652e-30	1.03038e-52	1.32750e-29	-2.27436e-50	2.41587e-14	1.78724e-51	-1.30477e-29	-2.76101e-53	4.88750e-29	-6.78047e-51	-9.92771e-14	5.09713e-52	-4.59086e-29	7.40248e-54	1.73181e-28	-1.92660e-51	3.72950e-13	1.43800e-52	-1.63402e-28	-1.99977e-54	6.13413e-28	-5.48371e-52	-1.39252e-12	3.83039e-53	-6.72503e-28	5.96622e-55	2.29805e-27	-1.64268e-52	5.19714e-12	1.30595e-53	-2.28594e-27	-1.59873e-55	8.54595e-27	-4.96031e-53	-2.19038e-11	3.73051e-54	-8.03691e-27	4.28699e-56	3.03104e-26	-1.41044e-53	8.24180e-11	1.05120e-54	-2.86696e-26	-1.16066e-56	1.07460e-25	-4.01969e-54	-3.07768e-10	2.73957e-55	-1.22456e-25	3.55653e-57	4.08808e-25	-1.22353e-54	1.14866e-09	9.88736e-56	-4.13442e-25	-9.53035e-58	1.54137e-24	-3.76147e-55	-5.01924e-09	2.83061e-56	-1.45202e-24	2.55614e-58	5.47426e-24	-1.07063e-55	1.89283e-08	7.96212e-57	-5.19629e-24	-6.94220e-59	1.94338e-23	-3.05701e-56	-7.06939e-08	2.00091e-57	-2.33502e-23	2.20737e-59	7.55468e-23	-9.53050e-57	2.63847e-07	7.88936e-58	-7.82553e-23	-5.91520e-60	2.90551e-22	-3.00835e-57	-1.21773e-06	2.26572e-58	-2.74406e-22	1.58712e-60	1.03400e-21	-8.57552e-58	4.60706e-06	6.35290e-59	-9.87228e-22	-4.33277e-61	3.67874e-21	-2.45664e-58	-1.25765e-06	1.47864e-59	-4.79697e-21	1.45986e-61	1.48060e-20	-7.99332e-59	4.23530e-07	6.89900e-60	-1.59746e-20	-3.91187e-62	5.88837e-20	-2.64061e-59	-1.13490e-07	1.99307e-60	-5.58091e-20	1.04886e-62	2.10233e-19	-7.54078e-60	3.04290e-08	5.60907e-61	-1.99009e-19	-2.83556e-63	7.45785e-19	-2.15346e-60	-8.22630e-09	1.42459e-61	-8.52029e-19	8.53668e-64	2.84015e-18	-6.69268e-61	2.47620e-09	5.16390e-62	-2.81642e-18	-2.28661e-64	1.09786e-17	-2.05739e-61	-6.63269e-10	1.49827e-62	-9.84094e-18	6.09775e-65	3.90165e-17	-5.77786e-62	1.76872e-10	4.86007e-63	-3.30086e-17	-1.52487e-65	1.35321e-16	-1.38061e-62	-4.42196e-11	4.72024e-66	-2.21736e-19	1.71846e-68	3.08376e-16	-8.56335e-69	6.22271e-15
-6.82234e-24	1.52745e-41	1.20127e-25	-2.56845e-43	-1.46717e-25	4.35973e-42	-1.27838e-21	-2.18722e-42	-3.21885e-26	-9.10804e-42	-3.46491e-21	-1.16821e-42	-3.94634e-21	-7.15089e-43	8.62738e-27	-2.71339e-42	-1.44919e-20	3.13110e-43	-1.38138e-20	-2.03540e-43	-2.32099e-27	-7.72373e-43	-5.18928e-20	-8.42292e-44	-5.26884e-20	-5.61617e-44	6.56595e-28	-2.24773e-43	-1.88873e-19	2.38069e-44	-1.82082e-19	-1.73404e-44	-1.75938e-28	-6.56638e-44	-6.84194e-19	-6.37920e-45	-6.41444e-19	-4.93262e-45	4.71582e-29	-1.86359e-44	-2.42065e-18	1.70986e-45	-2.27476e-18	-1.39421e-45	-1.26943e-29	-5.29351e-45	-8.56111e-18	-4.60240e-46	-8.78157e-18	-3.82856e-46	3.61920e-30	-1.54648e-45	-3.12625e-17	1.31100e-46	-3.02696e-17	-1.19806e-46	-9.69788e-31	-4.53871e-46	-1.13662e-16	-3.51292e-47	-1.06606e-16	-3.41001e-47	2.59956e-31	-1.28847e-46	-4.02270e-16	9.41648e-48	-3.78378e-16	-9.63427e-48	-7.00344e-32	-3.66160e-47	-1.42320e-15	-2.53671e-48	-1.48308e-15	-2.62844e-48	2.01819e-32	-1.07583e-47	-5.22824e-15	7.30366e-49	-5.09394e-15	-8.38379e-49	-5.40791e-33	-3.17800e-48	-1.91084e-14	-1.95708e-49	-1.79331e-14	-2.38824e-49	1.44973e-33	-9.02520e-49	-6.76610e-14	5.24643e-50	-6.37257e-14	-6.74336e-50	-3.91023e-34	-2.56650e-49	-2.39497e-13	-1.41498e-50	-2.55048e-13	-1.82208e-50	1.14360e-34	-7.60183e-50	-8.87150e-13	4.13467e-51	-8.71950e-13	-5.97366e-51	-3.06439e-35	-2.26631e-50	-3.26622e-12	-1.10793e-51	-3.06798e-12	-1.70367e-51	8.21585e-36	-6.43947e-51	-1.15734e-11	2.97042e-52	-1.09198e-11	-4.80637e-52	-2.21952e-36	-1.83288e-51	-4.09932e-11	-8.02403e-53	-4.49421e-11	-1.28027e-52	6.62242e-37	-5.49051e-52	-1.53574e-10	2.39191e-53	-1.52765e-10	-4.36502e-53	-1.77710e-37	-1.65793e-52	-5.71109e-10	-6.40945e-54	-5.37091e-10	-1.24689e-53	4.85999e-38	-4.71425e-53	-2.02558e-09	1.71869e-54	-1.91593e-09	-3.51354e-54	-1.66892e-38	-1.34354e-53	-7.18133e-09	-4.65287e-55	-8.18351e-09	-9.15673e-55	1.81568e-38	-4.08953e-54	-2.73199e-08	1.42464e-55	-2.76295e-08	-3.30475e-55	-6.32159e-38	-1.25724e-54	-1.03007e-07	-3.81758e-56	-9.70353e-08	-9.46106e-56	2.34707e-37	-3.57849e-55	-3.65834e-07	1.02391e-56	-3.47251e-07	-2.66126e-56	-8.75611e-37	-1.02178e-55	-1.29871e-06	-2.78067e-57	-1.56000e-06	-6.68784e-57	3.26774e-36	-3.18548e-56	-5.04802e-06	8.83566e-58	-5.19126e-06	-2.63694e-57	-1.50970e-35	-1.00551e-56	-1.93642e-05	-2.36774e-58	-1.57071e-05	-7.57294e-58	5.71203e-35	-2.86628e-57	-6.54526e-05	6.35290e-59	1.13434e-04	-2.12340e-58	-2.13384e-34	-8.21109e-58	2.99029e-06	-1.73423e-59	-1.20050e-05	-4.94221e-59	7.96416e-34	-2.67169e-58	7.83628e-05	5.84026e-60	-7.11542e-06	-2.30592e-59	-4.06126e-33	-8.82598e-59	2.73544e-05	-1.56496e-60	-2.06907e-06	-6.66165e-60	1.54486e-32	-2.52043e-59	7.83005e-06	4.19600e-61	-5.82487e-07	-1.87478e-60	-5.77333e-32	-7.19774e-60	2.23634e-06	-1.13436e-61	-1.47943e-07	-4.76155e-61	2.15484e-31	-2.23696e-60	6.95030e-07	3.41456e-62	-5.36267e-08	-1.72598e-61	-9.20140e-31	-6.87664e-61	2.13659e-07	-9.14614e-63	-1.55594e-08	-5.00782e-62	3.46507e-30	-1.93119e-61	6.00028e-08	2.43898e-63	-5.04715e-09	-1.62443e-62	-1.29402e-29	-4.61456e-62	1.43376e-08	-6.09765e-64	-4.90194e-12	-1.57770e-65	4.82956e-29	-2.46519e-68	8.89299e-15	8.31247e-68
1.52006e-41	-6.84019e-24	-1.17242e-41	1.46713e-25	3.59339e-43	-2.19218e-26	-2.18831e-42	-1.27837e-21	3.14156e-42	3.46492e-21	9.10954e-42	5.87405e-27	-7.15105e-43	-3.94634e-21	-8.42021e-43	1.44919e-20	2.71341e-42	-1.57439e-27	-2.03541e-43	-1.38138e-20	2.26526e-43	5.18928e-20	7.72373e-43	4.23525e-28	-5.61617e-44	-5.26884e-20	-6.40829e-44	1.88873e-19	2.24773e-43	-1.19707e-28	-1.73404e-44	-1.82082e-19	1.71714e-44	6.84194e-19	6.56638e-44	3.20762e-29	-4.93262e-45	-6.41444e-19	-4.60258e-45	2.42065e-18	1.86359e-44	-8.59760e-30	-1.39421e-45	-2.27476e-18	1.23895e-45	8.56111e-18	5.29351e-45	2.31423e-30	-3.82856e-46	-8.78157e-18	-3.53229e-46	3.12625e-17	1.54648e-45	-6.59323e-31	-1.19806e-46	-3.02696e-17	9.46501e-47	1.13662e-16	4.53871e-46	1.77108e-31	-3.41001e-47	-1.06606e-16	-2.53713e-47	4.02270e-16	1.28847e-46	-4.91090e-32	-9.63427e-48	-3.78378e-16	6.83527e-48	1.42320e-15	3.66160e-47	1.93280e-32	-2.62844e-48	-1.48308e-15	-1.96973e-48	5.22824e-15	1.07583e-47	-2.82031e-32	-8.38379e-49	-5.09394e-15	5.27805e-49	1.91084e-14	3.17800e-48	9.99988e-32	-2.38824e-49	-1.79331e-14	-1.41492e-49	6.76610e-14	9.02520e-49	-3.71792e-31	-6.74336e-50	-6.37257e-14	3.81634e-50	2.39497e-13	2.56650e-49	1.38717e-30	-1.82208e-50	-2.55048e-13	-1.11614e-50	8.87150e-13	7.60183e-50	-5.17689e-30	-5.97366e-51	-8.71950e-13	2.99080e-51	3.26622e-12	2.26631e-50	2.12737e-29	-1.70367e-51	-3.06798e-12	-8.01856e-52	1.15734e-11	6.43947e-51	-7.99178e-29	-4.80637e-52	-1.09198e-11	2.16621e-52	4.09932e-11	1.83288e-51	2.98397e-28	-1.28027e-52	-4.49421e-11	-6.46277e-53	1.53574e-10	5.49051e-52	-1.11367e-27	-4.36502e-53	-1.52765e-10	1.73179e-53	5.71109e-10	1.65793e-52	4.69367e-27	-1.24689e-53	-5.37091e-10	-4.64378e-54	2.02558e-09	4.71425e-53	-1.76610e-26	-3.51354e-54	-1.91593e-09	1.25726e-54	7.18133e-09	1.34354e-53	6.59504e-26	-9.15673e-55	-8.18351e-09	-3.85252e-55	2.73199e-08	4.08953e-54	-2.46140e-25	-3.30475e-55	-2.76295e-08	1.03235e-55	1.03007e-07	1.25724e-54	1.07555e-24	-9.46106e-56	-9.70353e-08	-2.76888e-56	3.65834e-07	3.57849e-55	-4.05606e-24	-2.66126e-56	-3.47251e-07	7.51997e-57	1.29871e-06	1.02178e-55	1.51487e-23	-6.68784e-57	-1.56000e-06	-2.39108e-57	5.04802e-06	3.18548e-56	-5.65387e-23	-2.63694e-57	-5.19126e-06	6.40751e-58	1.93642e-05	1.00551e-56	2.60942e-22	-7.57294e-58	-1.57071e-05	-1.71921e-58	6.54526e-05	2.86628e-57	-9.87228e-22	-2.12340e-58	1.13434e-04	4.69337e-59	-2.99029e-06	8.21109e-58	3.68797e-21	-4.94221e-59	-1.20050e-05	-1.58136e-59	-7.83628e-05	2.67169e-58	-1.37646e-20	-2.30592e-59	-7.11542e-06	4.23744e-60	-2.73544e-05	8.82598e-59	7.01249e-20	-6.66165e-60	-2.06907e-06	-1.13615e-60	-7.83005e-06	2.52043e-59	-2.66735e-19	-1.87478e-60	-5.82487e-07	3.07155e-61	-2.23634e-06	7.19774e-60	9.96816e-19	-4.76155e-61	-1.47943e-07	-9.24716e-62	-6.95030e-07	2.23696e-60	-3.72053e-18	-1.72598e-61	-5.36267e-08	2.47692e-62	-2.13659e-07	6.87664e-61	1.58837e-17	-5.00782e-62	-1.55594e-08	-6.60525e-63	-6.00028e-08	1.93119e-61	-5.98142e-17	-1.62443e-62	-5.04715e-09	1.65178e-63	-1.43376e-08	4.61456e-62	2.23373e-16	-1.57770e-65	-4.90194e-12	-1.86148e-66	-8.98062e-15	2.86222e-68	-8.33678e-16
3.43996e-26	-3.35798e-42	-6.70437e-25	8.19709e-44	8.48694e-28	-2.97340e-44	-4.95621e-27	4.83711e-43	3.21389e-22	2.01353e-42	2.06308e-26	7.96735e-45	-1.61950e-27	1.58061e-43	-1.28489e-21	5.99749e-43	6.14505e-27	-2.13545e-45	-4.60957e-28	4.49888e-44	4.81815e-21	1.70719e-43	1.74919e-27	5.74455e-46	-1.27189e-28	1.24135e-44	-1.79877e-20	4.96819e-44	5.09042e-28	-1.62367e-46	-3.92707e-29	3.83277e-45	7.11348e-20	1.45137e-44	1.48708e-28	4.35070e-47	-1.11709e-29	1.09026e-45	-2.66551e-19	4.11912e-45	4.22046e-29	-1.16615e-47	-3.15745e-30	3.08163e-46	9.95071e-19	1.17003e-45	1.19882e-29	3.13890e-48	-8.67051e-31	8.46231e-47	-3.71373e-18	3.41821e-46	3.50231e-30	-8.94123e-49	-2.71325e-31	2.64809e-47	1.48180e-17	1.00320e-46	1.02788e-30	2.39586e-49	-7.72264e-32	7.53720e-48	-5.55581e-17	2.84792e-47	2.91798e-31	-6.42217e-50	-2.18187e-32	2.12948e-48	2.07414e-16	8.09329e-48	8.29241e-32	1.73007e-50	-5.95261e-33	5.80967e-49	-7.74099e-16	2.37792e-48	2.43642e-32	-4.98120e-51	-1.89867e-33	1.85308e-49	3.12782e-15	7.02436e-49	7.19719e-33	1.33475e-51	-5.40863e-34	5.27875e-50	-1.17372e-14	1.99485e-49	2.04393e-33	-3.57814e-52	-1.52717e-34	1.49049e-50	4.38210e-14	5.67278e-50	5.81235e-34	9.65033e-53	-4.12646e-35	4.02737e-51	-1.63547e-13	1.68024e-50	1.72158e-34	-2.81990e-53	-1.35285e-35	1.32037e-51	6.72798e-13	5.00925e-51	5.13250e-35	7.55622e-54	-3.85827e-36	3.76564e-52	-2.52764e-12	1.42332e-51	1.45835e-35	-2.02587e-54	-1.08845e-36	1.06236e-52	9.43778e-12	4.05123e-52	4.15108e-36	5.47250e-55	-2.89754e-37	2.82980e-53	-3.52235e-11	1.21357e-52	1.24408e-36	-1.63132e-55	-9.82149e-38	9.64805e-54	1.48615e-10	3.66455e-53	3.77862e-37	4.37134e-56	-2.59902e-38	2.75601e-54	-5.59237e-10	1.04200e-53	1.15241e-37	-1.17217e-56	6.19908e-41	7.76601e-55	2.08833e-09	2.96965e-54	6.04844e-38	3.17332e-57	3.21781e-38	2.02392e-55	-7.79410e-09	9.03914e-55	1.23608e-37	-9.71625e-58	1.14894e-37	7.30454e-56	3.40946e-08	2.77889e-55	4.33979e-37	2.60364e-58	4.05924e-37	2.09119e-56	-1.28584e-07	7.90958e-56	1.53200e-36	-6.98322e-59	1.45338e-36	5.88222e-57	4.80242e-07	2.25844e-56	5.43599e-36	1.89646e-59	6.53120e-36	1.47822e-57	-1.79238e-06	7.04090e-57	2.11310e-35	-6.02604e-60	2.18885e-35	5.82846e-58	8.28091e-06	2.22250e-57	8.12690e-35	1.61483e-60	7.67532e-35	1.67386e-58	-3.13312e-05	6.33538e-58	2.89216e-34	-4.33277e-61	2.76134e-34	4.69337e-59	1.17044e-04	1.81491e-58	1.02897e-33	1.18277e-61	1.34174e-33	1.09238e-59	-3.94363e-05	5.90527e-59	4.14135e-33	-3.98314e-62	4.46820e-33	5.09681e-60	1.05674e-05	1.95082e-59	1.64702e-32	1.06733e-62	1.56102e-32	1.47243e-60	-2.83335e-06	5.57094e-60	5.88037e-32	-2.86173e-63	5.56641e-32	4.14384e-61	7.65990e-07	1.59093e-60	2.08601e-31	7.73652e-64	2.38316e-31	1.05245e-61	-2.30607e-07	4.94439e-61	7.94406e-31	-2.32878e-64	7.87586e-31	3.81496e-62	6.17699e-08	1.51995e-61	3.07052e-30	6.23779e-65	2.73983e-30	1.10689e-62	-1.64723e-08	4.26854e-62	1.08946e-29	-1.66341e-65	8.36366e-30	3.59050e-63	4.11923e-09	1.01996e-62	3.65849e-29	4.15853e-66	-5.91841e-29	3.48720e-66	-4.64220e-12	6.35974e-69	-1.12517e-34	7.84946e-72
5.87803e-41	-2.64507e-23	-4.53371e-41	5.67334e-25	1.38955e-42	-8.47708e-26	-8.46210e-42	-4.94342e-21	1.21483e-41	1.33987e-20	3.52263e-41	2.27147e-26	-2.76528e-42	-1.52603e-20	-3.25607e-42	5.60397e-20	1.04927e-41	-6.08812e-27	-7.87084e-43	-5.34174e-20	8.75968e-43	2.00667e-19	2.98674e-42	1.63776e-27	-2.17175e-43	-2.03744e-19	-2.47806e-43	7.30366e-19	8.69189e-43	-4.62903e-28	-6.70546e-44	-7.04103e-19	6.64010e-44	2.64575e-18	2.53919e-43	1.24037e-28	-1.90742e-44	-2.48044e-18	-1.77980e-44	9.36057e-18	7.20643e-44	-3.32465e-29	-5.39134e-45	-8.79641e-18	4.79098e-45	3.31055e-17	2.04698e-44	8.94880e-30	-1.48049e-45	-3.39580e-17	-1.36592e-45	1.20891e-16	5.98020e-45	-2.54868e-30	-4.63286e-46	-1.17052e-16	3.66008e-46	4.39528e-16	1.75510e-45	6.81304e-31	-1.31864e-46	-4.12241e-16	-9.81100e-47	1.55556e-15	4.98245e-46	-1.76534e-31	-3.72554e-47	-1.46317e-15	2.64317e-47	5.50346e-15	1.41593e-46	2.48315e-32	-1.01641e-47	-5.73503e-15	-7.61687e-48	2.02174e-14	4.16019e-47	7.72080e-32	-3.24198e-48	-1.96981e-14	2.04100e-48	7.38916e-14	1.22892e-47	-3.65156e-31	-9.23522e-49	-6.93468e-14	-5.47145e-49	2.61643e-13	3.49001e-48	1.38342e-30	-2.60763e-49	-2.46425e-13	1.47576e-49	9.26124e-13	9.92457e-49	-5.16851e-30	-7.04592e-50	-9.86263e-13	-4.31605e-50	3.43058e-12	2.93960e-49	1.92906e-29	-2.30999e-50	-3.37180e-12	1.15653e-50	1.26304e-11	8.76373e-50	-7.92727e-29	-6.58801e-51	-1.18638e-11	-3.10075e-51	4.47537e-11	2.49012e-50	2.97800e-28	-1.85861e-51	-4.22265e-11	8.37665e-52	1.58519e-10	7.08766e-51	-1.11193e-27	-4.95076e-52	-1.73789e-10	-2.49913e-52	5.93865e-10	2.12316e-51	4.14991e-27	-1.68794e-52	-5.90735e-10	6.69675e-53	2.20846e-09	6.41117e-52	-1.74902e-26	-4.82167e-53	-2.07691e-09	-1.79573e-53	7.83285e-09	1.82298e-52	6.58108e-26	-1.35867e-53	-7.40884e-09	4.86177e-54	2.77699e-08	5.19543e-53	-2.45753e-25	-3.54087e-54	-3.16453e-08	-1.48976e-54	1.05645e-07	1.58141e-53	9.17201e-25	-1.27794e-54	-1.06842e-07	3.99207e-55	3.98323e-07	4.86169e-54	-4.00786e-24	-3.65855e-55	-3.75232e-07	-1.07072e-55	1.41467e-06	1.38379e-54	1.51142e-23	-1.02910e-55	-1.34282e-06	2.90794e-56	5.02210e-06	3.95117e-55	-5.64491e-23	-2.58616e-56	-6.03357e-06	-9.24622e-57	1.95220e-05	1.23181e-55	2.10682e-22	-1.01970e-56	-2.01689e-05	2.47776e-57	7.50104e-05	3.88828e-56	-9.72355e-22	-2.92843e-57	-6.72151e-05	-6.64812e-58	2.62081e-04	1.10838e-56	3.67874e-21	-8.21109e-58	-2.99029e-06	1.81491e-58	6.00968e-04	3.17520e-57	-1.37426e-20	-1.91114e-58	5.25728e-05	-6.11507e-59	3.02878e-04	1.03313e-57	5.12916e-20	-8.91692e-59	2.66294e-05	1.63860e-59	1.02091e-04	3.41297e-58	-2.61309e-19	-2.57603e-59	7.71173e-06	-4.39345e-60	2.91797e-05	9.74642e-59	9.93943e-19	-7.24969e-60	2.17056e-06	1.18776e-60	8.33339e-06	2.78334e-59	-3.71446e-18	-1.84127e-60	5.51283e-07	-3.57584e-61	2.58991e-06	8.65025e-60	1.38639e-17	-6.67431e-61	1.99831e-07	9.57816e-62	7.96164e-07	2.65917e-60	-5.91878e-17	-1.93651e-61	5.79796e-08	-2.55422e-62	2.23590e-07	7.46786e-61	2.22887e-16	-6.28161e-62	1.88074e-08	6.38736e-63	5.34265e-08	1.78443e-61	-8.32362e-16	-6.10089e-65	1.82663e-11	-7.19828e-66	3.34648e-14	1.10681e-67	3.10656e-15
2.63818e-23	-5.90661e-41	-4.64526e-25	9.93208e-43	5.67348e-25	-1.68589e-41	4.94343e-21	8.45791e-42	1.24472e-25	3.52204e-41	1.33987e-20	4.51742e-42	1.52603e-20	2.76522e-42	-3.33618e-26	1.04926e-41	5.60397e-20	-1.21078e-42	5.34174e-20	7.87083e-43	8.97520e-27	2.98674e-42	2.00667e-19	3.25711e-43	2.03744e-19	2.17175e-43	-2.53903e-27	8.69189e-43	7.30366e-19	-9.20605e-44	7.04103e-19	6.70546e-44	6.80347e-28	2.53919e-43	2.64575e-18	2.46681e-44	2.48044e-18	1.90742e-44	-1.82359e-28	7.20643e-44	9.36057e-18	-6.61196e-45	8.79641e-18	5.39134e-45	4.90885e-29	2.04698e-44	3.31055e-17	1.77973e-45	3.39580e-17	1.48049e-45	-1.39953e-29	5.98020e-45	1.20891e-16	-5.06960e-46	1.17052e-16	4.63286e-46	3.75013e-30	1.75510e-45	4.39528e-16	1.35843e-46	4.12241e-16	1.31864e-46	-1.00524e-30	4.98245e-46	1.55556e-15	-3.64132e-47	1.46317e-15	3.72554e-47	2.70820e-31	1.41593e-46	5.50346e-15	9.80937e-48	5.73503e-15	1.01641e-47	-7.80427e-32	4.16019e-47	2.02174e-14	-2.82430e-48	1.96981e-14	3.24198e-48	2.09122e-32	1.22892e-47	7.38916e-14	7.56794e-49	6.93468e-14	9.23522e-49	-5.60607e-33	3.49001e-48	2.61643e-13	-2.02878e-49	2.46425e-13	2.60763e-49	1.51207e-33	9.92457e-49	9.26124e-13	5.47166e-50	9.86263e-13	7.04592e-50	-4.42224e-34	2.93960e-49	3.43058e-12	-1.59886e-50	3.37180e-12	2.30999e-50	1.18499e-34	8.76373e-50	1.26304e-11	4.28432e-51	1.18638e-11	6.58801e-51	-3.17703e-35	2.49012e-50	4.47537e-11	-1.14865e-51	4.22265e-11	1.85861e-51	8.58268e-36	7.08766e-51	1.58519e-10	3.10286e-52	1.73789e-10	4.95076e-52	-2.56038e-36	2.12316e-51	5.93865e-10	-9.24944e-53	5.90735e-10	1.68794e-52	6.85142e-37	6.41117e-52	2.20846e-09	2.47851e-53	2.07691e-09	4.82167e-53	-1.80192e-37	1.82298e-52	7.83285e-09	-6.64609e-54	7.40884e-09	1.35867e-53	3.56268e-38	5.19543e-53	2.77699e-08	1.79925e-54	3.16453e-08	3.54087e-54	3.76852e-38	1.58141e-53	1.05645e-07	-5.50903e-55	1.06842e-07	1.27794e-54	-2.27532e-37	4.86169e-54	3.98323e-07	1.47624e-55	3.75232e-07	3.65855e-55	8.72441e-37	1.38379e-54	1.41467e-06	-3.95943e-56	1.34282e-06	1.02910e-55	-3.26223e-36	3.95117e-55	5.02210e-06	1.07527e-56	6.03357e-06	2.58616e-56	1.21765e-35	1.23181e-55	1.95220e-05	-3.41672e-57	2.01689e-05	1.01970e-56	-5.62564e-35	3.88828e-56	7.50104e-05	9.15595e-58	6.72151e-05	2.92843e-57	2.12849e-34	1.10838e-56	2.62081e-04	-2.45664e-58	2.99029e-06	8.21109e-58	-7.95140e-34	3.17520e-57	6.00968e-04	6.70621e-59	-5.25728e-05	1.91114e-58	2.96771e-33	1.03313e-57	3.02878e-04	-2.25841e-59	-2.66294e-05	8.91692e-59	-1.51336e-32	3.41297e-58	1.02091e-04	6.05166e-60	-7.71173e-06	2.57603e-59	5.75667e-32	9.74642e-59	2.91797e-05	-1.62258e-60	-2.17056e-06	7.24969e-60	-2.15133e-31	2.78334e-59	8.33339e-06	4.38654e-61	-5.51283e-07	1.84127e-60	8.02966e-31	8.65025e-60	2.58991e-06	-1.32040e-61	-1.99831e-07	6.67431e-61	-3.42874e-30	2.65917e-60	7.96164e-07	3.53678e-62	-5.79796e-08	1.93651e-61	1.29120e-29	7.46786e-61	2.23590e-07	-9.43143e-63	-1.88074e-08	6.28161e-62	-4.82193e-29	1.78443e-61	5.34265e-08	2.35794e-63	-1.82663e-11	6.10089e-65	1.79965e-28	9.53279e-68	3.31382e-14	-3.21440e-67
1.23651e-42	-6.34992e-27	-2.95461e-44	-1.49513e-30	3.62284e-44	-7.81217e-27	-1.78797e-43	8.97095e-28	7.91701e-45	3.73883e-27	7.44101e-43	1.29973e-23	-5.84055e-44	2.93649e-28	-2.12197e-45	1.11428e-27	2.21613e-43	-5.19815e-23	-1.66237e-44	8.35876e-29	5.70866e-46	3.17190e-28	6.30817e-44	1.94929e-22	-4.58687e-45	2.30639e-29	-1.61494e-46	9.23075e-29	1.83578e-44	-7.27733e-22	-1.41623e-45	7.12118e-30	4.32733e-47	2.69661e-29	5.36293e-45	2.87503e-21	-4.02860e-46	2.02571e-30	-1.15989e-47	7.65307e-30	1.52204e-45	-1.07724e-20	-1.13868e-46	5.72686e-31	3.12227e-48	2.17341e-30	4.32335e-46	4.02145e-20	-3.12688e-47	1.57718e-31	-8.90168e-49	6.33347e-31	1.26305e-46	-1.50086e-19	-9.78489e-48	5.08929e-32	2.38527e-49	1.80037e-31	3.70688e-47	5.98238e-19	-2.78505e-48	1.99632e-32	-6.39380e-50	3.04266e-32	1.05232e-47	-2.24287e-18	-7.86856e-49	2.51078e-32	1.72255e-50	-6.45197e-32	2.99053e-48	8.37323e-18	-2.14671e-49	8.39837e-32	-4.96389e-51	-2.87840e-31	8.78657e-49	-3.12500e-17	-6.84725e-50	2.85095e-31	1.33012e-51	-1.06686e-30	2.59555e-49	1.26137e-16	-1.95053e-50	1.00256e-30	-3.56573e-52	-3.78188e-30	7.37111e-50	-4.73297e-16	-5.50748e-51	3.56229e-30	9.61751e-53	-1.33877e-29	2.09613e-50	1.76705e-15	-1.48814e-51	1.42572e-29	-2.81276e-53	-4.95916e-29	6.20861e-51	-6.59491e-15	-4.87884e-52	4.87420e-29	7.53709e-54	-1.82582e-28	1.85095e-51	2.71009e-14	-1.39143e-52	1.71500e-28	-2.02075e-54	-6.46950e-28	5.25928e-52	-1.01809e-13	-3.92549e-53	6.10417e-28	5.45904e-55	-2.29152e-27	1.49696e-52	3.80134e-13	-1.04563e-53	2.51226e-27	-1.62867e-55	-8.58478e-27	4.48424e-53	-1.41873e-12	-3.56502e-54	8.53953e-27	4.36425e-56	-3.19250e-26	1.35408e-53	5.97935e-12	-1.01836e-54	3.00233e-26	-1.17027e-56	-1.13230e-25	3.85025e-54	-2.24987e-11	-2.86960e-55	1.07101e-25	3.16840e-57	-4.01436e-25	1.09731e-54	8.40154e-11	-7.47854e-56	4.57458e-25	-9.70870e-58	-1.52718e-24	3.34003e-55	-3.13563e-10	-2.69908e-56	1.54449e-24	2.60162e-58	-5.75807e-24	1.02682e-55	1.37016e-09	-7.72709e-57	5.42427e-24	-6.97782e-59	-2.04501e-23	2.92264e-56	-5.16709e-09	-2.17352e-57	1.94117e-23	1.89510e-59	-7.25985e-23	8.34510e-57	1.92982e-08	-5.46213e-58	8.72291e-23	-6.02574e-60	-2.82219e-22	2.60166e-57	-7.20258e-08	-2.15366e-58	2.92337e-22	1.61475e-60	-1.08541e-21	8.21227e-58	3.32418e-07	-6.18501e-59	1.02509e-21	-4.33256e-61	-3.86268e-21	2.34097e-58	-1.25765e-06	-1.73423e-59	3.68797e-21	1.18277e-61	-1.37426e-20	6.70621e-59	4.69817e-06	-4.03643e-60	1.79199e-20	-3.98517e-62	-5.53107e-20	2.18204e-59	-1.58217e-06	-1.88331e-60	5.96761e-20	1.06787e-62	-2.19971e-19	7.20840e-60	4.23961e-07	-5.44074e-61	2.08485e-19	-2.86320e-63	-7.85366e-19	2.05850e-60	-1.13673e-07	-1.53118e-61	7.43435e-19	7.74059e-64	-2.78602e-18	5.87858e-61	3.07308e-08	-3.88888e-62	3.18291e-18	-2.33037e-64	-1.06099e-17	1.82699e-61	-9.25031e-09	-1.40965e-62	1.05213e-17	6.24206e-65	-4.10126e-17	5.61633e-62	2.47776e-09	-4.09002e-63	3.67626e-17	-1.66458e-65	-1.45753e-16	1.57726e-62	-6.60738e-10	-1.32671e-63	1.23310e-16	4.16262e-66	-5.05515e-16	3.76883e-63	1.65190e-10	-1.28854e-66	8.28337e-19	-4.69110e-69	-1.15200e-15	2.33765e-69	-2.32461e-14
-1.58790e-24	3.55516e-42	2.79596e-26	-5.97807e-44	-3.41484e-26	1.01473e-42	-2.97543e-22	-5.09077e-43	-7.49190e-27	-2.11990e-42	-8.06461e-22	-2.71902e-43	-9.18512e-22	-1.66437e-43	2.00803e-27	-6.31543e-43	-3.37300e-21	7.28765e-44	-3.21517e-21	-4.73741e-44	-5.40213e-28	-1.79770e-43	-1.20781e-20	-1.96044e-44	-1.22632e-20	-1.30717e-44	1.52823e-28	-5.23160e-44	-4.39603e-20	5.54107e-45	-4.23796e-20	-4.03598e-45	-4.09498e-29	-1.52833e-44	-1.59247e-19	-1.48476e-45	-1.49296e-19	-1.14807e-45	1.09761e-29	-4.33752e-45	-5.63408e-19	3.97971e-46	-5.29451e-19	-3.24502e-46	-2.95462e-30	-1.23207e-45	-1.99260e-18	-1.07121e-46	-2.04392e-18	-8.91099e-47	8.42370e-31	-3.59945e-46	-7.27636e-18	3.05137e-47	-7.04528e-18	-2.78850e-47	-2.25719e-31	-1.05639e-46	-2.64550e-17	-8.17635e-48	-2.48126e-17	-7.93683e-48	6.05048e-32	-2.99891e-47	-9.36285e-17	2.19169e-48	-8.80676e-17	-2.24238e-48	-1.63005e-32	-8.52240e-48	-3.31251e-16	-5.90421e-49	-3.45188e-16	-6.11770e-49	4.69735e-33	-2.50400e-48	-1.21687e-15	1.69993e-49	-1.18562e-15	-1.95133e-49	-1.25869e-33	-7.39680e-49	-4.44750e-15	-4.55511e-50	-4.17395e-15	-5.55864e-50	3.37426e-34	-2.10062e-49	-1.57481e-14	1.22111e-50	-1.48322e-14	-1.56952e-50	-9.10109e-35	-5.97355e-50	-5.57430e-14	-3.29336e-51	-5.93627e-14	-4.24090e-51	2.66173e-35	-1.76933e-50	-2.06485e-13	9.62347e-52	-2.02947e-13	-1.39037e-51	-7.13238e-36	-5.27484e-51	-7.60215e-13	-2.57871e-52	-7.14074e-13	-3.96529e-52	1.91226e-36	-1.49879e-51	-2.69370e-12	6.91367e-53	-2.54159e-12	-1.11869e-52	-5.16675e-37	-4.26603e-52	-9.54119e-12	-1.86760e-53	-1.04603e-11	-2.97984e-53	1.54434e-37	-1.27792e-52	-3.57444e-11	5.56719e-54	-3.55560e-11	-1.01596e-53	-4.26156e-38	-3.85885e-53	-1.32926e-10	-1.49180e-54	-1.25008e-10	-2.90214e-54	1.60284e-38	-1.09724e-53	-4.71455e-10	4.00025e-55	-4.45934e-10	-8.17777e-55	-2.14979e-38	-3.12710e-54	-1.67146e-09	-1.08296e-55	-1.90472e-09	-2.13123e-55	6.99631e-38	-9.51841e-55	-6.35871e-09	3.31586e-56	-6.43078e-09	-7.69183e-56	-3.02274e-37	-2.92622e-55	-2.39749e-08	-8.88544e-57	-2.25850e-08	-2.20207e-56	1.13913e-36	-8.32895e-56	-8.51481e-08	2.38316e-57	-8.08244e-08	-6.19410e-57	-4.25426e-36	-2.37819e-56	-3.02278e-07	-6.47203e-58	-3.63187e-07	-1.55660e-57	1.58779e-35	-7.41421e-57	-1.17506e-06	2.05650e-58	-1.21649e-06	-6.13750e-58	-7.33567e-35	-2.34033e-57	-4.51832e-06	-5.51092e-59	-4.21905e-06	-1.76261e-58	2.77549e-34	-6.67129e-58	-1.60149e-05	1.47864e-59	-1.20050e-05	-4.94221e-59	-1.03684e-33	-1.91114e-58	-5.25728e-05	-4.03643e-60	1.53809e-04	-1.15030e-59	3.86981e-33	-6.21837e-59	8.65254e-05	1.35932e-60	-3.14621e-05	-5.36705e-60	-1.97338e-32	-2.05425e-59	1.28599e-04	-3.64246e-61	-1.00080e-05	-1.55050e-60	7.50653e-32	-5.86632e-60	3.79831e-05	9.76622e-62	-2.82965e-06	-4.36355e-61	-2.80528e-31	-1.67528e-60	1.08655e-05	-2.64024e-62	-7.18846e-07	-1.10825e-61	1.04705e-30	-5.20654e-61	3.37716e-06	7.94740e-63	-2.60574e-07	-4.01723e-62	-4.47098e-30	-1.60054e-61	1.03817e-06	-2.12877e-63	-7.56038e-08	-1.16557e-62	1.68369e-29	-4.49487e-62	2.91555e-07	5.67673e-64	-2.45242e-08	-3.78087e-63	-6.28766e-29	-1.07404e-62	6.96667e-08	-1.41923e-64	-2.38187e-11	-3.67210e-66	2.34669e-28	-5.73774e-69	4.32113e-14	1.93473e-68
3.53796e-42	-1.59206e-24	-2.72882e-42	3.41476e-26	8.36365e-44	-5.10231e-27	-5.09330e-43	-2.97542e-22	7.31200e-43	8.06463e-22	2.12025e-42	1.36719e-27	-1.66441e-43	-9.18512e-22	-1.95981e-43	3.37300e-21	6.31548e-43	-3.66441e-28	-4.73742e-44	-3.21517e-21	5.27241e-44	1.20781e-20	1.79770e-43	9.85757e-29	-1.30717e-44	-1.22632e-20	-1.49153e-44	4.39603e-20	5.23160e-44	-2.78619e-29	-4.03598e-45	-4.23796e-20	3.99664e-45	1.59247e-19	1.52833e-44	7.46575e-30	-1.14807e-45	-1.49296e-19	-1.07125e-45	5.63408e-19	4.33752e-45	-2.00113e-30	-3.24502e-46	-5.29451e-19	2.88367e-46	1.99260e-18	1.23207e-45	5.38784e-31	-8.91099e-47	-2.04392e-18	-8.22142e-47	7.27636e-18	3.59945e-46	-1.54003e-31	-2.78850e-47	-7.04528e-18	2.20299e-47	2.64550e-17	1.05639e-46	4.33945e-32	-7.93683e-48	-2.48126e-17	-5.90519e-48	9.36285e-17	2.99891e-47	-1.95752e-32	-2.24238e-48	-8.80676e-17	1.59091e-48	3.31251e-16	8.52240e-48	3.49062e-32	-6.11770e-49	-3.45188e-16	-4.58455e-49	1.21687e-15	2.50400e-48	-1.20050e-31	-1.95133e-49	-1.18562e-15	1.22847e-49	4.44750e-15	7.39680e-49	4.81344e-31	-5.55864e-50	-4.17395e-15	-3.29324e-50	1.57481e-14	2.10062e-49	-1.80533e-30	-1.56952e-50	-1.48322e-14	8.88255e-51	5.57430e-14	5.97355e-50	6.73997e-30	-4.24090e-51	-5.93627e-14	-2.59781e-51	2.06485e-13	1.76933e-50	-2.51545e-29	-1.39037e-51	-2.02947e-13	6.96111e-52	7.60215e-13	5.27484e-51	1.03369e-28	-3.96529e-52	-7.14074e-13	-1.86632e-52	2.69370e-12	1.49879e-51	-3.88323e-28	-1.11869e-52	-2.54159e-12	5.04186e-53	9.54119e-12	4.26603e-52	1.44992e-27	-2.97984e-53	-1.04603e-11	-1.50421e-53	3.57444e-11	1.27792e-52	-5.41136e-27	-1.01596e-53	-3.55560e-11	4.03074e-54	1.32926e-10	3.85885e-53	2.28067e-26	-2.90214e-54	-1.25008e-10	-1.08084e-54	4.71455e-10	1.09724e-53	-8.58153e-26	-8.17777e-55	-4.45934e-10	2.92628e-55	1.67146e-09	3.12710e-54	3.20455e-25	-2.13123e-55	-1.90472e-09	-8.96677e-56	6.35871e-09	9.51841e-55	-1.19600e-24	-7.69183e-56	-6.43078e-09	2.40281e-56	2.39749e-08	2.92622e-55	5.22613e-24	-2.20207e-56	-2.25850e-08	-6.44459e-57	8.51481e-08	8.32895e-56	-1.97085e-23	-6.19410e-57	-8.08244e-08	1.75028e-57	3.02278e-07	2.37819e-56	7.36079e-23	-1.55660e-57	-3.63187e-07	-5.56525e-58	1.17506e-06	7.41421e-57	-2.74723e-22	-6.13750e-58	-1.21649e-06	1.49135e-58	4.51832e-06	2.34033e-57	1.26792e-21	-1.76261e-58	-4.21905e-06	-4.00147e-59	1.60149e-05	6.67129e-58	-4.79697e-21	-4.94221e-59	-1.20050e-05	1.09238e-59	5.25728e-05	1.91114e-58	1.79199e-20	-1.15030e-59	1.53809e-04	-3.68063e-60	-8.65254e-05	6.21837e-59	-6.68828e-20	-5.36705e-60	-3.14621e-05	9.86268e-61	-1.28599e-04	2.05425e-59	3.40739e-19	-1.55050e-60	-1.00080e-05	-2.64440e-61	-3.79831e-05	5.86632e-60	-1.29607e-18	-4.36355e-61	-2.82965e-06	7.14906e-62	-1.08655e-05	1.67528e-60	4.84355e-18	-1.10825e-61	-7.18846e-07	-2.15228e-62	-3.37716e-06	5.20654e-61	-1.80781e-17	-4.01723e-62	-2.60574e-07	5.76505e-63	-1.03817e-06	1.60054e-61	7.71792e-17	-1.16557e-62	-7.56038e-08	-1.53737e-63	-2.91555e-07	4.49487e-62	-2.90639e-16	-3.78087e-63	-2.45242e-08	3.84452e-64	-6.96667e-08	1.07404e-62	1.08538e-15	-3.67209e-66	-2.38187e-11	-4.33261e-67	-4.36371e-14	6.66183e-69	-4.05086e-15
-1.15905e-26	1.13142e-42	2.25894e-25	-2.76189e-44	-2.85955e-28	1.00184e-44	1.66993e-27	-1.62980e-43	-1.08287e-22	-6.78430e-43	-6.95127e-27	-2.68449e-45	5.45667e-28	-5.32564e-44	4.32924e-22	-2.02077e-43	-2.07049e-27	7.19510e-46	1.55313e-28	-1.51583e-44	-1.62341e-21	-5.75212e-44	-5.89364e-28	-1.93554e-46	4.28546e-29	-4.18255e-45	6.06071e-21	-1.67396e-44	-1.71514e-28	5.47071e-47	1.32317e-29	-1.29140e-45	-2.39678e-20	-4.89020e-45	-5.01052e-29	-1.46591e-47	3.76386e-30	-3.67348e-46	8.98107e-20	-1.38788e-45	-1.42202e-29	3.92917e-48	1.06386e-30	-1.03831e-46	-3.35275e-19	-3.94226e-46	-4.03925e-30	-1.05761e-48	2.92140e-31	-2.85125e-47	1.25129e-18	-1.15172e-46	-1.18005e-30	3.01262e-49	9.14189e-32	-8.92237e-48	-4.99270e-18	-3.38013e-47	-3.46329e-31	-8.07251e-50	2.60203e-32	-2.53955e-48	1.87195e-17	-9.59564e-48	-9.83173e-32	2.16386e-50	7.35149e-33	-7.17496e-49	-6.98853e-17	-2.72692e-48	-2.79401e-32	-5.82923e-51	2.00565e-33	-1.95748e-49	2.60822e-16	-8.01205e-49	-8.20918e-33	1.67834e-51	6.39730e-34	-6.24368e-50	-1.05388e-15	-2.36676e-49	-2.42499e-33	-4.49726e-52	1.82236e-34	-1.77860e-50	3.95468e-15	-6.72137e-50	-6.88674e-34	1.20560e-52	5.14557e-35	-5.02201e-51	-1.47648e-14	-1.91136e-50	-1.95839e-34	-3.25154e-53	1.39035e-35	-1.35696e-51	5.51047e-14	-5.66133e-51	-5.80062e-35	9.50125e-54	4.55823e-36	-4.44878e-52	-2.26690e-13	-1.68779e-51	-1.72933e-35	-2.54596e-54	1.29995e-36	-1.26878e-52	8.51654e-13	-4.79569e-52	-4.91386e-36	6.82587e-55	3.66583e-37	-3.57946e-53	-3.17993e-12	-1.36500e-52	-1.39923e-36	-1.84388e-55	9.69899e-38	-9.53461e-54	1.18680e-11	-4.08897e-53	-4.21356e-37	5.49649e-56	3.09211e-38	-3.25077e-54	-5.00738e-11	-1.23472e-53	-1.35431e-37	-1.47286e-56	1.12430e-39	-9.28598e-55	1.88427e-10	-3.51086e-54	-6.76150e-38	3.94945e-57	-2.72487e-38	-2.61665e-55	-7.03634e-10	-1.00058e-54	-1.22435e-37	-1.06921e-57	-1.27140e-37	-6.81932e-56	2.62611e-09	-3.04561e-55	-4.29897e-37	3.27375e-58	-4.31361e-37	-2.46116e-56	-1.14877e-08	-9.36306e-56	-1.61008e-36	-8.77260e-59	-1.51576e-36	-7.04596e-57	4.33246e-08	-2.66502e-56	-5.71514e-36	2.35290e-59	-5.42466e-36	-1.98193e-57	-1.61811e-07	-7.60950e-57	-2.02880e-35	-6.38984e-60	-2.43765e-35	-4.98066e-58	6.03918e-07	-2.37233e-57	-7.88673e-35	2.03039e-60	-8.16948e-35	-1.96382e-58	-2.79013e-06	-7.48838e-58	-3.03321e-34	-5.44094e-61	-2.86467e-34	-5.63982e-59	1.05566e-05	-2.13462e-58	-1.07944e-33	1.45986e-61	-1.03062e-33	-1.58136e-59	-3.94363e-05	-6.11507e-59	-3.84043e-33	-3.98517e-62	-5.00780e-33	-3.68063e-60	1.47189e-04	-1.98970e-59	-1.54568e-32	1.34206e-62	-1.66767e-32	-1.71730e-60	-3.94409e-05	-6.57300e-60	-6.14718e-32	-3.59621e-63	-5.82621e-32	-4.96115e-61	1.05750e-05	-1.87705e-60	-2.19474e-31	9.64219e-64	-2.07756e-31	-1.39621e-61	-2.85891e-06	-5.36040e-61	-7.78564e-31	-2.60671e-64	-8.89469e-31	-3.54609e-62	8.60699e-07	-1.66594e-61	-2.96497e-30	7.84648e-65	-2.93952e-30	-1.28540e-62	-2.30545e-07	-5.12126e-62	-1.14602e-29	-2.10173e-65	-1.02259e-29	-3.72949e-63	6.14797e-08	-1.43822e-62	-4.06622e-29	5.60463e-66	-3.12158e-29	-1.20977e-63	-1.53743e-08	-3.43662e-63	-1.36546e-28	-1.40116e-66	2.20893e-28	-1.17496e-66	1.73261e-11	-2.14282e-69	4.19950e-34	-2.64476e-72
1.91257e-41	-8.60643e-24	-1.47516e-41	1.84597e-25	4.52127e-43	-2.75824e-26	-2.75336e-42	-1.60847e-21	3.95276e-42	4.35962e-21	1.14618e-41	7.39082e-27	-8.99757e-43	-4.96535e-21	-1.05945e-42	1.82340e-20	3.41406e-42	-1.98093e-27	-2.56098e-43	-1.73807e-20	2.85019e-43	6.52923e-20	9.71812e-43	5.32886e-28	-7.06636e-44	-6.62934e-20	-8.06301e-44	2.37643e-19	2.82813e-43	-1.50617e-28	-2.18179e-44	-2.29098e-19	2.16053e-44	8.60864e-19	8.26192e-44	4.03587e-29	-6.20630e-45	-8.07075e-19	-5.79104e-45	3.04570e-18	2.34480e-44	-1.08175e-29	-1.75421e-45	-2.86214e-18	1.55887e-45	1.07717e-17	6.66039e-45	2.91129e-30	-4.81715e-46	-1.10491e-17	-4.44438e-46	3.93350e-17	1.94581e-45	-8.27656e-31	-1.50742e-46	-3.80858e-17	1.19090e-46	1.43012e-16	5.71068e-46	2.15206e-31	-4.29053e-47	-1.34133e-16	-3.19226e-47	5.06142e-16	1.62117e-46	-3.31697e-32	-1.21220e-47	-4.76081e-16	8.60024e-48	1.79069e-15	4.60709e-47	-8.25276e-32	-3.30714e-48	-1.86604e-15	-2.47834e-48	6.57825e-15	1.35363e-47	3.63280e-31	-1.05486e-48	-6.40927e-15	6.64093e-49	2.40425e-14	3.99861e-48	-1.48375e-30	-3.00492e-49	-2.25638e-14	-1.78028e-49	8.51322e-14	1.13557e-48	5.57170e-30	-8.48461e-50	-8.01807e-14	4.80178e-50	3.01338e-13	3.22922e-49	-2.08031e-29	-2.29257e-50	-3.20906e-13	-1.40434e-50	1.11623e-12	9.56474e-50	7.76405e-29	-7.51616e-51	-1.09710e-12	3.76308e-51	4.10961e-12	2.85151e-50	-3.19054e-28	-2.14358e-51	-3.86018e-12	-1.00891e-51	1.45618e-11	8.10225e-51	1.19858e-27	-6.04745e-52	-1.37395e-11	2.72556e-52	5.15783e-11	2.30615e-51	-4.47525e-27	-1.61086e-52	-5.65468e-11	-8.13156e-53	1.93229e-10	6.90825e-52	1.67024e-26	-5.49214e-53	-1.92211e-10	2.17896e-53	7.18579e-10	2.08604e-52	-7.03938e-26	-1.56885e-53	-6.75776e-10	-5.84288e-54	2.54862e-09	5.93155e-53	2.64873e-25	-4.42079e-54	-2.41066e-09	1.58190e-54	9.03567e-09	1.69047e-53	-9.89097e-25	-1.15212e-54	-1.02966e-08	-4.84731e-55	3.43743e-08	5.14552e-54	3.69152e-24	-4.15809e-55	-3.47639e-08	1.29892e-55	1.29605e-07	1.58188e-54	-1.61307e-23	-1.19041e-55	-1.22091e-07	-3.48385e-56	4.60298e-07	4.50251e-55	6.08312e-23	-3.34844e-56	-4.36926e-07	9.46175e-57	1.63407e-06	1.28561e-55	-2.27194e-22	-8.41475e-57	-1.96337e-06	-3.00850e-57	6.35227e-06	4.00802e-56	8.47945e-22	-3.31784e-57	-6.57903e-06	8.06203e-58	2.44293e-05	1.26515e-56	-3.91350e-21	-9.52839e-58	-2.30051e-05	-2.16314e-58	8.68482e-05	3.60640e-57	1.48060e-20	-2.67169e-58	-7.83628e-05	5.90527e-59	3.02878e-04	1.03313e-57	-5.53107e-20	-6.21837e-59	-8.65254e-05	-1.98970e-59	8.05519e-04	3.36156e-58	2.06437e-19	-2.90135e-59	1.02804e-04	5.33162e-60	4.04826e-04	1.11050e-58	-1.05171e-18	-8.38179e-60	3.09737e-05	-1.42952e-60	1.17352e-04	3.17125e-59	4.00039e-18	-2.35887e-60	8.73507e-06	3.86468e-61	3.35386e-05	9.05631e-60	-1.49498e-17	-5.99106e-61	2.21877e-06	-1.16349e-61	1.04238e-05	2.81458e-60	5.57990e-17	-2.17166e-61	8.04272e-07	3.11650e-62	3.20437e-06	8.65230e-61	-2.38217e-16	-6.30092e-62	2.33354e-07	-8.31083e-63	8.99897e-07	2.42986e-61	8.97069e-16	-2.04389e-62	7.56952e-08	2.07829e-63	2.15029e-07	5.80612e-62	-3.35006e-15	-1.98508e-65	7.35174e-11	-2.34215e-66	1.34688e-13	3.60129e-68	1.25032e-14
8.58399e-24	-1.92187e-41	-1.51145e-25	3.23166e-43	1.84601e-25	-5.48548e-42	1.60847e-21	2.75200e-42	4.05001e-26	1.14599e-41	4.35961e-21	1.46986e-42	4.96535e-21	8.99737e-43	-1.08551e-26	3.41403e-42	1.82340e-20	-3.93960e-43	1.73807e-20	2.56098e-43	2.92031e-27	9.71812e-43	6.52923e-20	1.05979e-43	6.62934e-20	7.06636e-44	-8.26139e-28	2.82813e-43	2.37643e-19	-2.99543e-44	2.29098e-19	2.18179e-44	2.21369e-28	8.26192e-44	8.60864e-19	8.02641e-45	8.07075e-19	6.20630e-45	-5.93352e-29	2.34480e-44	3.04570e-18	-2.15137e-45	2.86214e-18	1.75421e-45	1.59722e-29	6.66039e-45	1.07717e-17	5.79081e-46	1.10491e-17	4.81715e-46	-4.55373e-30	1.94581e-45	3.93350e-17	-1.64953e-46	3.80858e-17	1.50742e-46	1.22020e-30	5.71068e-46	1.43012e-16	4.42002e-47	1.34133e-16	4.29053e-47	-3.27080e-31	1.62117e-46	5.06142e-16	-1.18480e-47	4.76081e-16	1.21220e-47	8.81184e-32	4.60709e-47	1.79069e-15	3.19173e-48	1.86604e-15	3.30714e-48	-2.53932e-32	1.35363e-47	6.57825e-15	-9.18959e-49	6.40927e-15	1.05486e-48	6.80432e-33	3.99861e-48	2.40425e-14	2.46243e-49	2.25638e-14	3.00492e-49	-1.82408e-33	1.13557e-48	8.51322e-14	-6.60115e-50	8.01807e-14	8.48461e-50	4.91992e-34	3.22922e-49	3.01338e-13	1.78035e-50	3.20906e-13	2.29257e-50	-1.43889e-34	9.56474e-50	1.11623e-12	-5.20231e-51	1.09710e-12	7.51616e-51	3.85566e-35	2.85151e-50	4.10961e-12	1.39401e-51	3.86018e-12	2.14358e-51	-1.03372e-35	8.10225e-51	1.45618e-11	-3.73743e-52	1.37395e-11	6.04745e-52	2.79236e-36	2.30615e-51	5.15783e-11	1.00960e-52	5.65468e-11	1.61086e-52	-8.32199e-37	6.90825e-52	1.93229e-10	-3.00954e-53	1.92211e-10	5.49214e-53	2.19194e-37	2.08604e-52	7.18579e-10	8.06448e-54	6.75776e-10	1.56885e-53	-4.45755e-38	5.93155e-53	2.54862e-09	-2.16248e-54	2.41066e-09	4.42079e-54	-4.08916e-38	1.69047e-53	9.03567e-09	5.85432e-55	1.02966e-08	1.15212e-54	2.08142e-37	5.14552e-54	3.43743e-08	-1.79251e-55	3.47639e-08	4.15809e-55	-9.30892e-37	1.58188e-54	1.29605e-07	4.80334e-56	1.22091e-07	1.19041e-55	3.51543e-36	4.50251e-55	4.60298e-07	-1.28830e-56	4.36926e-07	3.34844e-56	-1.31308e-35	1.28561e-55	1.63407e-06	3.49868e-57	1.96337e-06	8.41475e-57	4.90078e-35	4.00802e-56	6.35227e-06	-1.11172e-57	6.57903e-06	3.31784e-57	-2.26419e-34	1.26515e-56	2.44293e-05	2.97913e-58	2.30051e-05	9.52839e-58	8.56667e-34	3.60640e-57	8.68482e-05	-7.99332e-59	7.83628e-05	2.67169e-58	-3.20025e-33	1.03313e-57	3.02878e-04	2.18204e-59	8.65254e-05	6.21837e-59	1.19443e-32	3.36156e-58	8.05519e-04	-7.34831e-60	-1.02804e-04	2.90135e-59	-6.09092e-32	1.11050e-58	4.04826e-04	1.96906e-60	-3.09737e-05	8.38179e-60	2.31692e-31	3.17125e-59	1.17352e-04	-5.27948e-61	-8.73507e-06	2.35887e-60	-8.65861e-31	9.05631e-60	3.35386e-05	1.42728e-61	-2.21877e-06	5.99106e-61	3.23175e-30	2.81458e-60	1.04238e-05	-4.29625e-62	-8.04272e-07	2.17166e-61	-1.37999e-29	8.65230e-61	3.20437e-06	1.15078e-62	-2.33354e-07	6.30092e-62	5.19678e-29	2.42986e-61	8.99897e-07	-3.06876e-63	-7.56952e-08	2.04389e-62	-1.94071e-28	5.80612e-62	2.15029e-07	7.67216e-64	-7.35174e-11	1.98508e-65	7.24318e-28	3.10174e-68	1.33373e-13	-1.04589e-67
-4.16413e-43	2.13842e-27	9.95003e-45	5.03506e-31	-1.22004e-44	2.63085e-27	6.02124e-44	-3.02109e-28	-2.66616e-45	-1.25910e-27	-2.50586e-43	-4.37702e-24	1.96688e-44	-9.88902e-29	7.14601e-46	-3.75250e-28	-7.46311e-44	1.75055e-23	5.59825e-45	-2.81492e-29	-1.92247e-46	-1.06818e-28	-2.12436e-44	-6.56448e-23	1.54469e-45	-7.76709e-30	5.43854e-47	-3.10857e-29	-6.18223e-45	2.45074e-22	4.76936e-46	-2.39819e-30	-1.45729e-47	-9.08106e-30	-1.80604e-45	-9.68205e-22	1.35668e-46	-6.82307e-31	3.90609e-48	-2.57681e-30	-5.12568e-46	3.62774e-21	3.83467e-47	-1.93291e-31	-1.05147e-48	-7.30299e-31	-1.45595e-46	-1.35428e-20	1.05302e-47	-5.47805e-32	2.99776e-49	-2.07354e-31	-4.25350e-47	5.05433e-20	3.29519e-48	-2.28844e-32	-8.03270e-50	-3.90557e-32	-1.24834e-47	-2.01465e-19	9.37902e-49	-2.69578e-32	2.15320e-50	6.61086e-32	-3.54384e-48	7.55315e-19	2.64984e-49	-8.02756e-32	-5.80091e-51	2.91867e-31	-1.00710e-48	-2.81980e-18	7.22934e-50	-3.09788e-31	1.67166e-51	1.08931e-30	-2.95899e-49	1.05239e-17	2.30590e-50	-1.06289e-30	-4.47934e-52	3.98627e-30	-8.74087e-50	-4.24782e-17	6.56869e-51	-3.74153e-30	1.20081e-52	1.41164e-29	-2.48232e-50	1.59389e-16	1.85472e-51	-1.32955e-29	-3.23882e-53	4.99676e-29	-7.05900e-51	-5.95078e-16	5.01151e-52	-5.32123e-29	9.47235e-54	1.85091e-28	-2.09083e-51	2.22092e-15	1.64302e-52	-1.81920e-28	-2.53821e-54	6.81452e-28	-6.23333e-52	-9.12660e-15	4.68582e-53	-6.40091e-28	6.80514e-55	2.41462e-27	-1.77113e-52	3.42855e-14	1.32196e-53	-2.27827e-27	-1.83840e-55	8.55266e-27	-5.04120e-53	-1.28015e-13	3.52130e-54	-9.37653e-27	5.48478e-56	3.20411e-26	-1.51013e-53	4.77776e-13	1.20057e-54	-3.18722e-26	-1.46972e-56	1.19154e-25	-4.56004e-54	-2.01363e-12	3.42948e-55	-1.12056e-25	3.94105e-57	4.22609e-25	-1.29662e-54	7.57674e-12	9.66375e-56	-3.99733e-25	-1.06700e-57	1.49828e-24	-3.69532e-55	-2.82933e-11	2.51850e-56	-1.70737e-24	3.26953e-58	5.69991e-24	-1.12480e-55	1.05597e-10	9.08950e-57	-5.76451e-24	-8.76130e-59	2.14909e-23	-3.45794e-56	-4.61421e-10	2.60220e-57	-2.02451e-23	2.34988e-59	7.63261e-23	-9.84239e-57	1.74009e-09	7.31963e-58	-7.24505e-23	-6.38200e-60	2.70960e-22	-2.81032e-57	-6.49893e-09	1.83945e-58	-3.25566e-22	2.02925e-60	1.05333e-21	-8.76144e-58	2.42556e-08	7.25273e-59	-1.09109e-21	-5.43788e-61	4.05107e-21	-2.76559e-58	-1.11946e-07	2.08289e-59	-3.82597e-21	1.45905e-61	1.44167e-20	-7.88352e-59	4.23530e-07	5.84026e-60	-1.37646e-20	-3.98314e-62	5.12916e-20	-2.25841e-59	-1.58217e-06	1.35932e-60	-6.68828e-20	1.34206e-62	2.06437e-19	-7.34831e-60	5.90516e-06	6.34229e-61	-2.22730e-19	-3.59621e-63	8.21000e-19	-2.42753e-60	-1.58236e-06	1.83224e-61	-7.78132e-19	9.64220e-64	2.93123e-18	-6.93228e-61	4.24263e-07	5.15644e-62	-2.77473e-18	-2.60675e-64	1.03983e-17	-1.97969e-61	-1.14697e-07	1.30963e-62	-1.18796e-17	7.84782e-65	3.95995e-17	-6.15262e-62	3.45250e-08	4.74720e-63	-3.92686e-17	-2.10210e-65	1.53072e-16	-1.89137e-62	-9.24778e-09	1.37737e-63	-1.37210e-16	5.60570e-66	5.43997e-16	-5.31162e-63	2.46608e-09	4.46789e-64	-4.60230e-16	-1.40182e-66	1.88674e-15	-1.26920e-63	-6.16542e-10	4.33935e-67	-3.09161e-18	1.57979e-69	4.29960e-15	-7.87234e-70	8.67615e-14
-7.40880e-25	1.65876e-42	1.30453e-26	-2.78923e-44	-1.59329e-26	4.73450e-43	-1.38827e-22	-2.37524e-43	-3.49555e-27	-9.89098e-43	-3.76276e-22	-1.26863e-43	-4.28557e-22	-7.76559e-44	9.36900e-28	-2.94664e-43	-1.57376e-21	3.40025e-44	-1.50012e-21	-2.21037e-44	-2.52051e-28	-8.38766e-44	-5.63535e-21	-9.14696e-45	-5.72175e-21	-6.09895e-45	7.13037e-29	-2.44095e-44	-2.05109e-20	2.58534e-45	-1.97734e-20	-1.88310e-45	-1.91062e-29	-7.13083e-45	-7.43008e-20	-6.92756e-46	-6.96583e-20	-5.35663e-46	5.12119e-30	-2.02379e-45	-2.62873e-19	1.85684e-46	-2.47030e-19	-1.51405e-46	-1.37856e-30	-5.74855e-46	-9.29703e-19	-4.99803e-47	-9.53645e-19	-4.15766e-47	3.93031e-31	-1.67942e-46	-3.39498e-18	1.42370e-47	-3.28717e-18	-1.30105e-47	-1.05315e-31	-4.92887e-47	-1.23433e-17	-3.81490e-48	-1.15770e-17	-3.70314e-48	2.82302e-32	-1.39923e-47	-4.36849e-17	1.02259e-48	-4.10903e-17	-1.04624e-48	-7.60546e-33	-3.97636e-48	-1.54554e-16	-2.75477e-49	-1.61057e-16	-2.85438e-49	2.19168e-33	-1.16831e-48	-5.67766e-16	7.93149e-50	-5.53182e-16	-9.10446e-50	-5.87278e-34	-3.45118e-49	-2.07510e-15	-2.12531e-50	-1.94747e-15	-2.59353e-50	1.57435e-34	-9.80102e-50	-7.34772e-15	5.69742e-51	-6.92036e-15	-7.32303e-51	-4.24636e-35	-2.78712e-50	-2.60084e-14	-1.53661e-51	-2.76973e-14	-1.97871e-51	1.24190e-35	-8.25529e-51	-9.63411e-14	4.49009e-52	-9.46904e-14	-6.48716e-52	-3.32783e-36	-2.46112e-51	-3.54699e-13	-1.20317e-52	-3.33171e-13	-1.85012e-52	8.92283e-37	-6.99301e-52	-1.25682e-12	3.22576e-53	-1.18585e-12	-5.21953e-53	-2.41308e-37	-1.99043e-52	-4.45170e-12	-8.71378e-54	-4.88053e-12	-1.39033e-53	7.29490e-38	-5.96248e-53	-1.66775e-11	2.59752e-54	-1.65896e-11	-4.74024e-54	-2.36534e-38	-1.80045e-53	-6.20202e-11	-6.96042e-55	-5.83260e-11	-1.35407e-54	2.16647e-38	-5.11949e-54	-2.19970e-10	1.86643e-55	-2.08063e-10	-3.81556e-55	-6.30053e-38	-1.45903e-54	-7.79865e-10	-5.05284e-56	-8.88697e-10	-9.94386e-56	2.30357e-37	-4.44107e-55	-2.96683e-09	1.54710e-56	-3.00045e-09	-3.58883e-56	-1.00591e-36	-1.36531e-55	-1.11861e-08	-4.14574e-57	-1.05377e-08	-1.02743e-56	3.79330e-36	-3.88610e-56	-3.97281e-08	1.11193e-57	-3.77109e-08	-2.89003e-57	-1.41673e-35	-1.10961e-56	-1.41036e-07	-3.01970e-58	-1.69459e-07	-7.26273e-58	5.28758e-35	-3.45930e-57	-5.48263e-07	9.59518e-59	-5.67909e-07	-2.86362e-58	-2.44289e-34	-1.09195e-57	-2.10859e-06	-2.57127e-59	-1.99072e-06	-8.22392e-59	9.24280e-34	-3.11267e-58	-7.50299e-06	6.89900e-60	-7.11542e-06	-2.30592e-59	-3.45283e-33	-8.91692e-59	-2.66294e-05	-1.88331e-60	-3.14621e-05	-5.36705e-60	1.28870e-32	-2.90135e-59	-1.02804e-04	6.34229e-61	2.00198e-04	-2.50414e-60	-6.57165e-32	-9.58467e-60	5.24960e-06	-1.69949e-61	-2.88537e-05	-7.23429e-61	2.49979e-31	-2.73709e-60	1.20281e-04	4.55669e-62	-9.35725e-06	-2.03593e-61	-9.34199e-31	-7.81646e-61	3.60917e-05	-1.23188e-62	-2.39277e-06	-5.17086e-62	3.48682e-30	-2.42926e-61	1.12448e-05	3.70808e-63	-8.67733e-07	-1.87435e-62	-1.48890e-29	-7.46776e-62	3.45725e-06	-9.93235e-64	-2.51772e-07	-5.43830e-63	5.60694e-29	-2.09720e-62	9.70921e-07	2.64863e-64	-8.16694e-08	-1.76407e-63	-2.09388e-28	-5.01124e-63	2.32000e-07	-6.62181e-65	-7.93197e-11	-1.71332e-66	7.81484e-28	-2.67710e-69	1.43900e-13	9.02702e-69
1.65073e-42	-7.42818e-25	-1.27320e-42	1.59325e-26	3.90229e-44	-2.38062e-27	-2.37642e-43	-1.38826e-22	3.41161e-43	3.76277e-22	9.89261e-43	6.37899e-28	-7.76576e-44	-4.28557e-22	-9.14402e-44	1.57377e-21	2.94666e-43	-1.70973e-28	-2.21037e-44	-1.50012e-21	2.45998e-44	5.63535e-21	8.38767e-44	4.59932e-29	-6.09895e-45	-5.72175e-21	-6.95915e-45	2.05109e-20	2.44095e-44	-1.29997e-29	-1.88310e-45	-1.97734e-20	1.86474e-45	7.43008e-20	7.13083e-45	3.48338e-30	-5.35663e-46	-6.96583e-20	-4.99822e-46	2.62873e-19	2.02379e-45	-9.33802e-31	-1.51405e-46	-2.47030e-19	1.34545e-46	9.29703e-19	5.74855e-46	2.51824e-31	-4.15766e-47	-9.53645e-19	-3.83593e-47	3.39498e-18	1.67942e-46	-7.34935e-32	-1.30105e-47	-3.28717e-18	1.02786e-47	1.23433e-17	4.92887e-47	2.67810e-32	-3.70314e-48	-1.15770e-17	-2.75523e-48	4.36849e-17	1.39923e-47	-3.36307e-32	-1.04624e-48	-4.10903e-17	7.42283e-49	1.54554e-16	3.97636e-48	1.07742e-31	-2.85438e-49	-1.61057e-16	-2.13905e-49	5.67766e-16	1.16831e-48	-3.97336e-31	-9.10446e-50	-5.53182e-16	5.73176e-50	2.07510e-15	3.45118e-49	1.60229e-30	-2.59353e-50	-1.94747e-15	-1.53655e-50	7.34772e-15	9.80102e-50	-6.01183e-30	-7.32303e-51	-6.92036e-15	4.14439e-51	2.60084e-14	2.78712e-50	2.24450e-29	-1.97871e-51	-2.76973e-14	-1.21208e-51	9.63411e-14	8.25529e-51	-8.37684e-29	-6.48716e-52	-9.46904e-14	3.24790e-52	3.54699e-13	2.46112e-51	3.44235e-28	-1.85012e-52	-3.33171e-13	-8.70784e-53	1.25682e-12	6.99301e-52	-1.29317e-27	-5.21953e-53	-1.18585e-12	2.35242e-53	4.45170e-12	1.99043e-52	4.82846e-27	-1.39033e-53	-4.88053e-12	-7.01831e-54	1.66775e-11	5.96248e-53	-1.80206e-26	-4.74024e-54	-1.65896e-11	1.88065e-54	6.20202e-11	1.80045e-53	7.59496e-26	-1.35407e-54	-5.83260e-11	-5.04296e-55	2.19970e-10	5.11949e-54	-2.85778e-25	-3.81556e-55	-2.08063e-10	1.36533e-55	7.79865e-10	1.45903e-54	1.06716e-24	-9.94386e-56	-8.88697e-10	-4.18369e-56	2.96683e-09	4.44107e-55	-3.98287e-24	-3.58883e-56	-3.00045e-09	1.12109e-56	1.11861e-08	1.36531e-55	1.74038e-23	-1.02743e-56	-1.05377e-08	-3.00690e-57	3.97281e-08	3.88610e-56	-6.56323e-23	-2.89003e-57	-3.77109e-08	8.16640e-58	1.41036e-07	1.10961e-56	2.45125e-22	-7.26273e-58	-1.69459e-07	-2.59662e-58	5.48263e-07	3.45930e-57	-9.14869e-22	-2.86362e-58	-5.67909e-07	6.95830e-59	2.10859e-06	1.09195e-57	4.22237e-21	-8.22392e-59	-1.99072e-06	-1.86700e-59	7.50299e-06	3.11267e-58	-1.59746e-20	-2.30592e-59	-7.11542e-06	5.09681e-60	2.66294e-05	8.91692e-59	5.96761e-20	-5.36705e-60	-3.14621e-05	-1.71730e-60	1.02804e-04	2.90135e-59	-2.22730e-19	-2.50414e-60	2.00198e-04	4.60170e-61	-5.24960e-06	9.58467e-60	1.13471e-18	-7.23429e-61	-2.88537e-05	-1.23381e-61	-1.20281e-04	2.73709e-60	-4.31612e-18	-2.03593e-61	-9.35725e-06	3.33559e-62	-3.60917e-05	7.81646e-61	1.61298e-17	-5.17086e-62	-2.39277e-06	-1.00421e-62	-1.12448e-05	2.42926e-61	-6.02029e-17	-1.87435e-62	-8.67733e-07	2.68984e-63	-3.45725e-06	7.46776e-62	2.57018e-16	-5.43830e-63	-2.51772e-07	-7.17304e-64	-9.70921e-07	2.09720e-62	-9.67870e-16	-1.76407e-63	-8.16694e-08	1.79377e-64	-2.32000e-07	5.01124e-63	3.61446e-15	-1.71332e-66	-7.93197e-11	-2.02150e-67	-1.45318e-13	3.10826e-69	-1.34900e-14
3.10580e-27	-3.03178e-43	-6.05310e-26	7.40081e-45	7.66250e-29	-2.68456e-45	-4.47476e-28	4.36722e-44	2.90169e-23	1.81793e-43	1.86267e-27	7.19339e-46	-1.46218e-28	1.42707e-44	-1.16007e-22	5.41488e-44	5.54811e-28	-1.92801e-46	-4.16179e-29	4.06185e-45	4.35011e-22	1.54135e-44	1.57927e-28	5.18651e-47	-1.14834e-29	1.12076e-45	-1.62404e-21	4.48557e-45	4.59593e-29	-1.46594e-47	-3.54558e-30	3.46044e-46	6.42246e-21	1.31039e-45	1.34263e-29	3.92806e-48	-1.00857e-30	9.84352e-47	-2.40658e-20	3.71898e-46	3.81048e-30	-1.05287e-48	-2.85073e-31	2.78228e-47	8.98408e-20	1.05637e-46	1.08236e-30	2.83398e-49	-7.82824e-32	7.64026e-48	-3.35297e-19	3.08616e-47	3.16209e-31	-8.07266e-50	-2.44968e-32	2.39085e-48	1.33785e-18	9.05745e-48	9.28029e-32	2.16312e-50	-6.97245e-33	6.80502e-49	-5.01611e-18	2.57126e-48	2.63453e-32	-5.79831e-51	-1.96992e-33	1.92261e-49	1.87266e-17	7.30709e-49	7.48687e-33	1.56201e-51	-5.37436e-34	5.24530e-50	-6.98902e-17	2.14692e-49	2.19974e-33	-4.49732e-52	-1.71423e-34	1.67307e-50	2.82398e-16	6.34200e-50	6.49804e-34	1.20509e-52	-4.88322e-35	4.76596e-51	-1.05970e-15	1.80107e-50	1.84538e-34	-3.23055e-53	-1.37881e-35	1.34570e-51	3.95641e-15	5.12171e-51	5.24773e-35	8.71288e-54	-3.72558e-36	3.63614e-52	-1.47659e-14	1.51702e-51	1.55435e-35	-2.54597e-54	-1.22136e-36	1.19210e-52	6.07441e-14	4.52264e-52	4.63417e-36	6.82220e-55	-3.48104e-37	3.39983e-53	-2.28210e-13	1.28506e-52	1.31760e-36	-1.82907e-55	-9.74059e-38	9.59159e-54	8.52098e-13	3.65768e-53	3.78033e-37	4.94089e-56	-2.25976e-38	2.55491e-54	-3.18018e-12	1.09569e-53	1.24498e-37	-1.47285e-56	3.24417e-39	8.71082e-55	1.34178e-11	3.30857e-54	7.93946e-38	3.94670e-57	4.02354e-38	2.48829e-55	-5.04912e-11	9.40775e-55	1.70998e-37	-1.05830e-57	1.51906e-37	7.01161e-56	1.88547e-10	2.68117e-55	5.74816e-37	2.86506e-58	6.51715e-37	1.82732e-56	-7.03697e-10	8.16106e-56	2.17715e-36	-8.77239e-59	2.20091e-36	6.59496e-57	3.07826e-09	2.50894e-56	8.20583e-36	2.35072e-59	7.72987e-36	1.88805e-57	-1.16093e-08	7.14123e-57	2.91426e-35	-6.30486e-60	2.76627e-35	5.31081e-58	4.33591e-08	2.03905e-57	1.03457e-34	1.71223e-60	1.24306e-34	1.33462e-58	-1.61827e-07	6.35693e-58	4.02178e-34	-5.44066e-61	4.16596e-34	5.26228e-59	7.47648e-07	2.00660e-58	1.54676e-33	1.45796e-61	1.46082e-33	1.51125e-59	-2.82877e-06	5.71995e-59	5.50454e-33	-3.91187e-62	5.25556e-33	4.23744e-60	1.05674e-05	1.63860e-59	1.95840e-32	1.06787e-62	2.55369e-32	9.86268e-61	-3.94409e-05	5.33162e-60	7.88208e-32	-3.59621e-63	8.50417e-32	4.60170e-61	2.01126e-04	1.76131e-60	3.13471e-31	9.63645e-64	2.97103e-31	1.32940e-61	-5.39262e-05	5.02977e-61	1.11919e-30	-2.58374e-64	1.05943e-30	3.74130e-62	1.45788e-05	1.43638e-61	3.97022e-30	6.98498e-65	4.53578e-30	9.50215e-63	-4.38907e-06	4.46408e-62	1.51196e-29	-2.10255e-65	1.49898e-29	3.44437e-63	1.17564e-06	1.37230e-62	5.84402e-29	5.63184e-66	5.21462e-29	9.99360e-64	-3.13511e-07	3.85389e-63	2.07354e-28	-1.50182e-66	1.59183e-28	3.24171e-64	7.83998e-08	9.20881e-64	6.96307e-28	3.75456e-67	-1.12643e-27	3.14845e-67	-8.83533e-11	5.74194e-70	-2.14150e-33	7.08695e-73
6.31821e-42	-2.84315e-24	-4.87322e-42	6.09819e-26	1.49361e-43	-9.11188e-27	-9.09578e-43	-5.31361e-22	1.30580e-42	1.44021e-21	3.78642e-42	2.44157e-27	-2.97236e-43	-1.64031e-21	-3.49990e-43	6.02362e-21	1.12784e-42	-6.54403e-28	-8.46024e-44	-5.74176e-21	9.41565e-44	2.15694e-20	3.21040e-43	1.76040e-28	-2.33438e-44	-2.19001e-20	-2.66363e-44	7.85059e-20	9.34278e-44	-4.97567e-29	-7.20760e-45	-7.56830e-20	7.13734e-45	2.84388e-19	2.72934e-44	1.33324e-29	-2.05026e-45	-2.66619e-19	-1.91308e-45	1.00615e-18	7.74609e-45	-3.57312e-30	-5.79507e-46	-9.45512e-19	5.14975e-46	3.55846e-18	2.20027e-45	9.60023e-31	-1.59136e-46	-3.65010e-18	-1.46821e-46	1.29944e-17	6.42802e-46	-2.66974e-31	-4.97980e-47	-1.25817e-17	3.93417e-47	4.72442e-17	1.88653e-46	4.54106e-32	-1.41739e-47	-4.43112e-17	-1.05457e-47	1.67205e-16	5.35557e-47	8.53316e-32	-4.00452e-48	-1.57274e-16	2.84111e-48	5.91559e-16	1.52196e-47	-3.86737e-31	-1.09252e-48	-6.16449e-16	-8.18726e-49	2.17314e-15	4.47172e-48	1.46162e-30	-3.48475e-49	-2.11732e-15	2.19384e-49	7.94250e-15	1.32095e-48	-5.90538e-30	-9.92680e-50	-7.45398e-15	-5.88118e-50	2.81236e-14	3.75136e-49	2.21599e-29	-2.80291e-50	-2.64878e-14	1.58628e-50	9.95477e-14	1.06678e-49	-8.27342e-29	-7.57355e-51	-1.06012e-13	-4.63926e-51	3.68748e-13	3.15973e-50	3.08777e-28	-2.48298e-51	-3.62430e-13	1.24314e-51	1.35762e-12	9.42000e-51	-1.26888e-27	-7.08136e-52	-1.27522e-12	-3.33295e-52	4.81051e-12	2.67659e-51	4.76674e-27	-1.99779e-52	-4.53887e-12	9.00393e-53	1.70390e-11	7.61842e-52	-1.77981e-26	-5.32150e-53	-1.86804e-11	-2.68627e-53	6.38336e-11	2.28215e-52	6.64256e-26	-1.81434e-53	-6.34972e-11	7.19824e-54	2.37384e-10	6.89127e-53	-2.79957e-25	-5.18274e-54	-2.23244e-10	-1.93021e-54	8.41941e-10	1.95950e-53	1.05340e-24	-1.46042e-54	-7.96365e-10	5.22584e-55	2.98495e-09	5.58449e-54	-3.93365e-24	-3.80603e-55	-3.40151e-09	-1.60132e-55	1.13556e-08	1.69983e-54	1.46812e-23	-1.37363e-55	-1.14843e-08	4.29101e-56	4.28152e-08	5.22575e-55	-6.41518e-23	-3.93253e-56	-4.03331e-08	-1.15090e-56	1.52060e-07	1.48741e-55	2.41926e-22	-1.10616e-56	-1.44339e-07	3.12571e-57	5.39819e-07	4.24705e-56	-9.03552e-22	-2.77983e-57	-6.48607e-07	-9.93862e-58	2.09849e-06	1.32406e-56	3.37228e-21	-1.09606e-57	-2.17371e-06	2.66331e-58	8.07070e-06	4.17945e-57	-1.55640e-20	-3.14772e-58	-7.62128e-06	-7.14597e-59	2.87203e-05	1.19138e-57	5.88837e-20	-8.82598e-59	-2.73544e-05	1.95082e-59	1.02091e-04	3.41297e-58	-2.19971e-19	-2.05425e-59	-1.28599e-04	-6.57300e-60	4.04826e-04	1.11050e-58	8.21000e-19	-9.58467e-60	-5.24960e-06	1.76131e-60	1.03563e-03	3.66855e-59	-4.18264e-18	-2.76894e-60	1.17107e-04	-4.72245e-61	4.58281e-04	1.04763e-59	1.59096e-17	-7.79258e-61	3.46499e-05	1.27670e-61	1.33258e-04	2.99177e-60	-5.94556e-17	-1.97916e-61	8.82258e-06	-3.84362e-62	4.14532e-05	9.29803e-61	2.21913e-16	-7.17412e-62	3.19857e-06	1.02954e-62	1.27438e-05	2.85830e-61	-9.47391e-16	-2.08152e-62	9.28051e-07	-2.74550e-63	3.57890e-06	8.02709e-62	3.56765e-15	-6.75201e-63	3.01040e-07	6.86568e-64	8.55172e-07	1.91806e-62	-1.33232e-14	-6.55775e-66	2.92379e-10	-7.73732e-67	5.35654e-13	1.18969e-68	4.97252e-14
2.83573e-24	-6.34892e-42	-4.99312e-26	1.06758e-43	6.09834e-26	-1.81214e-42	5.31362e-22	9.09128e-43	1.33793e-26	3.78579e-42	1.44021e-21	4.85571e-43	1.64031e-21	2.97230e-43	-3.58601e-27	1.12783e-42	6.02362e-21	-1.30145e-43	5.74176e-21	8.46023e-44	9.64730e-28	3.21040e-43	2.15694e-20	3.50102e-44	2.19001e-20	2.33438e-44	-2.72916e-28	9.34278e-44	7.85059e-20	-9.89544e-45	7.56830e-20	7.20760e-45	7.31295e-29	2.72934e-44	2.84388e-19	2.65154e-45	2.66619e-19	2.05026e-45	-1.96015e-29	7.74609e-45	1.00615e-18	-7.10710e-46	9.45512e-19	5.79507e-46	5.27645e-30	2.20027e-45	3.55846e-18	1.91301e-46	3.65010e-18	1.59136e-46	-1.50433e-30	6.42802e-46	1.29944e-17	-5.44924e-47	1.25817e-17	4.97980e-47	4.03096e-31	1.88653e-46	4.72442e-17	1.46016e-47	4.43112e-17	1.41739e-47	-1.08052e-31	5.35557e-47	1.67205e-16	-3.91400e-48	1.57274e-16	4.00452e-48	2.91101e-32	1.52196e-47	5.91559e-16	1.05439e-48	6.16449e-16	1.09252e-48	-8.38869e-33	4.47172e-48	2.17314e-15	-3.03580e-49	2.11732e-15	3.48475e-49	2.24782e-33	1.32095e-48	7.94250e-15	8.13467e-50	7.45398e-15	9.92680e-50	-6.02588e-34	3.75136e-49	2.81236e-14	-2.18070e-50	2.64878e-14	2.80291e-50	1.62530e-34	1.06678e-49	9.95477e-14	5.88140e-51	1.06012e-13	7.57355e-51	-4.75340e-35	3.15973e-50	3.68748e-13	-1.71859e-51	3.62430e-13	2.48298e-51	1.27372e-35	9.42000e-51	1.35762e-12	4.60515e-52	1.27522e-12	7.08136e-52	-3.41467e-36	2.67659e-51	4.81051e-12	-1.23467e-52	4.53887e-12	1.99779e-52	9.21520e-37	7.61842e-52	1.70390e-11	3.33522e-53	1.86804e-11	5.32150e-53	-2.71406e-37	2.28215e-52	6.38336e-11	-9.94208e-54	6.34972e-11	1.81434e-53	5.75929e-38	6.89127e-53	2.37384e-10	2.66411e-54	2.23244e-10	5.18274e-54	4.10347e-38	1.95950e-53	8.41941e-10	-7.14378e-55	7.96365e-10	1.46042e-54	-2.21732e-37	5.58449e-54	2.98495e-09	1.93399e-55	3.40151e-09	3.80603e-55	8.45893e-37	1.69983e-54	1.13556e-08	-5.92158e-56	1.14843e-08	1.37363e-55	-3.70702e-36	5.22575e-55	4.28152e-08	1.58679e-56	4.03331e-08	3.93253e-56	1.39822e-35	1.48741e-55	1.52060e-07	-4.25593e-57	1.44339e-07	1.10616e-56	-5.22217e-35	4.24705e-56	5.39819e-07	1.15580e-57	6.48607e-07	2.77983e-57	1.94905e-34	1.32406e-56	2.09849e-06	-3.67258e-58	2.17371e-06	1.09606e-57	-9.00469e-34	4.17945e-57	8.07070e-06	9.84159e-59	7.62128e-06	3.14772e-58	3.40697e-33	1.19138e-57	2.87203e-05	-2.64061e-59	2.73544e-05	8.82598e-59	-1.27274e-32	3.41297e-58	1.02091e-04	7.20840e-60	1.28599e-04	2.05425e-59	4.75027e-32	1.11050e-58	4.04826e-04	-2.42753e-60	5.24960e-06	9.58467e-60	-2.42236e-31	3.66855e-59	1.03563e-03	6.50484e-61	-1.17107e-04	2.76894e-60	9.21442e-31	1.04763e-59	4.58281e-04	-1.74408e-61	-3.46499e-05	7.79258e-61	-3.44353e-30	2.99177e-60	1.33258e-04	4.71503e-62	-8.82258e-06	1.97916e-61	1.28527e-29	9.29803e-61	4.14532e-05	-1.41927e-62	-3.19857e-06	7.17412e-62	-5.48822e-29	2.85830e-61	1.27438e-05	3.80163e-63	-9.28051e-07	2.08152e-62	2.06676e-28	8.02709e-62	3.57890e-06	-1.01377e-63	-3.01040e-07	6.75201e-63	-7.71823e-28	1.91806e-62	8.55172e-07	2.53451e-64	-2.92379e-10	6.55775e-66	2.88061e-27	1.02467e-68	5.30427e-13	-3.45511e-68
1.11583e-43	-5.73015e-28	-2.66623e-45	-1.34920e-31	3.26923e-45	-7.04967e-28	-1.61346e-44	8.09535e-29	7.14428e-46	3.37390e-28	6.71474e-44	1.17287e-24	-5.27049e-45	2.64988e-29	-1.91486e-46	1.00553e-28	1.99983e-44	-4.69079e-24	-1.50012e-45	7.54293e-30	5.15147e-47	2.86230e-29	5.69247e-45	1.75903e-23	-4.13918e-46	2.08134e-30	-1.45732e-47	8.32959e-30	1.65660e-45	-6.56703e-23	-1.27800e-46	6.42805e-31	3.90497e-48	2.43269e-30	4.83949e-46	2.59442e-22	-3.63539e-47	1.83478e-31	-1.04668e-48	6.88049e-31	1.37349e-46	-9.72096e-22	-1.02754e-47	5.40853e-32	2.81752e-49	1.87071e-31	3.90137e-47	3.62894e-21	-2.82169e-48	2.35222e-32	-8.03285e-50	2.40815e-32	1.13977e-47	-1.35437e-20	-8.82985e-49	3.66138e-32	2.15246e-50	-1.03993e-31	3.34508e-48	5.39848e-20	-2.51322e-49	1.14576e-31	-5.76974e-51	-4.22802e-31	9.49614e-49	-2.02395e-19	-7.10056e-50	4.02539e-31	1.55442e-51	-1.51138e-30	2.69864e-49	7.55597e-19	-1.93718e-50	1.57648e-30	-4.47940e-52	-5.55675e-30	7.92897e-50	-2.81999e-18	-6.17894e-51	5.41443e-30	1.20029e-52	-2.03104e-29	2.34222e-50	1.13825e-17	-1.76016e-51	1.90613e-29	-3.21770e-53	-7.19175e-29	6.65167e-51	-4.27101e-17	-4.96993e-52	6.77347e-29	8.67880e-54	-2.54563e-28	1.89154e-51	1.59458e-16	-1.34289e-52	2.71094e-28	-2.53822e-54	-9.42961e-28	5.60262e-52	-5.95122e-16	-4.40265e-53	9.26805e-28	6.80144e-55	-3.47170e-27	1.67029e-52	2.44558e-15	-1.25562e-53	3.26099e-27	-1.82352e-55	-1.23014e-26	4.74596e-53	-9.18719e-15	-3.54235e-54	1.16068e-26	4.92622e-56	-4.35721e-26	1.35085e-53	3.43032e-14	-9.43573e-55	4.77694e-26	-1.46971e-56	-1.63235e-25	4.04656e-54	-1.28025e-13	-3.21706e-55	1.62375e-25	3.93829e-57	-6.07038e-25	1.22191e-54	5.39575e-13	-9.18969e-56	5.70879e-25	-1.05605e-57	-2.15301e-24	3.47445e-55	-2.03027e-12	-2.58951e-56	2.03646e-24	2.85915e-58	-7.63311e-24	9.90204e-56	7.58152e-12	-6.74861e-57	8.69833e-24	-8.76109e-59	-2.90386e-23	3.01403e-56	-2.82958e-11	-2.43564e-57	2.93677e-23	2.34769e-59	-1.09487e-22	9.26596e-57	1.23643e-10	-6.97290e-58	1.03140e-22	-6.29676e-60	-3.88849e-22	2.63738e-57	-4.66277e-10	-1.96138e-58	3.69104e-22	1.71013e-60	-1.38042e-21	7.53059e-58	1.74146e-09	-4.92901e-59	1.65862e-21	-5.43760e-61	-5.36626e-21	2.34773e-58	-6.49958e-09	-1.94345e-59	5.55864e-21	1.45714e-61	-2.06385e-20	7.41072e-59	2.99973e-08	-5.58133e-60	1.94917e-20	-3.90969e-62	-7.34470e-20	2.11248e-59	-1.13490e-07	-1.56496e-60	7.01249e-20	1.06733e-62	-2.61309e-19	6.05166e-60	4.23961e-07	-3.64246e-61	3.40739e-19	-3.59621e-63	-1.05171e-18	1.96906e-60	-1.58236e-06	-1.69949e-61	1.13471e-18	9.63645e-64	-4.18264e-18	6.50484e-61	8.06142e-06	-4.90970e-62	3.96425e-18	-2.58374e-64	-1.49333e-17	1.85759e-61	-2.16144e-06	-1.38173e-62	1.41360e-17	6.98508e-65	-5.29747e-17	5.30481e-62	5.84332e-07	-3.50931e-63	6.05215e-17	-2.10291e-65	-2.01742e-16	1.64867e-62	-1.75890e-07	-1.27207e-63	2.00057e-16	5.63281e-66	-7.79836e-16	5.06815e-63	4.71135e-08	-3.69082e-64	6.99023e-16	-1.50211e-66	-2.77143e-15	1.42331e-63	-1.25636e-08	-1.19722e-64	2.34467e-15	3.75634e-67	-9.61212e-15	3.40098e-64	3.14101e-09	-1.16278e-67	1.57504e-17	-4.23323e-70	-2.19046e-14	2.10948e-70	-4.42012e-13
-2.14035e-25	4.79202e-43	3.76869e-27	-8.05789e-45	-4.60289e-27	1.36776e-43	-4.01060e-23	-6.86189e-44	-1.00984e-27	-2.85743e-43	-1.08703e-22	-3.66498e-44	-1.23807e-22	-2.24342e-44	2.70664e-28	-8.51261e-44	-4.54649e-22	9.82307e-45	-4.33375e-22	-6.38559e-45	-7.28157e-29	-2.42313e-44	-1.62801e-21	-2.64249e-45	-1.65297e-21	-1.76194e-45	2.05991e-29	-7.05172e-45	-5.92545e-21	7.46885e-46	-5.71238e-21	-5.44013e-46	-5.51965e-30	-2.06004e-45	-2.14650e-20	-2.00132e-46	-2.01238e-20	-1.54749e-46	1.47948e-30	-5.84657e-46	-7.59422e-20	5.36427e-47	-7.13651e-20	-4.37399e-47	-3.98255e-31	-1.66071e-46	-2.68584e-19	-1.44389e-47	-2.75501e-19	-1.20112e-47	1.13544e-31	-4.85172e-47	-9.80786e-19	4.11296e-48	-9.49638e-19	-3.75864e-48	-3.04248e-32	-1.42391e-47	-3.56589e-18	-1.10210e-48	-3.34451e-18	-1.06981e-48	8.15549e-33	-4.04226e-48	-1.26202e-17	2.95420e-49	-1.18707e-17	-3.02252e-49	-2.19716e-33	-1.14874e-48	-4.46495e-17	-7.95833e-50	-4.65282e-17	-8.24609e-50	6.33159e-34	-3.37516e-49	-1.64023e-16	2.29135e-50	-1.59810e-16	-2.63021e-50	-1.69660e-34	-9.97020e-50	-5.99482e-16	-6.13986e-51	-5.62609e-16	-7.49252e-51	4.54819e-35	-2.83144e-50	-2.12270e-15	1.64594e-51	-1.99924e-15	-2.11557e-51	-1.22674e-35	-8.05179e-51	-7.51363e-15	-4.43915e-52	-8.00153e-15	-5.71634e-52	3.58778e-36	-2.38489e-51	-2.78322e-14	1.29715e-52	-2.73554e-14	-1.87409e-52	-9.61448e-37	-7.11000e-52	-1.02470e-13	-3.47586e-53	-9.62505e-14	-5.34485e-53	2.58013e-37	-2.02023e-52	-3.63086e-13	9.31898e-54	-3.42583e-13	-1.50788e-53	-7.06044e-38	-5.75021e-53	-1.28606e-12	-2.51735e-54	-1.40995e-12	-4.01655e-54	2.44045e-38	-1.72252e-53	-4.81802e-12	7.50406e-55	-4.79262e-12	-1.36942e-54	-2.08834e-38	-5.20137e-54	-1.79172e-11	-2.01081e-55	-1.68499e-11	-3.91181e-55	5.91291e-38	-1.47898e-54	-6.35478e-11	5.39196e-56	-6.01078e-11	-1.10229e-55	-2.15633e-37	-4.21504e-55	-2.25297e-10	-1.45973e-56	-2.56738e-10	-2.87271e-56	8.03404e-37	-1.28299e-55	-8.57095e-10	4.46947e-57	-8.66809e-10	-1.03679e-56	-3.51391e-36	-3.94428e-56	-3.23159e-09	-1.19767e-57	-3.04425e-09	-2.96818e-57	1.32522e-35	-1.12267e-56	-1.14772e-08	3.21228e-58	-1.08944e-08	-8.34908e-58	-4.94950e-35	-3.20558e-57	-4.07443e-08	-8.72369e-59	-4.89554e-08	-2.09815e-58	1.84728e-34	-9.99367e-58	-1.58389e-07	2.77198e-59	-1.64067e-07	-8.27277e-59	-8.53451e-34	-3.15455e-58	-6.09160e-07	-7.42821e-60	-5.75301e-07	-2.37583e-59	3.22908e-33	-8.99228e-59	-2.16783e-06	1.99307e-60	-2.06907e-06	-6.66165e-60	-1.20629e-32	-2.57603e-59	-7.71173e-06	-5.44074e-61	-1.00080e-05	-1.55050e-60	4.50223e-32	-8.38179e-60	-3.09737e-05	1.83224e-61	-2.88537e-05	-7.23429e-61	-2.29588e-31	-2.76894e-60	-1.17107e-04	-4.90970e-62	2.01521e-04	-2.08993e-61	8.73330e-31	-7.90726e-61	7.27451e-07	1.31640e-62	-2.82378e-05	-5.88166e-62	-3.26373e-30	-2.25812e-61	1.19868e-04	-3.55880e-63	-8.28579e-06	-1.49382e-62	1.21816e-29	-7.01794e-62	3.91779e-05	1.07124e-63	-3.03045e-06	-5.41486e-63	-5.20166e-29	-2.15738e-62	1.20767e-05	-2.86938e-64	-8.79577e-07	-1.57108e-63	1.95885e-28	-6.05866e-63	3.39200e-06	7.65170e-65	-2.85321e-07	-5.09626e-64	-7.31522e-28	-1.44771e-63	8.10520e-07	-1.91299e-65	-2.77113e-10	-4.94964e-67	2.73020e-27	-7.73394e-70	5.02731e-13	2.60784e-69
4.76884e-43	-2.14595e-25	-3.67819e-43	4.60278e-27	1.12734e-44	-6.87744e-28	-6.86529e-44	-4.01059e-23	9.85589e-44	1.08704e-22	2.85790e-43	1.84284e-28	-2.24347e-44	-1.23807e-22	-2.64164e-44	4.54649e-22	8.51268e-44	-4.93928e-29	-6.38560e-45	-4.33375e-22	7.10671e-45	1.62801e-21	2.42314e-44	1.32871e-29	-1.76194e-45	-1.65297e-21	-2.01045e-45	5.92545e-21	7.05172e-45	-3.75556e-30	-5.44013e-46	-5.71238e-21	5.38710e-46	2.14650e-20	2.06004e-45	1.00644e-30	-1.54749e-46	-2.01238e-20	-1.44395e-46	7.59422e-20	5.84657e-46	-2.70207e-31	-4.37399e-47	-7.13651e-20	3.88692e-47	2.68584e-19	1.66071e-46	7.43870e-32	-1.20112e-47	-2.75501e-19	-1.10817e-47	9.80786e-19	4.85172e-47	-2.73412e-32	-3.75864e-48	-9.49638e-19	2.96942e-48	3.56589e-18	1.42391e-47	3.20889e-32	-1.06981e-48	-3.34451e-18	-7.95965e-49	1.26202e-17	4.04226e-48	-1.01014e-31	-3.02252e-49	-1.18707e-17	2.14440e-49	4.46495e-17	1.14874e-48	3.71969e-31	-8.24609e-50	-4.65282e-17	-6.17955e-50	1.64023e-16	3.37516e-49	-1.38686e-30	-2.63021e-50	-1.59810e-16	1.65586e-50	5.99482e-16	9.97020e-50	5.59745e-30	-7.49252e-51	-5.62609e-16	-4.43898e-51	2.12270e-15	2.83144e-50	-2.10029e-29	-2.11557e-51	-1.99924e-15	1.19728e-51	7.51363e-15	8.05179e-51	7.84143e-29	-5.71634e-52	-8.00153e-15	-3.50161e-52	2.78322e-14	2.38489e-51	-2.92654e-28	-1.87409e-52	-2.73554e-14	9.38293e-53	1.02470e-13	7.11000e-52	1.20263e-27	-5.34485e-53	-9.62505e-14	-2.51563e-53	3.63086e-13	2.02023e-52	-4.51785e-27	-1.50788e-53	-3.42583e-13	6.79596e-54	1.28606e-12	5.75021e-53	1.68688e-26	-4.01655e-54	-1.40995e-12	-2.02754e-54	4.81802e-12	1.72252e-53	-6.29572e-26	-1.36942e-54	-4.79262e-12	5.43307e-55	1.79172e-11	5.20137e-54	2.65339e-25	-3.91181e-55	-1.68499e-11	-1.45688e-55	6.35478e-11	1.47898e-54	-9.98398e-25	-1.10229e-55	-6.01078e-11	3.94435e-56	2.25297e-10	4.21504e-55	3.72825e-24	-2.87271e-56	-2.56738e-10	-1.20864e-56	8.57095e-10	1.28299e-55	-1.39146e-23	-1.03679e-56	-8.66809e-10	3.23876e-57	3.23159e-09	3.94428e-56	6.08021e-23	-2.96818e-57	-3.04425e-09	-8.68670e-58	1.14772e-08	1.12267e-56	-2.29294e-22	-8.34908e-58	-1.08944e-08	2.35921e-58	4.07443e-08	3.20558e-57	8.56374e-22	-2.09815e-58	-4.89554e-08	-7.50145e-59	1.58389e-07	9.99367e-58	-3.19620e-21	-8.27277e-59	-1.64067e-07	2.01020e-59	6.09160e-07	3.15455e-58	1.47513e-20	-2.37583e-59	-5.75301e-07	-5.39361e-60	2.16783e-06	8.99228e-59	-5.58091e-20	-6.66165e-60	-2.06907e-06	1.47243e-60	7.71173e-06	2.57603e-59	2.08485e-19	-1.55050e-60	-1.00080e-05	-4.96115e-61	3.09737e-05	8.38179e-60	-7.78132e-19	-7.23429e-61	-2.88537e-05	1.32940e-61	1.17107e-04	2.76894e-60	3.96425e-18	-2.08993e-61	2.01521e-04	-3.56440e-62	-7.27451e-07	7.90726e-61	-1.50789e-17	-5.88166e-62	-2.82378e-05	9.63627e-63	-1.19868e-04	2.25812e-61	5.63512e-17	-1.49382e-62	-8.28579e-06	-2.90108e-63	-3.91779e-05	7.01794e-62	-2.10326e-16	-5.41486e-63	-3.03045e-06	7.77075e-64	-1.20767e-05	2.15738e-62	8.97923e-16	-1.57108e-63	-8.79577e-07	-2.07224e-64	-3.39200e-06	6.05866e-63	-3.38137e-15	-5.09626e-64	-2.85321e-07	5.18206e-65	-8.10520e-07	1.44771e-63	1.26275e-14	-4.94964e-67	-2.77113e-10	-5.83996e-68	-5.07685e-13	8.97952e-70	-4.71288e-14
-8.32732e-28	8.12885e-44	1.62297e-26	-1.98432e-45	-2.05448e-29	7.19787e-46	1.19978e-28	-1.17095e-44	-7.78004e-24	-4.87427e-44	-4.99422e-28	-1.92870e-46	3.92041e-29	-3.82627e-45	3.11039e-23	-1.45185e-44	-1.48757e-28	5.16941e-47	1.11587e-29	-1.08907e-45	-1.16636e-22	-4.13268e-45	-4.23436e-29	-1.39062e-47	3.07894e-30	-3.00501e-46	4.35439e-22	-1.20268e-45	-1.23227e-29	3.93050e-48	9.50647e-31	-9.27819e-47	-1.72200e-21	-3.51343e-46	-3.59987e-30	-1.05320e-48	2.70420e-31	-2.63926e-47	6.45256e-21	-9.97138e-47	-1.02167e-30	2.82296e-49	7.64342e-32	-7.45988e-48	-2.40882e-20	-2.83236e-47	-2.90205e-31	-7.59851e-50	2.09892e-32	-2.04852e-48	8.99004e-20	-8.27466e-48	-8.47825e-32	2.16445e-50	6.56811e-33	-6.41039e-49	-3.58707e-19	-2.42850e-48	-2.48825e-32	-5.79980e-51	1.86946e-33	-1.82457e-49	1.34493e-18	-6.89411e-49	-7.06373e-33	1.55465e-51	5.28177e-34	-5.15494e-50	-5.02100e-18	-1.95919e-49	-2.00739e-33	-4.18809e-52	1.44098e-34	-1.40638e-50	1.87391e-17	-5.75636e-50	-5.89799e-34	1.20583e-52	4.59622e-35	-4.48585e-51	-7.57170e-17	-1.70043e-50	-1.74226e-34	-3.23111e-53	1.30930e-35	-1.27786e-51	2.84129e-16	-4.82905e-51	-4.94786e-35	8.66181e-54	3.69688e-36	-3.60812e-52	-1.06080e-15	-1.37324e-51	-1.40703e-35	-2.33611e-54	9.98837e-37	-9.74928e-53	3.95907e-15	-4.06745e-52	-4.16780e-36	6.82630e-55	3.27228e-37	-3.19628e-53	-1.62868e-14	-1.21262e-52	-1.24344e-36	-1.82918e-55	9.24700e-38	-9.11569e-54	6.11881e-14	-3.44552e-53	-3.56536e-37	4.90413e-56	2.30409e-38	-2.57171e-54	-2.28466e-13	-9.80704e-54	-1.12905e-37	-1.32476e-56	-6.59957e-39	-6.85026e-55	8.52675e-13	-2.93777e-54	-7.66366e-38	3.94902e-57	-4.38978e-38	-2.33556e-55	-3.59761e-12	-8.87099e-55	-1.82147e-37	-1.05819e-57	-1.62066e-37	-6.67163e-56	1.35378e-11	-2.52242e-55	-6.16377e-37	2.83753e-58	-5.80374e-37	-1.87996e-56	-5.05535e-11	-7.18879e-56	-2.17683e-36	-7.68184e-59	-2.47972e-36	-4.89943e-57	1.88676e-10	-2.18816e-56	-8.27870e-36	2.35207e-59	-8.37229e-36	-1.76825e-57	-8.25347e-10	-6.72700e-57	-3.12132e-35	-6.30278e-60	-2.94037e-35	-5.06226e-58	3.11271e-09	-1.91472e-57	-1.10855e-34	1.69047e-60	-1.05226e-34	-1.42394e-58	-1.16255e-08	-5.46714e-58	-3.93539e-34	-4.59086e-61	-4.72849e-34	-3.57841e-59	4.33893e-08	-1.70443e-58	-1.52984e-33	1.45876e-61	-1.58469e-33	-1.41093e-59	-2.00461e-07	-5.38012e-59	-5.88373e-33	-3.90911e-62	-5.55680e-33	-4.05200e-60	7.58453e-07	-1.53364e-59	-2.09387e-32	1.04886e-62	-1.99916e-32	-1.13615e-60	-2.83335e-06	-4.39345e-60	-7.44954e-32	-2.86320e-63	-9.71398e-32	-2.64440e-61	1.05750e-05	-1.42952e-60	-2.99826e-31	9.64220e-64	-3.23490e-31	-1.23381e-61	-5.39262e-05	-4.72245e-61	-1.19241e-30	-2.58374e-64	-1.13015e-30	-3.56440e-62	2.05130e-04	-1.34859e-61	-4.25728e-30	6.92755e-65	-4.02998e-30	-1.00312e-62	-5.54563e-05	-3.85124e-62	-1.51023e-29	-1.87282e-65	-1.72536e-29	-2.54773e-63	1.66956e-05	-1.19692e-62	-5.75136e-29	5.63740e-66	-5.70199e-29	-9.23509e-64	-4.47203e-06	-3.67943e-63	-2.22301e-28	-1.51002e-66	-1.98359e-28	-2.67950e-64	1.19256e-06	-1.03331e-63	-7.88752e-28	4.02671e-67	-6.05514e-28	-8.69173e-65	-2.98225e-07	-2.46908e-64	-2.64868e-27	-1.00668e-67	4.28482e-27	-8.44166e-68	3.36087e-10	-1.53954e-70	8.14605e-33	-1.90016e-73
1.80429e-42	-8.11918e-25	-1.39164e-42	1.74146e-26	4.26530e-44	-2.60208e-27	-2.59748e-43	-1.51741e-22	3.72898e-43	4.11281e-22	1.08129e-42	6.97239e-28	-8.48817e-44	-4.68423e-22	-9.99465e-44	1.72016e-21	3.22077e-43	-1.86878e-28	-2.41599e-44	-1.63967e-21	2.68882e-44	6.15958e-21	9.16793e-44	5.02716e-29	-6.66630e-45	-6.25402e-21	-7.60652e-45	2.24189e-20	2.66802e-44	-1.42089e-29	-2.05827e-45	-2.16128e-20	2.03821e-45	8.12126e-20	7.79418e-45	3.80690e-30	-5.85493e-46	-7.61382e-20	-5.46318e-46	2.87327e-19	2.21205e-45	-1.01872e-30	-1.65490e-46	-2.70010e-19	1.47061e-46	1.01619e-18	6.28331e-46	2.67969e-31	-4.54443e-47	-1.04236e-18	-4.19277e-47	3.71080e-18	1.83565e-46	-5.31576e-32	-1.42208e-47	-3.59295e-18	1.12348e-47	1.34915e-17	5.38737e-47	-7.90372e-32	-4.04763e-48	-1.26539e-17	-3.01153e-48	4.77487e-17	1.52939e-47	3.69306e-31	-1.14357e-48	-4.49128e-17	8.11334e-49	1.68931e-16	4.34626e-48	-1.39819e-30	-3.11991e-49	-1.76039e-16	-2.33803e-49	6.20582e-16	1.27699e-48	5.22345e-30	-9.95141e-50	-6.04641e-16	6.26496e-50	2.26814e-15	3.77223e-49	-2.10854e-29	-2.83480e-50	-2.12863e-15	-1.67949e-50	8.03124e-15	1.07128e-49	7.91182e-29	-8.00425e-51	-7.56413e-15	4.52993e-51	2.84278e-14	3.04640e-50	-2.95387e-28	-2.16278e-51	-3.02738e-14	-1.32483e-51	1.05303e-13	9.02323e-51	1.10243e-27	-7.09063e-52	-1.03499e-13	3.55003e-52	3.87695e-13	2.69007e-51	-4.53030e-27	-2.02222e-52	-3.64164e-13	-9.51789e-53	1.37374e-12	7.64354e-52	1.70188e-26	-5.70508e-53	-1.29616e-12	2.57125e-53	4.86582e-12	2.17559e-52	-6.35448e-26	-1.51966e-53	-5.33455e-12	-7.67119e-54	1.82290e-11	6.51714e-53	2.37160e-25	-5.18120e-54	-1.81329e-11	2.05560e-54	6.77896e-11	1.96794e-53	-9.99533e-25	-1.48003e-54	-6.37517e-11	-5.51209e-55	2.40433e-10	5.59573e-54	3.76097e-24	-4.17051e-55	-2.27418e-10	1.49234e-55	8.52412e-10	1.59476e-54	-1.40444e-23	-1.08689e-55	-9.71368e-10	-4.57288e-56	3.24282e-09	4.85420e-55	5.24164e-23	-3.92268e-56	-3.27957e-09	1.22538e-56	1.22267e-08	1.49232e-55	-2.29042e-22	-1.12301e-56	-1.15179e-08	-3.28661e-57	4.34239e-08	4.24760e-56	8.63752e-22	-3.15887e-57	-4.12189e-08	8.92608e-58	1.54156e-07	1.21283e-56	-3.22597e-21	-7.93835e-58	-1.85223e-07	-2.83817e-58	5.99265e-07	3.78110e-57	1.20401e-20	-3.13000e-58	-6.20749e-07	7.60560e-59	2.30476e-06	1.19352e-57	-5.55684e-20	-8.98894e-59	-2.17668e-06	-2.04067e-59	8.20202e-06	3.40223e-58	2.10233e-19	-2.52043e-59	-7.83005e-06	5.57094e-60	2.91797e-05	9.74642e-59	-7.85366e-19	-5.86632e-60	-3.79831e-05	-1.87705e-60	1.17352e-04	3.17125e-59	2.93123e-18	-2.73709e-60	-1.20281e-04	5.02977e-61	4.58281e-04	1.04763e-59	-1.49333e-17	-7.90726e-61	-7.27451e-07	-1.34859e-61	1.05506e-03	2.99171e-60	5.68022e-17	-2.22533e-61	1.17542e-04	3.64588e-62	4.67153e-04	8.54359e-61	-2.12275e-16	-5.65188e-62	3.13974e-05	-1.09762e-62	1.47853e-04	2.65524e-61	7.92299e-16	-2.04871e-62	1.14184e-05	2.94006e-63	4.54971e-05	8.16245e-62	-3.38248e-15	-5.94420e-63	3.31341e-06	-7.84031e-64	1.27778e-05	2.29229e-62	1.27376e-14	-1.92817e-63	1.07481e-06	1.96063e-64	3.05323e-06	5.47740e-63	-4.75680e-14	-1.87270e-66	1.04389e-09	-2.20955e-67	1.91245e-12	3.39740e-69	1.77535e-13
8.09800e-25	-1.81306e-42	-1.42588e-26	3.04870e-44	1.74150e-26	-5.17492e-43	1.51741e-22	2.59620e-43	3.82072e-27	1.08111e-42	4.11279e-22	1.38664e-43	4.68423e-22	8.48798e-44	-1.02406e-27	3.22075e-43	1.72016e-21	-3.71656e-44	1.63967e-21	2.41599e-44	2.75498e-28	9.16793e-44	6.15958e-21	9.99786e-45	6.25402e-21	6.66630e-45	-7.79367e-29	2.66802e-44	2.24189e-20	-2.82584e-45	2.16128e-20	2.05827e-45	2.08836e-29	7.79418e-45	8.12126e-20	7.57199e-46	7.61382e-20	5.85493e-46	-5.59759e-30	2.21205e-45	2.87327e-19	-2.02957e-46	2.70010e-19	1.65490e-46	1.50680e-30	6.28331e-46	1.01619e-18	5.46297e-47	1.04236e-18	4.54443e-47	-4.29592e-31	1.83565e-46	3.71080e-18	-1.55614e-47	3.59295e-18	1.42208e-47	1.15112e-31	5.38737e-47	1.34915e-17	4.16978e-48	1.26539e-17	4.04763e-48	-3.08563e-32	1.52939e-47	4.77487e-17	-1.11772e-48	4.49128e-17	1.14357e-48	8.31296e-33	4.34626e-48	1.68931e-16	3.01103e-49	1.76039e-16	3.11991e-49	-2.39556e-33	1.27699e-48	6.20582e-16	-8.66932e-50	6.04641e-16	9.95141e-50	6.41910e-34	3.77223e-49	2.26814e-15	2.32302e-50	2.12863e-15	2.83480e-50	-1.72081e-34	1.07128e-49	8.03124e-15	-6.22743e-51	7.56413e-15	8.00425e-51	4.64138e-35	3.04640e-50	2.84278e-14	1.67955e-51	3.02738e-14	2.16278e-51	-1.35742e-35	9.02323e-51	1.05303e-13	-4.90778e-52	1.03499e-13	7.09063e-52	3.63711e-36	2.69007e-51	3.87695e-13	1.31509e-52	3.64164e-13	2.02222e-52	-9.74225e-37	7.64354e-52	1.37374e-12	-3.52584e-53	1.29616e-12	5.70508e-53	2.59787e-37	2.17559e-52	4.86582e-12	9.52438e-54	5.33455e-12	1.51966e-53	-6.49242e-38	6.51714e-53	1.82290e-11	-2.83916e-54	1.81329e-11	5.18120e-54	-3.66362e-38	1.96794e-53	6.77896e-11	7.60791e-55	6.37517e-11	1.48003e-54	2.11469e-37	5.59573e-54	2.40433e-10	-2.04005e-55	2.27418e-10	4.17051e-55	-8.09240e-37	1.59476e-54	8.52412e-10	5.52288e-56	9.71368e-10	1.08689e-55	3.02549e-36	4.85420e-55	3.24282e-09	-1.69102e-56	3.27957e-09	3.92268e-56	-1.32367e-35	1.49232e-55	1.22267e-08	4.53140e-57	1.15179e-08	1.12301e-56	4.99212e-35	4.24760e-56	4.34239e-08	-1.21537e-57	4.12189e-08	3.15887e-57	-1.86448e-34	1.21283e-56	1.54156e-07	3.30061e-58	1.85223e-07	7.93835e-58	6.95871e-34	3.78110e-57	5.99265e-07	-1.04878e-58	6.20749e-07	3.13000e-58	-3.21496e-33	1.19352e-57	2.30476e-06	2.81046e-59	2.17668e-06	8.98894e-59	1.21640e-32	3.40223e-58	8.20202e-06	-7.54078e-60	7.83005e-06	2.52043e-59	-4.54409e-32	9.74642e-59	2.91797e-05	2.05850e-60	3.79831e-05	5.86632e-60	1.69600e-31	3.17125e-59	1.17352e-04	-6.93228e-61	1.20281e-04	2.73709e-60	-8.64860e-31	1.04763e-59	4.58281e-04	1.85759e-61	7.27451e-07	7.90726e-61	3.28984e-30	2.99171e-60	1.05506e-03	-4.98058e-62	-1.17542e-04	2.22533e-61	-1.22945e-29	8.54359e-61	4.67153e-04	1.34647e-62	-3.13974e-05	5.65188e-62	4.58882e-29	2.65524e-61	1.47853e-04	-4.05302e-63	-1.14184e-05	2.04871e-62	-1.95947e-28	8.16245e-62	4.54971e-05	1.08563e-63	-3.31341e-06	5.94420e-63	7.37899e-28	2.29229e-62	1.27778e-05	-2.89502e-64	-1.07481e-06	1.92817e-63	-2.75565e-27	5.47740e-63	3.05323e-06	7.23780e-65	-1.04389e-09	1.87270e-66	1.02847e-26	2.92613e-69	1.89379e-12	-9.86676e-69
-2.99177e-44	1.53637e-28	7.14872e-46	3.61750e-32	-8.76551e-46	1.89017e-28	4.32603e-45	-2.17054e-29	-1.91553e-46	-9.04615e-29	-1.80036e-44	-3.14472e-25	1.41313e-45	-7.10490e-30	5.13414e-47	-2.69602e-29	-5.36196e-45	1.25770e-24	4.02213e-46	-2.02247e-30	-1.38122e-47	-7.67425e-30	-1.52627e-45	-4.71633e-24	1.10980e-46	-5.58248e-31	3.90738e-48	-2.23263e-30	-4.44170e-46	1.76076e-23	3.42660e-47	-1.73034e-31	-1.04701e-48	-6.49684e-31	-1.29757e-46	-6.95618e-23	9.74725e-48	-5.16049e-32	2.80637e-49	-1.75384e-31	-3.68261e-47	2.60640e-22	2.75507e-48	-2.30500e-32	-7.55438e-50	-1.79849e-32	-1.04604e-47	-9.72997e-22	7.56554e-49	-3.93081e-32	2.15378e-50	1.11028e-31	-3.05598e-48	3.63135e-21	2.36747e-49	-1.23571e-31	-5.77119e-51	4.55028e-31	-8.96887e-49	-1.44745e-20	6.73846e-50	-4.31347e-31	1.54699e-51	1.62510e-30	-2.54612e-49	5.42665e-20	1.90381e-50	-1.52988e-30	-4.16773e-52	5.75364e-30	-7.23563e-50	-2.02592e-19	5.19400e-51	-5.99614e-30	1.20102e-52	2.11377e-29	-2.12592e-50	7.56100e-19	1.65670e-51	-2.05948e-29	-3.21824e-53	7.72555e-29	-6.27998e-51	-3.05190e-18	4.71935e-52	-7.25038e-29	8.62734e-54	2.73554e-28	-1.78345e-51	1.14515e-17	1.33254e-52	-2.57643e-28	-2.32697e-54	9.68286e-28	-5.07162e-52	-4.27541e-17	3.60058e-53	-1.03116e-27	6.80552e-55	3.58675e-27	-1.50218e-52	1.59565e-16	1.18044e-53	-3.52530e-27	-1.82361e-55	1.32054e-26	-4.47841e-53	-6.55711e-16	3.36658e-54	-1.24039e-26	4.88923e-56	4.67911e-26	-1.27249e-53	2.46328e-15	9.49778e-55	-4.41489e-26	-1.32082e-56	1.65736e-25	-3.62191e-54	-9.19741e-15	2.52992e-55	-1.81701e-25	3.94060e-57	6.20900e-25	-1.08497e-54	3.43264e-14	8.62563e-56	-6.17628e-25	-1.05594e-57	2.30900e-24	-3.27621e-55	-1.44671e-13	2.46395e-56	-2.17146e-24	2.83150e-58	8.18944e-24	-9.31574e-56	5.44360e-13	6.94303e-57	-7.74613e-24	-7.66600e-59	2.90342e-23	-2.65495e-56	-2.03277e-12	1.80944e-57	-3.30860e-23	2.34903e-59	1.10454e-22	-8.08125e-57	7.58671e-12	6.53046e-58	-1.11706e-22	-6.29466e-60	4.16457e-22	-2.48440e-57	-3.31513e-11	1.86958e-58	-3.92315e-22	1.68830e-60	1.47907e-21	-7.07139e-58	1.25019e-10	5.25887e-59	-1.40397e-21	-4.58522e-61	5.25074e-21	-2.01911e-58	-4.66923e-10	1.32157e-59	-6.30891e-21	1.45794e-61	2.04117e-20	-6.29476e-59	1.74267e-09	5.21081e-60	-2.11435e-20	-3.90691e-62	7.85027e-20	-1.98697e-59	-8.04292e-09	1.49647e-60	-7.41408e-20	1.04827e-62	2.79371e-19	-5.66401e-60	3.04290e-08	4.19600e-61	-2.66735e-19	-2.86173e-63	9.93943e-19	-1.62258e-60	-1.13673e-07	9.76622e-62	-1.29607e-18	9.64219e-64	4.00039e-18	-5.27948e-61	4.24263e-07	4.55669e-62	-4.31612e-18	-2.58374e-64	1.59096e-17	-1.74408e-61	-2.16144e-06	1.31640e-62	-1.50789e-17	6.92755e-65	5.68022e-17	-4.98058e-62	8.22149e-06	3.70471e-63	-5.37695e-17	-1.87285e-65	2.01501e-16	-1.42233e-62	-2.22263e-06	9.40922e-64	-2.30206e-16	5.63836e-66	7.67370e-16	-4.42042e-63	6.69036e-07	3.41068e-64	-7.60958e-16	-1.51028e-66	2.96627e-15	-1.35888e-63	-1.79206e-07	9.89586e-65	-2.65888e-15	4.02748e-67	1.05417e-14	-3.81620e-64	4.77884e-08	3.21001e-65	-8.91845e-15	-1.00715e-67	3.65617e-14	-9.11875e-65	-1.19475e-08	3.11765e-68	-5.99101e-17	1.13502e-70	8.33189e-14	-5.65597e-71	1.68129e-12
-6.02354e-26	1.34861e-43	1.06062e-27	-2.26772e-45	-1.29538e-27	3.84927e-44	-1.12870e-23	-1.93113e-44	-2.84197e-28	-8.04162e-44	-3.05922e-23	-1.03143e-44	-3.48428e-23	-6.31362e-45	7.61724e-29	-2.39569e-44	-1.27951e-22	2.76449e-45	-1.21964e-22	-1.79709e-45	-2.04924e-29	-6.81939e-45	-4.58169e-22	-7.43671e-46	-4.65193e-22	-4.95860e-46	5.79717e-30	-1.98455e-45	-1.66759e-21	2.10195e-46	-1.60763e-21	-1.53101e-46	-1.55338e-30	-5.79755e-46	-6.04085e-21	-5.63228e-47	-5.66340e-21	-4.35508e-47	4.16366e-31	-1.64539e-46	-2.13723e-20	1.50966e-47	-2.00842e-20	-1.23096e-47	-1.12080e-31	-4.67372e-47	-7.55873e-20	-4.06352e-48	-7.75337e-20	-3.38029e-48	3.19544e-32	-1.36541e-47	-2.76021e-19	1.15750e-48	-2.67255e-19	-1.05779e-48	-8.56240e-33	-4.00729e-48	-1.00354e-18	-3.10161e-49	-9.41238e-19	-3.01075e-49	2.29519e-33	-1.13761e-48	-3.55170e-18	8.31395e-50	-3.34075e-18	-8.50624e-50	-6.18344e-34	-3.23288e-49	-1.25656e-17	-2.23970e-50	-1.30943e-17	-2.32068e-50	1.78189e-34	-9.49864e-50	-4.61608e-17	6.44851e-51	-4.49751e-17	-7.40216e-51	-4.77472e-35	-2.80590e-50	-1.68711e-16	-1.72793e-51	-1.58334e-16	-2.10861e-51	1.27999e-35	-7.96848e-51	-5.97388e-16	4.63215e-52	-5.62643e-16	-5.95381e-52	-3.45242e-36	-2.26600e-51	-2.11455e-15	-1.24930e-52	-2.25186e-15	-1.60874e-52	1.00976e-36	-6.71176e-52	-7.83277e-15	3.65056e-53	-7.69857e-15	-5.27423e-53	-2.70806e-37	-2.00096e-52	-2.88379e-14	-9.78205e-54	-2.70876e-14	-1.50419e-53	7.34678e-38	-5.68550e-53	-1.02183e-13	2.62263e-54	-9.64126e-14	-4.24361e-54	-2.30648e-38	-1.61827e-53	-3.61935e-13	-7.08453e-55	-3.96800e-13	-1.13037e-54	1.87914e-38	-4.84765e-54	-1.35593e-12	2.11185e-55	-1.34878e-12	-3.85393e-55	-5.61841e-38	-1.46381e-54	-5.04240e-12	-5.65900e-56	-4.74205e-12	-1.10089e-55	2.05945e-37	-4.16228e-55	-1.78841e-11	1.51745e-56	-1.69160e-11	-3.10215e-56	-7.67595e-37	-1.18623e-55	-6.34050e-11	-4.10809e-57	-7.22533e-11	-8.08461e-57	2.86444e-36	-3.61071e-56	-2.41211e-10	1.25784e-57	-2.43945e-10	-2.91781e-57	-1.25301e-35	-1.11003e-56	-9.09461e-10	-3.37059e-58	-8.56739e-10	-8.35330e-58	4.72559e-35	-3.15950e-57	-3.23000e-09	9.04026e-59	-3.06599e-09	-2.34967e-58	-1.76493e-34	-9.02140e-58	-1.14666e-08	-2.45509e-59	-1.37774e-08	-5.90479e-59	6.58717e-34	-2.81250e-58	-4.45752e-08	7.80113e-60	-4.61733e-08	-2.32819e-59	-3.04331e-33	-8.87780e-59	-1.71435e-07	-2.09051e-60	-1.61909e-07	-6.68625e-60	1.15145e-32	-2.53068e-59	-6.10093e-07	5.60907e-61	-5.82487e-07	-1.87478e-60	-4.30147e-32	-7.24969e-60	-2.17056e-06	-1.53118e-61	-2.82965e-06	-4.36355e-61	1.60544e-31	-2.35887e-60	-8.73507e-06	5.15644e-62	-9.35725e-06	-2.03593e-61	-8.18684e-31	-7.79258e-61	-3.46499e-05	-1.38173e-62	-2.82378e-05	-5.88166e-62	3.11419e-30	-2.22533e-61	-1.17542e-04	3.70471e-63	2.02530e-04	-1.65527e-62	-1.16381e-29	-6.35499e-62	3.72001e-06	-1.00155e-63	-2.45317e-05	-4.20404e-63	4.34381e-29	-1.97505e-62	1.32404e-04	3.01476e-64	-1.07327e-05	-1.52389e-63	-1.85485e-28	-6.07148e-63	4.29572e-05	-8.07525e-65	-3.13539e-06	-4.42148e-64	6.98502e-28	-1.70508e-63	1.20939e-05	2.15341e-65	-1.01741e-06	-1.43423e-64	-2.60852e-27	-4.07426e-64	2.89020e-06	-5.38370e-66	-9.88151e-10	-1.39297e-67	9.73559e-27	-2.17655e-70	1.79268e-12	7.33920e-70
1.34209e-43	-6.03930e-26	-1.03515e-43	1.29535e-27	3.17266e-45	-1.93551e-28	-1.93209e-44	-1.12869e-23	2.77373e-44	3.05923e-23	8.04294e-44	5.18628e-29	-6.31376e-45	-3.48428e-23	-7.43433e-45	1.27951e-22	2.39571e-44	-1.39005e-29	-1.79709e-45	-1.21964e-22	2.00003e-45	4.58169e-22	6.81939e-45	3.73939e-30	-4.95860e-46	-4.65193e-22	-5.65797e-46	1.66759e-21	1.98455e-45	-1.05703e-30	-1.53101e-46	-1.60763e-21	1.51608e-46	6.04085e-21	5.79755e-46	2.83660e-31	-4.35508e-47	-5.66340e-21	-4.06368e-47	2.13723e-20	1.64539e-46	-7.76139e-32	-1.23096e-47	-2.00842e-20	1.09389e-47	7.55873e-20	4.67372e-47	2.67959e-32	-3.38029e-48	-7.75337e-20	-3.11871e-48	2.76021e-19	1.36541e-47	-2.95696e-32	-1.05779e-48	-2.67255e-19	8.35679e-49	1.00354e-18	4.00729e-48	9.62242e-32	-3.01075e-49	-9.41238e-19	-2.24007e-49	3.55170e-18	1.13761e-48	-3.55327e-31	-8.50624e-50	-3.34075e-18	6.03495e-50	1.25656e-17	3.23288e-49	1.32508e-30	-2.32068e-50	-1.30943e-17	-1.73910e-50	4.61608e-17	9.49864e-50	-4.94501e-30	-7.40216e-51	-4.49751e-17	4.66007e-51	1.68711e-16	2.80590e-50	1.99598e-29	-2.10861e-51	-1.58334e-16	-1.24925e-51	5.97388e-16	7.96848e-51	-7.48941e-29	-5.95381e-52	-5.62643e-16	3.36950e-52	2.11455e-15	2.26600e-51	2.79616e-28	-1.60874e-52	-2.25186e-15	-9.85452e-53	7.83277e-15	6.71176e-52	-1.04357e-27	-5.27423e-53	-7.69857e-15	2.64062e-53	2.88379e-14	2.00096e-52	4.28842e-27	-1.50419e-53	-2.70876e-14	-7.07970e-54	1.02183e-13	5.68550e-53	-1.61101e-26	-4.24361e-54	-9.64126e-14	1.91258e-54	3.61935e-13	1.61827e-53	6.01521e-26	-1.13037e-54	-3.96800e-13	-5.70607e-55	1.35593e-12	4.84765e-54	-2.24498e-25	-3.85393e-55	-1.34878e-12	1.52902e-55	5.04240e-12	1.46381e-54	9.46167e-25	-1.10089e-55	-4.74205e-12	-4.10006e-56	1.78841e-11	4.16228e-55	-3.56017e-24	-3.10215e-56	-1.69160e-11	1.11005e-56	6.34050e-11	1.18623e-55	1.32945e-23	-8.08461e-57	-7.22533e-11	-3.40145e-57	2.41211e-10	3.61071e-56	-4.96179e-23	-2.91781e-57	-2.43945e-10	9.11479e-58	9.09461e-10	1.11003e-56	2.16813e-22	-8.35330e-58	-8.56739e-10	-2.44468e-58	3.23000e-09	3.15950e-57	-8.17636e-22	-2.34967e-58	-3.06599e-09	6.63949e-59	1.14666e-08	9.02140e-58	3.05373e-21	-5.90479e-59	-1.37774e-08	-2.11112e-59	4.45752e-08	2.81250e-58	-1.13973e-20	-2.32819e-59	-4.61733e-08	5.65728e-60	1.71435e-07	8.87780e-59	5.26016e-20	-6.68625e-60	-1.61909e-07	-1.51792e-60	6.10093e-07	2.53068e-59	-1.99009e-19	-1.87478e-60	-5.82487e-07	4.14384e-61	2.17056e-06	7.24969e-60	7.43435e-19	-4.36355e-61	-2.82965e-06	-1.39621e-61	8.73507e-06	2.35887e-60	-2.77473e-18	-2.03593e-61	-9.35725e-06	3.74130e-62	3.46499e-05	7.79258e-61	1.41360e-17	-5.88166e-62	-2.82378e-05	-1.00312e-62	1.17542e-04	2.22533e-61	-5.37695e-17	-1.65527e-62	2.02530e-04	2.71192e-63	-3.72001e-06	6.35499e-62	2.00942e-16	-4.20404e-63	-2.45317e-05	-8.16445e-64	-1.32404e-04	1.97505e-62	-7.49998e-16	-1.52389e-63	-1.07327e-05	2.18691e-64	-4.29572e-05	6.07148e-63	3.20189e-15	-4.42148e-64	-3.13539e-06	-5.83186e-65	-1.20939e-05	1.70508e-63	-1.20576e-14	-1.43423e-64	-1.01741e-06	1.45838e-65	-2.89020e-06	4.07426e-64	4.50284e-14	-1.39297e-67	-9.88151e-10	-1.64353e-68	-1.81035e-12	2.52709e-70	-1.68056e-13
2.25127e-28	-2.19762e-44	-4.38765e-27	5.36455e-46	5.55424e-30	-1.94593e-46	-3.24357e-29	3.16563e-45	2.10332e-24	1.31775e-44	1.35018e-28	5.21420e-47	-1.05987e-29	1.03442e-45	-8.40888e-24	3.92503e-45	4.02160e-29	-1.39754e-47	-3.01671e-30	2.94427e-46	3.15322e-23	1.11726e-45	1.14475e-29	3.75949e-48	-8.32384e-31	8.12396e-47	-1.17720e-22	3.25141e-46	3.33140e-30	-1.06260e-48	-2.57005e-31	2.50834e-47	4.65539e-22	9.49846e-47	9.73216e-31	2.84730e-49	-7.31073e-32	7.13518e-48	-1.74443e-21	2.69574e-47	2.76206e-31	-7.63180e-50	-2.06638e-32	2.01676e-48	6.51220e-21	7.65722e-48	7.84562e-32	2.05424e-50	-5.67438e-33	5.53812e-49	-2.43044e-20	2.23703e-48	2.29207e-32	-5.85155e-51	-1.77567e-33	1.73303e-49	9.69755e-20	6.56538e-49	6.72691e-33	1.56796e-51	-5.05405e-34	4.93269e-50	-3.63597e-19	1.86381e-49	1.90966e-33	-4.20296e-52	-1.42791e-34	1.39363e-50	1.35741e-18	5.29662e-50	5.42693e-34	1.13224e-52	-3.89566e-35	3.80211e-51	-5.06606e-18	1.55622e-50	1.59451e-34	-3.25992e-53	-1.24258e-35	1.21274e-51	2.04699e-17	4.59707e-51	4.71017e-35	8.73523e-54	-3.53963e-36	3.45466e-52	-7.68136e-17	1.30552e-51	1.33765e-35	-2.34170e-54	-9.99375e-37	9.75447e-53	2.86784e-16	3.71252e-52	3.80414e-36	6.31562e-55	-2.69765e-37	2.63569e-53	-1.07032e-15	1.09963e-52	1.12769e-36	-1.84547e-55	-8.75494e-38	8.64108e-54	4.40310e-15	3.27828e-53	3.39593e-37	4.94514e-56	-2.17761e-38	2.46440e-54	-1.65421e-14	9.31488e-54	1.08547e-37	-1.32582e-56	5.24223e-39	6.95256e-55	6.17652e-14	2.65131e-54	7.35870e-38	3.58145e-57	4.89959e-38	1.85195e-55	-2.30519e-13	7.94219e-55	1.82048e-37	-1.06761e-57	1.72347e-37	6.31413e-56	9.72606e-13	2.39825e-55	6.49194e-37	2.86080e-58	6.08028e-37	1.80366e-56	-3.65991e-12	6.81930e-56	2.29451e-36	-7.67120e-59	2.16959e-36	5.08243e-57	1.36670e-11	1.94347e-56	8.13250e-36	2.07677e-59	9.26717e-36	1.32455e-57	-5.10082e-11	5.91563e-57	3.09377e-35	-6.35876e-60	3.12882e-35	4.78042e-58	2.23130e-10	1.81863e-57	1.16647e-34	1.70394e-60	1.09885e-34	1.36857e-58	-8.41514e-10	5.17639e-58	4.14278e-34	-4.57014e-61	3.93243e-34	3.84960e-59	3.14292e-09	1.47803e-58	1.47070e-33	1.24113e-61	1.76709e-33	9.67416e-60	-1.17302e-08	4.60788e-59	5.71719e-33	-3.94372e-62	5.92216e-33	3.81441e-60	5.41940e-08	1.45450e-59	2.19882e-32	1.05682e-62	2.07664e-32	1.09545e-60	-2.05046e-07	4.14616e-60	7.82503e-32	-2.83556e-63	7.47109e-32	3.07155e-61	7.65990e-07	1.18776e-60	2.78398e-31	7.74059e-64	3.63022e-31	7.14906e-62	-2.85891e-06	3.86468e-61	1.12048e-30	-2.60675e-64	1.20892e-30	3.33559e-62	1.45788e-05	1.27670e-61	4.45617e-30	6.98508e-65	4.22350e-30	9.63627e-63	-5.54563e-05	3.64588e-62	1.59099e-29	-1.87285e-65	1.50605e-29	2.71192e-63	2.07246e-04	1.04117e-62	5.64391e-29	5.06313e-66	6.44788e-29	6.88773e-64	-6.23932e-05	3.23583e-63	2.14935e-28	-1.52406e-66	2.13090e-28	2.49668e-64	1.67125e-05	9.94726e-64	8.30762e-28	4.08230e-67	7.41289e-28	7.24396e-65	-4.45675e-06	2.79353e-64	2.94766e-27	-1.08861e-67	2.26287e-27	2.34979e-65	1.11450e-06	6.67510e-65	9.89841e-27	2.72153e-68	-1.60129e-26	2.28218e-68	-1.25599e-09	4.16210e-71	-3.04427e-32	5.13704e-74
5.15261e-43	-2.31864e-25	-3.97419e-43	4.97318e-27	1.21806e-44	-7.43090e-28	-7.41777e-44	-4.33334e-23	1.06490e-43	1.17452e-22	3.08789e-43	1.99114e-28	-2.42401e-44	-1.33770e-22	-2.85423e-44	4.91237e-22	9.19774e-44	-5.33677e-29	-6.89948e-45	-4.68250e-22	7.67863e-45	1.75903e-21	2.61814e-44	1.43562e-29	-1.90373e-45	-1.78599e-21	-2.17224e-45	6.40229e-21	7.61920e-45	-4.05732e-30	-5.87792e-46	-6.17208e-21	5.82063e-46	2.31923e-20	2.22583e-45	1.08559e-30	-1.67202e-46	-2.17432e-20	-1.56015e-46	8.20536e-20	6.31707e-46	-2.85047e-31	-4.72599e-47	-7.71082e-20	4.19971e-47	2.90199e-19	1.79436e-46	5.45979e-32	-1.29778e-47	-2.97672e-19	-1.19735e-47	1.05971e-18	5.24217e-47	6.66555e-32	-4.06111e-48	-1.02606e-18	3.20838e-48	3.85285e-18	1.53850e-47	-3.48767e-31	-1.15590e-48	-3.61365e-18	-8.60020e-49	1.36359e-17	4.36756e-48	1.32841e-30	-3.26576e-49	-1.28260e-17	2.31697e-49	4.82427e-17	1.24119e-48	-4.96489e-30	-8.90969e-50	-5.02725e-17	-6.67685e-50	1.77223e-16	3.64677e-49	1.85311e-29	-2.84188e-50	-1.72671e-16	1.78912e-50	6.47725e-16	1.07726e-49	-7.47990e-29	-8.09548e-51	-6.07885e-16	-4.79620e-51	2.29353e-15	3.05930e-50	2.80665e-28	-2.28582e-51	-2.16013e-15	1.29364e-51	8.11829e-15	8.69976e-51	-1.04786e-27	-6.17636e-52	-8.64546e-15	-3.78340e-52	3.00720e-14	2.57681e-51	3.91078e-27	-2.02491e-52	-2.95568e-14	1.01380e-52	1.10716e-13	7.68217e-52	-1.60708e-26	-5.77497e-53	-1.03996e-13	-2.71808e-53	3.92305e-13	2.18281e-52	6.03726e-26	-1.62923e-53	-3.70153e-13	7.34287e-54	1.38956e-12	6.21296e-53	-2.25419e-25	-4.33978e-54	-1.52342e-12	-2.19070e-54	5.20575e-12	1.86114e-53	8.41305e-25	-1.47962e-54	-5.17831e-12	5.87029e-55	1.93591e-11	5.61995e-54	-3.54576e-24	-4.22661e-55	-1.82059e-11	-1.57412e-55	6.86618e-11	1.59800e-54	1.33417e-23	-1.19099e-55	-6.49450e-11	4.26177e-56	2.43428e-10	4.55425e-55	-4.98211e-23	-3.10389e-56	-2.77399e-10	-1.30590e-56	9.26070e-10	1.38624e-55	1.85943e-22	-1.12022e-56	-9.36566e-10	3.49940e-57	3.49165e-09	4.26169e-56	-8.12507e-22	-3.20704e-57	-3.28924e-09	-9.38576e-58	1.24008e-08	1.21301e-56	3.06408e-21	-9.02097e-58	-1.17711e-08	2.54907e-58	4.40232e-08	3.46354e-57	-1.14438e-20	-2.26700e-58	-5.28951e-08	-8.10512e-59	1.71136e-07	1.07979e-57	4.27112e-20	-8.93852e-59	-1.77271e-07	2.17197e-59	6.58182e-07	3.40841e-58	-1.97124e-19	-2.56702e-59	-6.21610e-07	-5.82766e-60	2.34230e-06	9.71593e-59	7.45785e-19	-7.19774e-60	-2.23634e-06	1.59093e-60	8.33339e-06	2.78334e-59	-2.78602e-18	-1.67528e-60	-1.08655e-05	-5.36040e-61	3.35386e-05	9.05631e-60	1.03983e-17	-7.81646e-61	-3.60917e-05	1.43638e-61	1.33258e-04	2.99177e-60	-5.29747e-17	-2.25812e-61	-1.19868e-04	-3.85124e-62	4.67153e-04	8.54359e-61	2.01501e-16	-6.35499e-62	-3.72001e-06	1.04117e-62	1.06932e-03	2.43984e-61	-7.53028e-16	-1.61404e-62	1.04422e-04	-3.13454e-63	5.14365e-04	7.58270e-62	2.81061e-15	-5.85062e-63	4.04038e-05	8.39610e-64	1.61248e-04	2.33100e-62	-1.19991e-14	-1.69752e-63	1.17525e-05	-2.23900e-64	4.53258e-05	6.54623e-63	4.51856e-14	-5.50638e-64	3.81276e-06	5.59908e-65	1.08310e-05	1.56421e-63	-1.68743e-13	-5.34796e-67	3.70309e-09	-6.30992e-68	6.78426e-12	9.70215e-70	6.29788e-13
2.31259e-25	-5.17766e-43	-4.07197e-27	8.70634e-45	4.97331e-27	-1.47783e-43	4.33335e-23	7.41410e-44	1.09110e-27	3.08738e-43	1.17451e-22	3.95992e-44	1.33770e-22	2.42396e-44	-2.92445e-28	9.19766e-44	4.91237e-22	-1.06136e-44	4.68250e-22	6.89947e-45	7.86755e-29	2.61814e-44	1.75903e-21	2.85514e-45	1.78599e-21	1.90373e-45	-2.22568e-29	7.61920e-45	6.40229e-21	-8.06991e-46	6.17208e-21	5.87792e-46	5.96384e-30	2.22583e-45	2.31923e-20	2.16238e-46	2.17432e-20	1.67202e-46	-1.59854e-30	6.31707e-46	8.20536e-20	-5.79596e-47	7.71082e-20	4.72599e-47	4.30304e-31	1.79436e-46	2.90199e-19	1.56009e-47	2.97672e-19	1.29778e-47	-1.22681e-31	5.24217e-47	1.05971e-18	-4.44395e-48	1.02606e-18	4.06111e-48	3.28732e-32	1.53850e-47	3.85285e-18	1.19079e-48	3.61365e-18	1.15590e-48	-8.81180e-33	4.36756e-48	1.36359e-17	-3.19194e-49	1.28260e-17	3.26576e-49	2.37398e-33	1.24119e-48	4.82427e-17	8.59877e-50	5.02725e-17	8.90969e-50	-6.84113e-34	3.64677e-49	1.77223e-16	-2.47575e-50	1.72671e-16	2.84188e-50	1.83314e-34	1.07726e-49	6.47725e-16	6.63396e-51	6.07885e-16	8.09548e-51	-4.91421e-35	3.05930e-50	2.29353e-15	-1.77840e-51	2.16013e-15	2.28582e-51	1.32546e-35	8.69976e-51	8.11829e-15	4.79639e-52	8.64546e-15	6.17636e-52	-3.87626e-36	2.57681e-51	3.00720e-14	-1.40154e-52	2.95568e-14	2.02491e-52	1.03782e-36	7.68217e-52	1.10716e-13	3.75558e-53	1.03996e-13	5.77497e-53	-2.75014e-37	2.18281e-52	3.92305e-13	-1.00689e-53	3.70153e-13	1.62923e-53	6.22372e-38	6.21296e-53	1.38956e-12	2.71993e-54	1.52342e-12	4.33978e-54	2.60651e-38	1.86114e-53	5.20575e-12	-8.10794e-55	5.17831e-12	1.47962e-54	-1.98664e-37	5.61995e-54	1.93591e-11	2.17263e-55	1.82059e-11	4.22661e-55	7.68590e-37	1.59800e-54	6.86618e-11	-5.82588e-56	6.49450e-11	1.19099e-55	-2.87570e-36	4.55425e-55	2.43428e-10	1.57720e-56	2.77399e-10	3.10389e-56	1.07342e-35	1.38624e-55	9.26070e-10	-4.82915e-57	9.36566e-10	1.12022e-56	-4.69563e-35	4.26169e-56	3.49165e-09	1.29406e-57	3.28924e-09	3.20704e-57	1.77091e-34	1.21301e-56	1.24008e-08	-3.47079e-58	1.17711e-08	9.02097e-58	-6.61408e-34	3.46354e-57	4.40232e-08	9.42573e-59	5.28951e-08	2.26700e-58	2.46854e-33	1.07979e-57	1.71136e-07	-2.99505e-59	1.77271e-07	8.93852e-59	-1.14048e-32	3.40841e-58	6.58182e-07	8.02599e-60	6.21610e-07	2.56702e-59	4.31506e-32	9.71593e-59	2.34230e-06	-2.15346e-60	2.23634e-06	7.19774e-60	-1.61197e-31	2.78334e-59	8.33339e-06	5.87858e-61	1.08655e-05	1.67528e-60	6.01639e-31	9.05631e-60	3.35386e-05	-1.97969e-61	3.60917e-05	7.81646e-61	-3.06801e-30	2.99177e-60	1.33258e-04	5.30481e-62	1.19868e-04	2.25812e-61	1.16704e-29	8.54359e-61	4.67153e-04	-1.42233e-62	3.72001e-06	6.35499e-62	-4.36136e-29	2.43984e-61	1.06932e-03	3.84519e-63	-1.04422e-04	1.61404e-62	1.62784e-28	7.58270e-62	5.14365e-04	-1.15744e-63	-4.04038e-05	5.85062e-63	-6.95104e-28	2.33100e-62	1.61248e-04	3.10030e-64	-1.17525e-05	1.69752e-63	2.61763e-27	6.54623e-63	4.53258e-05	-8.26747e-65	-3.81276e-06	5.50638e-64	-9.77543e-27	1.56421e-63	1.08310e-05	2.06694e-65	-3.70309e-09	5.34796e-67	3.64841e-26	8.35632e-70	6.71806e-12	-2.81770e-69
8.08807e-45	-4.15350e-29	-1.93261e-46	-9.77970e-33	2.36970e-46	-5.10996e-29	-1.16952e-45	5.86793e-30	5.17853e-47	2.44557e-29	4.86718e-45	8.50157e-26	-3.82032e-46	1.92082e-30	-1.38798e-47	7.28833e-30	1.44957e-45	-3.40012e-25	-1.08736e-46	5.46957e-31	3.73404e-48	2.07396e-30	4.12619e-46	1.27503e-24	-3.00028e-47	1.51658e-31	-1.05634e-48	6.00931e-31	1.20079e-46	-4.76011e-24	-9.26361e-48	4.93308e-32	2.83052e-49	1.66048e-31	3.50790e-47	1.88056e-23	-2.63511e-48	2.29416e-32	-7.58687e-50	1.34858e-32	9.95571e-48	-7.04624e-23	-7.44816e-49	3.81147e-32	2.04228e-50	-1.15131e-31	2.82791e-48	2.63044e-22	-2.04530e-49	1.33710e-31	-5.82261e-51	-4.68194e-31	8.26166e-49	-9.81713e-22	-6.40031e-50	4.57669e-31	1.56021e-51	-1.71612e-30	2.42468e-49	3.91309e-21	-1.82170e-50	1.61081e-30	-4.18220e-52	-6.07759e-30	6.88328e-50	-1.46706e-20	-5.14684e-51	5.71698e-30	1.12672e-52	-2.15032e-29	1.95611e-50	5.47694e-20	-1.40417e-51	2.24081e-29	-3.24689e-53	-7.89939e-29	5.74731e-51	-2.04407e-19	-4.47880e-52	7.69649e-29	8.70031e-54	-2.88711e-28	1.69776e-51	8.25063e-19	-1.27585e-52	2.70954e-28	-2.33235e-54	-1.02230e-27	4.82146e-52	-3.09584e-18	-3.60245e-53	9.62838e-28	6.29083e-55	-3.61858e-27	1.37108e-52	1.15583e-17	-9.73395e-54	3.85355e-27	-1.83983e-55	-1.34040e-26	4.06106e-53	-4.31374e-17	-3.19126e-54	1.31744e-26	4.93002e-56	-4.93497e-26	1.21071e-53	1.77268e-16	-9.10136e-55	4.63544e-26	-1.32178e-56	-1.74863e-25	3.44011e-54	-6.65933e-16	-2.56767e-55	1.64989e-25	3.57077e-57	-6.19371e-25	9.79163e-55	2.48647e-15	-6.83949e-56	6.79035e-25	-1.06532e-57	-2.32037e-24	2.93315e-55	-9.27993e-15	-2.33189e-56	2.30814e-24	2.85467e-58	-8.62895e-24	8.85705e-56	3.91111e-14	-6.66114e-57	8.11496e-24	-7.65478e-59	-3.06047e-23	2.51846e-56	-1.47164e-13	-1.87701e-57	2.89480e-23	2.07246e-59	-1.08504e-22	7.17750e-57	5.49546e-13	-4.89173e-58	1.23646e-22	-6.35048e-60	-4.12779e-22	2.18472e-57	-2.05102e-12	-1.76547e-58	4.17457e-22	1.70172e-60	-1.55634e-21	6.71643e-58	8.96227e-12	-5.05430e-59	1.46612e-21	-4.56421e-61	-5.52743e-21	1.91171e-58	-3.37981e-11	-1.42170e-59	5.24676e-21	1.23959e-61	-1.96225e-20	5.45855e-59	1.26230e-10	-3.57279e-60	2.35770e-20	-3.94145e-62	-7.62805e-20	1.70175e-59	-4.71122e-10	-1.40871e-60	7.90153e-20	1.05621e-62	-2.93373e-19	5.37166e-60	2.17436e-09	-4.04563e-61	2.77071e-19	-2.83394e-63	-1.04404e-18	1.53123e-60	-8.22630e-09	-1.13436e-61	9.96816e-19	7.73652e-64	-3.71446e-18	4.38654e-61	3.07308e-08	-2.64024e-62	4.84355e-18	-2.60671e-64	-1.49498e-17	1.42728e-61	-1.14697e-07	-1.23188e-62	1.61298e-17	6.98498e-65	-5.94556e-17	4.71503e-62	5.84332e-07	-3.55880e-63	5.63512e-17	-1.87282e-65	-2.12275e-16	1.34647e-62	-2.22263e-06	-1.00155e-63	2.00942e-16	5.06313e-66	-7.53028e-16	3.84519e-63	8.30619e-06	-2.54373e-64	8.60304e-16	-1.52430e-66	-2.86774e-15	1.19503e-63	-2.50025e-06	-9.22058e-65	2.84378e-15	4.08294e-67	-1.10852e-14	3.67365e-64	6.69711e-07	-2.67529e-65	9.93651e-15	-1.08881e-67	-3.93955e-14	1.03169e-64	-1.78590e-07	-8.67807e-66	3.33291e-14	2.72278e-68	-1.36635e-13	2.46520e-65	4.46491e-08	-8.42840e-69	2.23890e-16	-3.06846e-71	-3.11371e-13	1.52906e-71	-6.28314e-12
-1.52986e-26	3.42520e-44	2.69375e-28	-5.75955e-46	-3.29001e-28	9.77637e-45	-2.86666e-24	-4.90468e-45	-7.21804e-29	-2.04241e-44	-7.76981e-24	-2.61962e-45	-8.84936e-24	-1.60353e-45	1.93463e-29	-6.08457e-45	-3.24970e-23	7.02125e-46	-3.09764e-23	-4.56424e-46	-5.20465e-30	-1.73199e-45	-1.16366e-22	-1.88878e-46	-1.18150e-22	-1.25938e-46	1.47237e-30	-5.04037e-46	-4.23534e-22	5.33852e-47	-4.08305e-22	-3.88845e-47	-3.94528e-31	-1.47246e-46	-1.53425e-21	-1.43049e-47	-1.43839e-21	-1.10610e-47	1.05749e-31	-4.17896e-47	-5.42813e-21	3.83423e-48	-5.10097e-21	-3.12640e-48	-2.84661e-32	-1.18703e-47	-1.91976e-20	-1.03205e-48	-1.96920e-20	-8.58525e-49	8.11578e-33	-3.46787e-48	-7.01038e-20	2.93983e-49	-6.78774e-20	-2.68657e-49	-2.17468e-33	-1.01777e-48	-2.54879e-19	-7.87746e-50	-2.39056e-19	-7.64670e-50	5.82931e-34	-2.88929e-49	-9.02059e-19	2.11158e-50	-8.48483e-19	-2.16041e-50	-1.57047e-34	-8.21087e-50	-3.19142e-18	-5.68839e-51	-3.32570e-18	-5.89407e-51	4.52564e-35	-2.41246e-50	-1.17239e-17	1.63779e-51	-1.14228e-17	-1.88000e-51	-1.21268e-35	-7.12642e-51	-4.28492e-17	-4.38860e-52	-4.02137e-17	-5.35544e-52	3.25094e-36	-2.02383e-51	-1.51725e-16	1.17647e-52	-1.42900e-16	-1.51215e-52	-8.76909e-37	-5.75519e-52	-5.37053e-16	-3.17298e-53	-5.71927e-16	-4.08588e-53	2.56700e-37	-1.70465e-52	-1.98937e-15	9.27168e-54	-1.95528e-15	-1.33955e-53	-6.97752e-38	-5.08202e-53	-7.32426e-15	-2.48444e-54	-6.87971e-15	-3.82034e-54	2.24005e-38	-1.44400e-53	-2.59524e-14	6.66094e-55	-2.44869e-14	-1.07779e-54	-1.98267e-38	-4.11009e-54	-9.19242e-14	-1.79933e-55	-1.00779e-13	-2.87091e-55	5.69063e-38	-1.23121e-54	-3.44378e-13	5.36368e-56	-3.42563e-13	-9.78822e-56	-2.34233e-37	-3.71779e-55	-1.28067e-12	-1.43727e-56	-1.20439e-12	-2.79605e-56	8.80024e-37	-1.05714e-55	-4.54221e-12	3.85402e-57	-4.29633e-12	-7.87884e-57	-3.28586e-36	-3.01279e-56	-1.61036e-11	-1.04337e-57	-1.83509e-11	-2.05333e-57	1.22634e-35	-9.17047e-57	-6.12627e-11	3.19465e-58	-6.19570e-11	-7.41066e-58	-5.36452e-35	-2.81926e-57	-2.30985e-10	-8.56063e-59	-2.17594e-10	-2.12157e-58	2.02317e-34	-8.02449e-58	-8.20355e-10	2.29604e-59	-7.78700e-10	-5.96768e-59	-7.55625e-34	-2.29125e-58	-2.91229e-09	-6.23544e-60	-3.49919e-09	-1.49970e-59	2.82018e-33	-7.14319e-59	-1.13212e-08	1.98133e-60	-1.17271e-08	-5.91314e-60	-1.30294e-32	-2.25478e-59	-4.35410e-08	-5.30947e-61	-4.11216e-08	-1.69817e-60	4.92973e-32	-6.42742e-60	-1.54951e-07	1.42459e-61	-1.47943e-07	-4.76155e-61	-1.84160e-31	-1.84127e-60	-5.51283e-07	-3.88888e-62	-7.18846e-07	-1.10825e-61	6.87342e-31	-5.99106e-61	-2.21877e-06	1.30963e-62	-2.39277e-06	-5.17086e-62	-3.50505e-30	-1.97916e-61	-8.82258e-06	-3.50931e-63	-8.28579e-06	-1.49382e-62	1.33329e-29	-5.65188e-62	-3.13974e-05	9.40922e-64	-2.45317e-05	-4.20404e-63	-4.98264e-29	-1.61404e-62	-1.04422e-04	-2.54373e-64	2.33032e-04	-1.06774e-63	1.85973e-28	-5.01622e-63	7.46947e-05	7.65689e-65	-4.09917e-05	-3.87039e-64	-7.94121e-28	-1.54203e-63	1.76697e-04	-2.05095e-65	-1.33511e-05	-1.12297e-64	2.99051e-27	-4.33056e-64	5.16728e-05	5.46922e-66	-4.35484e-06	-3.64266e-65	-1.11679e-26	-1.03478e-64	1.23725e-05	-1.36735e-66	-4.23059e-09	-3.53786e-68	4.16812e-26	-5.52800e-71	7.67512e-12	1.86401e-70
3.40863e-44	-1.53386e-26	-2.62907e-44	3.28993e-28	8.05792e-46	-4.91580e-29	-4.90711e-45	-2.86666e-24	7.04471e-45	7.76983e-24	2.04275e-44	1.31721e-29	-1.60357e-45	-8.84936e-24	-1.88817e-45	3.24970e-23	6.08462e-45	-3.53049e-30	-4.56424e-46	-3.09764e-23	5.07968e-46	1.16366e-22	1.73199e-45	9.49855e-31	-1.25938e-46	-1.18150e-22	-1.43701e-46	4.23534e-22	5.04037e-46	-2.68927e-31	-3.88845e-47	-4.08305e-22	3.85055e-47	1.53425e-21	1.47246e-46	7.38761e-32	-1.10610e-47	-1.43839e-21	-1.03209e-47	5.42813e-21	4.17896e-47	-2.65775e-32	-3.12640e-48	-5.10097e-21	2.77826e-48	1.91976e-20	1.18703e-47	3.24339e-32	-8.58525e-49	-1.96920e-20	-7.92089e-49	7.01038e-20	3.46787e-48	-1.03158e-31	-2.68657e-49	-6.78774e-20	2.12246e-49	2.54879e-19	1.01777e-48	4.05689e-31	-7.64670e-50	-2.39056e-19	-5.68933e-50	9.02059e-19	2.88929e-49	-1.51960e-30	-2.16041e-50	-8.48483e-19	1.53276e-50	3.19142e-18	8.21087e-50	5.67271e-30	-5.89407e-51	-3.32570e-18	-4.41697e-51	1.17239e-17	2.41246e-50	-2.11712e-29	-1.88000e-51	-1.14228e-17	1.18356e-51	4.28492e-17	7.12642e-51	8.54549e-29	-5.35544e-52	-4.02137e-17	-3.17285e-52	1.51725e-16	2.02383e-51	-3.20648e-28	-1.51215e-52	-1.42900e-16	8.55785e-53	5.37053e-16	5.75519e-52	1.19714e-27	-4.08588e-53	-5.71927e-16	-2.50285e-53	1.98937e-15	1.70465e-52	-4.46791e-27	-1.33955e-53	-1.95528e-15	6.70665e-54	7.32426e-15	5.08202e-53	1.83603e-26	-3.82034e-54	-6.87971e-15	-1.79810e-54	2.59524e-14	1.44400e-53	-6.89733e-26	-1.07779e-54	-2.44869e-14	4.85756e-55	9.19242e-14	4.11009e-54	2.57533e-25	-2.87091e-55	-1.00779e-13	-1.44923e-55	3.44378e-13	1.23121e-54	-9.61158e-25	-9.78822e-56	-3.42563e-13	3.88340e-56	1.28067e-12	3.71779e-55	4.05088e-24	-2.79605e-56	-1.20439e-12	-1.04133e-56	4.54221e-12	1.05714e-55	-1.52424e-23	-7.87884e-57	-4.29633e-12	2.81931e-57	1.61036e-11	3.01279e-56	5.69186e-23	-2.05333e-57	-1.83509e-11	-8.63899e-58	6.12627e-11	9.17047e-57	-2.12432e-22	-7.41066e-58	-6.19570e-11	2.31497e-58	2.30985e-10	2.81926e-57	9.28257e-22	-2.12157e-58	-2.17594e-10	-6.20901e-59	8.20355e-10	8.02449e-58	-3.50059e-21	-5.96768e-59	-7.78700e-10	1.68630e-59	2.91229e-09	2.29125e-58	1.30741e-20	-1.49970e-59	-3.49919e-09	-5.36182e-60	1.13212e-08	7.14319e-59	-4.87959e-20	-5.91314e-60	-1.17271e-08	1.43683e-60	4.35410e-08	2.25478e-59	2.25206e-19	-1.69817e-60	-4.11216e-08	-3.85520e-61	1.54951e-07	6.42742e-60	-8.52029e-19	-4.76155e-61	-1.47943e-07	1.05245e-61	5.51283e-07	1.84127e-60	3.18291e-18	-1.10825e-61	-7.18846e-07	-3.54609e-62	2.21877e-06	5.99106e-61	-1.18796e-17	-5.17086e-62	-2.39277e-06	9.50215e-63	8.82258e-06	1.97916e-61	6.05215e-17	-1.49382e-62	-8.28579e-06	-2.54773e-63	3.13974e-05	5.65188e-62	-2.30206e-16	-4.20404e-63	-2.45317e-05	6.88773e-64	1.04422e-04	1.61404e-62	8.60304e-16	-1.06774e-63	2.33032e-04	-2.07361e-64	-7.46947e-05	5.01622e-63	-3.21101e-15	-3.87039e-64	-4.09917e-05	5.55431e-65	-1.76697e-04	1.54203e-63	1.37084e-14	-1.12297e-64	-1.33511e-05	-1.48118e-65	-5.16728e-05	4.33056e-64	-5.16228e-14	-3.64266e-65	-4.35484e-06	3.70398e-66	-1.23725e-05	1.03478e-64	1.92783e-13	-3.53786e-68	-4.23059e-09	-4.17423e-69	-7.75075e-12	6.41831e-71	-7.19508e-13
-6.77763e-29	6.61610e-45	1.32094e-27	-1.61504e-46	-1.67215e-30	5.85837e-47	9.76504e-30	-9.53037e-46	-6.33220e-25	-3.96718e-45	-4.06481e-29	-1.56978e-47	3.19084e-30	-3.11421e-46	2.53156e-24	-1.18166e-45	-1.21074e-29	4.20740e-48	9.08206e-31	-8.86397e-47	-9.49302e-24	-3.36360e-46	-3.44636e-30	-1.13183e-48	2.50596e-31	-2.44578e-47	3.54405e-23	-9.78862e-47	-1.00295e-30	3.19904e-49	7.73734e-32	-7.55155e-48	-1.40154e-22	-2.85959e-47	-2.92994e-31	-8.57201e-50	2.20095e-32	-2.14810e-48	5.25176e-22	-8.11574e-48	-8.31541e-32	2.29761e-50	6.22100e-33	-6.07162e-49	-1.96055e-21	-2.30527e-48	-2.36199e-32	-6.18445e-51	1.70832e-33	-1.66730e-49	7.31702e-21	-6.73477e-49	-6.90047e-33	1.76166e-51	5.34580e-34	-5.21744e-50	-2.91952e-20	-1.97656e-49	-2.02519e-33	-4.72047e-52	1.52156e-34	-1.48502e-50	1.09464e-19	-5.61114e-50	-5.74919e-34	1.26534e-52	4.29885e-35	-4.19562e-51	-4.08660e-19	-1.59459e-50	-1.63382e-34	-3.40870e-53	1.17282e-35	-1.14466e-51	1.52518e-18	-4.68512e-51	-4.80039e-35	9.81426e-54	3.74086e-36	-3.65105e-52	-6.16263e-18	-1.38398e-51	-1.41804e-35	-2.62981e-54	1.06556e-36	-1.04005e-52	2.31253e-17	-3.93038e-52	-4.02737e-36	7.04987e-55	3.00622e-37	-2.93666e-53	-8.63387e-17	-1.11768e-52	-1.14620e-36	-1.90137e-55	8.02239e-38	-7.93497e-54	3.22230e-16	-3.31051e-53	-3.42946e-37	5.55594e-56	2.29693e-38	-2.60147e-54	-1.32559e-15	-9.86953e-54	-1.14929e-37	-1.48877e-56	-5.36550e-39	-7.41928e-55	4.98012e-15	-2.80432e-54	-7.76499e-38	3.99149e-57	-4.40098e-38	-2.09312e-55	-1.85949e-14	-7.98198e-55	-1.81443e-37	-1.07823e-57	-1.89384e-37	-5.57545e-56	6.93995e-14	-2.39106e-55	-6.51556e-37	3.21412e-58	-6.45490e-37	-1.90092e-56	-2.92811e-13	-7.22013e-56	-2.41463e-36	-8.61267e-59	-2.27005e-36	-5.43006e-57	1.10184e-12	-2.05301e-56	-8.56167e-36	2.30948e-59	-8.09799e-36	-1.53011e-57	-4.11456e-12	-5.85098e-57	-3.03532e-35	-6.25228e-60	-3.45890e-35	-3.98766e-58	1.53564e-11	-1.78095e-57	-1.15472e-34	1.91435e-60	-1.16781e-34	-1.43918e-58	-6.71752e-11	-5.47513e-58	-4.35375e-34	-5.12985e-61	-4.10136e-34	-4.12019e-59	2.53344e-10	-1.55839e-58	-1.54626e-33	1.37588e-61	-1.46774e-33	-1.15895e-59	-9.46203e-10	-4.44972e-59	-5.48926e-33	-3.73651e-62	-6.59550e-33	-2.91248e-60	3.53147e-09	-1.38724e-59	-2.13389e-32	1.18729e-62	-2.21040e-32	-1.14836e-60	-1.63155e-08	-4.37890e-60	-8.20689e-32	-3.18164e-63	-7.75087e-32	-3.29793e-61	6.17307e-08	-1.24824e-60	-2.92062e-31	8.53668e-64	-2.78852e-31	-9.24716e-62	-2.30607e-07	-3.57584e-61	-1.03909e-30	-2.33037e-64	-1.35495e-30	-2.15228e-62	8.60699e-07	-1.16349e-61	-4.18211e-30	7.84782e-65	-4.51219e-30	-1.00421e-62	-4.38907e-06	-3.84362e-62	-1.66323e-29	-2.10291e-65	-1.57638e-29	-2.90108e-63	1.66956e-05	-1.09762e-62	-5.93825e-29	5.63836e-66	-5.62120e-29	-8.16445e-64	-6.23932e-05	-3.13454e-63	-2.10654e-28	-1.52430e-66	-2.40662e-28	-2.07361e-64	2.32877e-04	-9.74174e-64	-8.02226e-28	4.58830e-67	-7.95338e-28	-7.51647e-65	-6.23779e-05	-2.99470e-64	-3.10075e-27	-1.22901e-67	-2.76680e-27	-2.18085e-65	1.66344e-05	-8.41015e-65	-1.10019e-26	3.27735e-68	-8.44598e-27	-7.07422e-66	-4.15978e-06	-2.00959e-65	-3.69450e-26	-8.19338e-69	5.97666e-26	-6.87069e-69	4.68789e-09	-1.25303e-71	1.13625e-31	-1.54655e-74
1.60136e-43	-7.20603e-26	-1.23513e-43	1.54560e-27	3.78558e-45	-2.30943e-28	-2.30535e-44	-1.34675e-23	3.30958e-44	3.65024e-23	9.59676e-44	6.18821e-29	-7.53352e-45	-4.15740e-23	-8.87056e-45	1.52670e-22	2.85854e-44	-1.65859e-29	-2.14427e-45	-1.45526e-22	2.38642e-45	5.46682e-22	8.13683e-45	4.46133e-30	-5.91655e-46	-5.55064e-22	-6.75103e-46	1.98975e-21	2.36795e-45	-1.25945e-30	-1.82678e-46	-1.91820e-21	1.80898e-46	7.20788e-21	6.91758e-46	3.31425e-31	-5.19643e-47	-6.75751e-21	-4.84874e-47	2.55012e-20	1.96326e-46	-6.62469e-32	-1.46877e-47	-2.39642e-20	1.30522e-47	9.01900e-20	5.57663e-47	-6.64369e-32	-4.03333e-48	-9.25125e-20	-3.72121e-48	3.29345e-19	1.62920e-47	3.31995e-31	-1.26214e-48	-3.18886e-19	9.97124e-49	1.19742e-18	4.78146e-48	-1.34914e-30	-3.59240e-49	-1.12308e-18	-2.67283e-49	4.23785e-18	1.35738e-48	5.06458e-30	-1.01496e-49	-3.98615e-18	7.20085e-50	1.49932e-17	3.85744e-49	-1.89092e-29	-2.76902e-50	-1.56240e-17	-2.07508e-50	5.50786e-17	1.13337e-49	7.05721e-29	-8.83219e-51	-5.36638e-17	5.56034e-51	2.01304e-16	3.34797e-50	-2.84855e-28	-2.51597e-51	-1.88923e-16	-1.49060e-51	7.12798e-16	9.50791e-51	1.06885e-27	-7.10403e-52	-6.71340e-16	4.02045e-52	2.52306e-15	2.70377e-51	-3.99054e-27	-1.91953e-52	-2.68689e-15	-1.17583e-52	9.34599e-15	8.00840e-52	1.48933e-26	-6.29316e-53	-9.18586e-15	3.15076e-53	3.44091e-14	2.38752e-52	-6.12022e-26	-1.79479e-53	-3.23207e-14	-8.44743e-54	1.21923e-13	6.78388e-53	2.29915e-25	-5.06344e-54	-1.15039e-13	2.28207e-54	4.31857e-13	1.93091e-53	-8.58459e-25	-1.34875e-54	-4.73458e-13	-6.80842e-55	1.61788e-12	5.78417e-54	3.20392e-24	-4.59848e-55	-1.60935e-12	1.82441e-55	6.01654e-12	1.74661e-54	-1.35032e-23	-1.31358e-55	-5.65817e-12	-4.89215e-56	2.13392e-11	4.96639e-55	5.08089e-23	-3.70145e-56	-2.01840e-11	1.32450e-56	7.56542e-11	1.41540e-55	-1.89732e-22	-9.64647e-57	-8.62120e-11	-4.05857e-57	2.87810e-10	4.30826e-56	7.08121e-22	-3.48150e-57	-2.91072e-10	1.08757e-57	1.08516e-09	1.32448e-56	-3.09425e-21	-9.96707e-58	-1.02225e-09	-2.91697e-58	3.85400e-09	3.76988e-57	1.16689e-20	-2.80360e-58	-3.65831e-09	7.92217e-59	1.36818e-08	1.07642e-57	-4.35813e-20	-7.04553e-59	-1.64391e-08	-2.51897e-59	5.31867e-08	3.35585e-58	1.62656e-19	-2.77798e-59	-5.50935e-08	6.75021e-60	2.04554e-07	1.05929e-58	-7.50702e-19	-7.97797e-60	-1.93188e-07	-1.81116e-60	7.27957e-07	3.01958e-59	2.84015e-18	-2.23696e-60	-6.95030e-07	4.94439e-61	2.58991e-06	8.65025e-60	-1.06099e-17	-5.20654e-61	-3.37716e-06	-1.66594e-61	1.04238e-05	2.81458e-60	3.95995e-17	-2.42926e-61	-1.12448e-05	4.46408e-62	4.14532e-05	9.29803e-61	-2.01742e-16	-7.01794e-62	-3.91779e-05	-1.19692e-62	1.47853e-04	2.65524e-61	7.67370e-16	-1.97505e-62	-1.32404e-04	3.23583e-63	5.14365e-04	7.58270e-62	-2.86774e-15	-5.01622e-63	-7.46947e-05	-9.74174e-64	1.27114e-03	2.35661e-62	1.07036e-14	-1.81830e-63	1.46940e-04	2.60940e-64	6.03992e-04	7.24443e-63	-4.56957e-14	-5.27566e-64	4.46554e-05	-6.95852e-65	1.72465e-04	2.03448e-63	1.72079e-13	-1.71131e-64	1.45186e-05	1.74012e-65	4.12456e-05	4.86137e-64	-6.42621e-13	-1.66208e-67	1.41023e-08	-1.96104e-68	2.58363e-11	3.01530e-70	2.39841e-12
7.18723e-26	-1.60915e-43	-1.26552e-27	2.70582e-45	1.54564e-27	-4.59291e-44	1.34675e-23	2.30420e-44	3.39101e-28	9.59517e-44	3.65023e-23	1.23069e-44	4.15740e-23	7.53335e-45	-9.08881e-29	2.85851e-44	1.52670e-22	-3.29856e-45	1.45526e-22	2.14427e-45	2.44513e-29	8.13682e-45	5.46682e-22	8.87341e-46	5.55064e-22	5.91655e-46	-6.91713e-30	2.36795e-45	1.98975e-21	-2.50802e-46	1.91820e-21	1.82678e-46	1.85348e-30	6.91758e-46	7.20788e-21	6.72038e-47	6.75751e-21	5.19643e-47	-4.96804e-31	1.96326e-46	2.55012e-20	-1.80131e-47	2.39642e-20	1.46877e-47	1.33733e-31	5.57663e-47	9.01900e-20	4.84855e-48	9.25125e-20	4.03333e-48	-3.81277e-32	1.62920e-47	3.29345e-19	-1.38112e-48	3.18886e-19	1.26214e-48	1.02166e-32	4.78146e-48	1.19742e-18	3.70081e-49	1.12308e-18	3.59240e-49	-2.73859e-33	1.35738e-48	4.23785e-18	-9.92012e-50	3.98615e-18	1.01496e-49	7.37801e-34	3.85744e-49	1.49932e-17	2.67239e-50	1.56240e-17	2.76902e-50	-2.12613e-34	1.13337e-49	5.50786e-17	-7.69429e-51	5.36638e-17	8.83219e-51	5.69715e-35	3.34797e-50	2.01304e-16	2.06175e-51	1.88923e-16	2.51597e-51	-1.52727e-35	9.50791e-51	7.12798e-16	-5.52704e-52	6.71340e-16	7.10403e-52	4.11914e-36	2.70377e-51	2.52306e-15	1.49065e-52	2.68689e-15	1.91953e-52	-1.20390e-36	8.00840e-52	9.34599e-15	-4.35581e-53	9.18586e-15	6.29316e-53	3.19300e-37	2.38752e-52	3.44091e-14	1.16718e-53	3.23207e-14	1.79479e-53	-7.32954e-38	6.78388e-53	1.21923e-13	-3.12929e-54	1.15039e-13	5.06344e-54	-2.61179e-38	1.93091e-53	4.31857e-13	8.45319e-55	4.73458e-13	1.34875e-54	1.77767e-37	5.78417e-54	1.61788e-12	-2.51984e-55	1.60935e-12	4.59848e-55	-7.77599e-37	1.74661e-54	6.01654e-12	6.75226e-56	5.65817e-12	1.31358e-55	2.93263e-36	4.96639e-55	2.13392e-11	-1.81061e-56	2.01840e-11	3.70145e-56	-1.09529e-35	1.41540e-55	7.56542e-11	4.90173e-57	8.62120e-11	9.64647e-57	4.08791e-35	4.30826e-56	2.87810e-10	-1.50084e-57	2.91072e-10	3.48150e-57	-1.78822e-34	1.32448e-56	1.08516e-09	4.02176e-58	1.02225e-09	9.96707e-58	6.74408e-34	3.76988e-57	3.85400e-09	-1.07867e-58	3.65831e-09	2.80360e-58	-2.51881e-33	1.07642e-57	1.36818e-08	2.92939e-59	1.64391e-08	7.04553e-59	9.40084e-33	3.35585e-58	5.31867e-08	-9.30823e-60	5.50935e-08	2.77798e-59	-4.34323e-32	1.05929e-58	2.04554e-07	2.49437e-60	1.93188e-07	7.97797e-60	1.64328e-31	3.01958e-59	7.27957e-07	-6.69268e-61	6.95030e-07	2.23696e-60	-6.13882e-31	8.65025e-60	2.58991e-06	1.82699e-61	3.37716e-06	5.20654e-61	2.29120e-30	2.81458e-60	1.04238e-05	-6.15262e-62	1.12448e-05	2.42926e-61	-1.16838e-29	9.29803e-61	4.14532e-05	1.64867e-62	3.91779e-05	7.01794e-62	4.44440e-29	2.65524e-61	1.47853e-04	-4.42042e-63	1.32404e-04	1.97505e-62	-1.66092e-28	7.58270e-62	5.14365e-04	1.19503e-63	7.46947e-05	5.01622e-63	6.19924e-28	2.35661e-62	1.27114e-03	-3.59718e-64	-1.46940e-04	1.81830e-63	-2.64714e-27	7.24443e-63	6.03992e-04	9.63531e-65	-4.46554e-05	5.27566e-64	9.96862e-27	2.03448e-63	1.72465e-04	-2.56942e-65	-1.45186e-05	1.71131e-64	-3.72274e-26	4.86137e-64	4.12456e-05	6.42377e-66	-1.41023e-08	1.66208e-67	1.38941e-25	2.59704e-70	2.55842e-11	-8.75706e-70
-2.43459e-45	1.25025e-29	5.81737e-47	2.94380e-33	-7.13306e-47	1.53815e-29	3.52037e-46	-1.76638e-30	-1.55879e-47	-7.36124e-30	-1.46507e-45	-2.55906e-26	1.14996e-46	-5.78393e-31	4.17798e-48	-2.19311e-30	-4.36337e-46	1.02347e-25	3.27307e-47	-1.65356e-31	-1.12399e-48	-6.21594e-31	-1.24203e-46	-3.83798e-25	9.03117e-48	-4.83822e-32	3.17969e-49	-1.71095e-31	-3.61450e-47	1.43285e-24	2.78845e-48	-2.42892e-32	-8.52016e-50	-1.45100e-32	-1.05592e-47	-5.66069e-24	7.93197e-49	-4.01616e-32	2.28373e-50	1.21440e-31	-2.99677e-48	2.12099e-23	2.24197e-49	-1.29409e-31	-6.14749e-51	4.78510e-31	-8.51232e-49	-7.91790e-23	6.15657e-50	-4.95533e-31	1.75267e-51	1.76175e-30	-2.48685e-49	2.95506e-22	1.92656e-50	-1.70711e-30	-4.69639e-52	6.40945e-30	-7.29855e-50	-1.17788e-21	5.48352e-51	-6.01190e-30	1.25889e-52	2.26853e-29	-2.07194e-50	4.41602e-21	1.54925e-51	-2.13380e-29	-3.39155e-53	8.02591e-29	-5.88810e-51	-1.64862e-20	4.22670e-52	-8.36361e-29	9.77349e-54	2.94838e-28	-1.73000e-51	6.15287e-20	1.34817e-52	-2.87265e-28	-2.61889e-54	1.07759e-27	-5.11042e-52	-2.48353e-19	3.84044e-53	-1.01131e-27	7.02062e-55	3.81564e-27	-1.45131e-52	9.31882e-19	1.08438e-53	-3.59371e-27	-1.89361e-55	1.35060e-26	-4.12711e-53	-3.47918e-18	2.93002e-54	-1.43831e-26	5.53809e-56	5.00294e-26	-1.22242e-53	1.29848e-17	9.60603e-55	-4.91723e-26	-1.48399e-56	1.84193e-25	-3.64437e-54	-5.33595e-17	2.73961e-55	-1.73014e-25	3.97868e-57	6.52661e-25	-1.03551e-54	2.00453e-16	7.72896e-56	-6.15806e-25	-1.07484e-57	2.31175e-24	-2.94738e-55	-7.48453e-16	2.05876e-56	-2.53444e-24	3.20672e-58	8.66056e-24	-8.82910e-56	2.79336e-15	7.01923e-57	-8.61492e-24	-8.59285e-59	3.22068e-23	-2.66607e-56	-1.17729e-14	2.00508e-57	-3.02884e-23	2.30417e-59	1.14230e-22	-7.58082e-57	4.42980e-14	5.64999e-58	-1.08046e-22	-6.23832e-60	4.04980e-22	-2.16050e-57	-1.65419e-13	1.47246e-58	-4.61496e-22	1.91156e-60	1.54066e-21	-6.57623e-58	6.17379e-13	5.31426e-59	-1.55812e-21	-5.12237e-61	5.80890e-21	-2.02172e-58	-2.69774e-12	1.52140e-59	-5.47216e-21	1.37388e-61	2.06306e-20	-5.75444e-59	1.01736e-11	4.27948e-60	-1.95831e-20	-3.73129e-62	7.32394e-20	-1.64308e-59	-3.79966e-11	1.07545e-60	-8.79992e-20	1.18642e-62	2.84710e-19	-5.12245e-60	1.41813e-10	4.24037e-61	-2.94918e-19	-3.17930e-63	1.09499e-18	-1.61693e-60	-6.54504e-10	1.21778e-61	-1.03414e-18	8.53045e-64	3.89678e-18	-4.60917e-61	2.47620e-09	3.41456e-62	-3.72053e-18	-2.32878e-64	1.38639e-17	-1.32040e-61	-9.25031e-09	7.94740e-63	-1.80781e-17	7.84648e-65	5.57990e-17	-4.29625e-62	3.45250e-08	3.70808e-63	-6.02029e-17	-2.10255e-65	2.21913e-16	-1.41927e-62	-1.75890e-07	1.07124e-63	-2.10326e-16	5.63740e-66	7.92299e-16	-4.05302e-63	6.69036e-07	3.01476e-64	-7.49998e-16	-1.52406e-66	2.81061e-15	-1.15744e-63	-2.50025e-06	7.65689e-65	-3.21101e-15	4.58830e-67	1.07036e-14	-3.59718e-64	9.33198e-06	2.77549e-65	-1.06141e-14	-1.22901e-67	4.13747e-14	-1.10581e-64	-2.49964e-06	8.05290e-66	-3.70872e-14	3.27742e-68	1.47040e-13	-3.10549e-65	6.66571e-07	2.61219e-66	-1.24398e-13	-8.19586e-69	5.09978e-13	-7.42052e-66	-1.66649e-07	2.53704e-69	-8.35650e-16	9.23638e-72	1.16217e-12	-4.60263e-72	2.34513e-11
-5.54548e-27	1.24158e-44	9.76439e-29	-2.08774e-46	-1.19257e-28	3.54377e-45	-1.03912e-24	-1.77786e-45	-2.61642e-29	-7.40339e-45	-2.81642e-24	-9.49569e-46	-3.20775e-24	-5.81254e-46	7.01269e-30	-2.20555e-45	-1.17796e-23	2.54508e-46	-1.12284e-23	-1.65446e-46	-1.88660e-30	-6.27816e-46	-4.21806e-23	-6.84649e-47	-4.28273e-23	-4.56506e-47	5.33708e-31	-1.82705e-46	-1.53524e-22	1.93512e-47	-1.48004e-22	-1.40950e-47	-1.43010e-31	-5.33742e-47	-5.56141e-22	-5.18527e-48	-5.21392e-22	-4.00943e-48	3.83321e-32	-1.51480e-47	-1.96760e-21	1.38984e-48	-1.84902e-21	-1.13327e-48	-1.03185e-32	-4.30279e-48	-6.95882e-21	-3.74102e-49	-7.13802e-21	-3.11201e-49	2.94183e-33	-1.25705e-48	-2.54114e-20	1.06564e-49	-2.46044e-20	-9.73835e-50	-7.88284e-34	-3.68925e-49	-9.23894e-20	-2.85545e-50	-8.66536e-20	-2.77180e-50	2.11303e-34	-1.04732e-49	-3.26981e-19	7.65410e-51	-3.07561e-19	-7.83113e-51	-5.69268e-35	-2.97630e-50	-1.15684e-18	-2.06194e-51	-1.20551e-18	-2.13650e-51	1.64047e-35	-8.74478e-51	-4.24972e-18	5.93672e-52	-4.14056e-18	-6.81468e-52	-4.39579e-36	-2.58321e-51	-1.55321e-17	-1.59079e-52	-1.45768e-17	-1.94126e-52	1.17846e-36	-7.33605e-52	-5.49976e-17	4.26452e-53	-5.17989e-17	-5.48128e-53	-3.18068e-37	-2.08616e-52	-1.94673e-16	-1.15015e-53	-2.07314e-16	-1.48106e-53	9.38066e-38	-6.17907e-53	-7.21112e-16	3.36083e-54	-7.08757e-16	-4.85564e-54	-2.84070e-38	-1.84215e-53	-2.65492e-15	-9.00569e-55	-2.49378e-15	-1.38481e-54	1.98215e-38	-5.23427e-54	-9.40729e-15	2.41448e-55	-8.87608e-15	-3.90682e-55	-5.08792e-38	-1.48984e-54	-3.33210e-14	-6.52226e-56	-3.65308e-14	-1.04066e-55	1.83695e-37	-4.46291e-55	-1.24831e-13	1.94424e-56	-1.24173e-13	-3.54806e-56	-7.72921e-37	-1.34764e-55	-4.64221e-13	-5.20987e-57	-4.36569e-13	-1.01352e-56	2.90799e-36	-3.83194e-56	-1.64648e-12	1.39702e-57	-1.55735e-12	-2.85595e-57	-1.08590e-35	-1.09209e-56	-5.83728e-12	-3.78205e-58	-6.65189e-12	-7.44297e-58	4.05282e-35	-3.32414e-57	-2.22067e-11	1.15801e-58	-2.24584e-11	-2.68624e-58	-1.77287e-34	-1.02193e-57	-8.37281e-11	-3.10308e-59	-7.88743e-11	-7.69033e-59	6.68619e-34	-2.90874e-58	-2.97365e-10	8.32277e-60	-2.82266e-10	-2.16318e-59	-2.49719e-33	-8.30541e-59	-1.05565e-09	-2.26024e-60	-1.26840e-09	-5.43615e-60	9.32013e-33	-2.58928e-59	-4.10375e-09	7.18198e-61	-4.25087e-09	-2.14341e-60	-4.30595e-32	-8.17321e-60	-1.57829e-08	-1.92459e-61	-1.49059e-08	-6.15559e-61	1.62918e-31	-2.32983e-60	-5.61673e-08	5.16390e-62	-5.36267e-08	-1.72598e-61	-6.08611e-31	-6.67431e-61	-1.99831e-07	-1.40965e-62	-2.60574e-07	-4.01723e-62	2.27153e-30	-2.17166e-61	-8.04272e-07	4.74720e-63	-8.67733e-07	-1.87435e-62	-1.15835e-29	-7.17412e-62	-3.19857e-06	-1.27207e-63	-3.03045e-06	-5.41486e-63	4.40624e-29	-2.04871e-62	-1.14184e-05	3.41068e-64	-1.07327e-05	-1.52389e-63	-1.64666e-28	-5.85062e-63	-4.04038e-05	-9.22058e-65	-4.09917e-05	-3.87039e-64	6.14602e-28	-1.81830e-63	-1.46940e-04	2.77549e-65	2.62731e-04	-1.40295e-64	-2.62441e-27	-5.58961e-64	4.35477e-06	-7.43436e-66	-3.82965e-05	-4.07056e-65	9.88304e-27	-1.56975e-64	1.62325e-04	1.98250e-66	-1.43109e-05	-1.32040e-65	-3.69078e-26	-3.75091e-65	4.07801e-05	-4.95642e-67	-1.39813e-08	-1.28242e-68	1.37748e-25	-2.00381e-71	2.53705e-11	6.75672e-71
1.23557e-44	-5.55998e-27	-9.52992e-45	1.19254e-28	2.92086e-46	-1.78189e-29	-1.77875e-45	-1.03911e-24	2.55359e-45	2.81643e-24	7.40461e-45	4.77469e-30	-5.81267e-46	-3.20774e-24	-6.84429e-46	1.17796e-23	2.20557e-45	-1.27985e-30	-1.65446e-46	-1.12284e-23	1.84130e-46	4.21806e-23	6.27816e-46	3.44695e-31	-4.56506e-47	-4.28273e-23	-5.20892e-47	1.53524e-22	1.82705e-46	-9.89325e-32	-1.40950e-47	-1.48004e-22	1.39576e-47	5.56141e-22	5.33742e-47	3.25113e-32	-4.00943e-48	-5.21392e-22	-3.74116e-48	1.96760e-21	1.51480e-47	-3.11126e-32	-1.13327e-48	-1.84902e-21	1.00707e-48	6.95882e-21	4.30279e-48	9.19390e-32	-3.11201e-49	-7.13802e-21	-2.87119e-49	2.54114e-20	1.25705e-48	-3.36643e-31	-9.73835e-50	-2.46044e-20	7.69355e-50	9.23894e-20	3.68925e-49	1.33986e-30	-2.77180e-50	-8.66536e-20	-2.06229e-50	3.26981e-19	1.04732e-49	-5.02280e-30	-7.83113e-51	-3.07561e-19	5.55598e-51	1.15684e-18	2.97630e-50	1.87513e-29	-2.13650e-51	-1.20551e-18	-1.60108e-51	4.24972e-18	8.74478e-51	-6.99825e-29	-6.81468e-52	-4.14056e-18	4.29022e-52	1.55321e-17	2.58321e-51	2.82475e-28	-1.94126e-52	-1.45768e-17	-1.15011e-52	5.49976e-17	7.33605e-52	-1.05992e-27	-5.48128e-53	-5.17989e-17	3.10208e-53	1.94673e-16	2.08616e-52	3.95720e-27	-1.48106e-53	-2.07314e-16	-9.07241e-54	7.21112e-16	6.17907e-53	-1.47689e-26	-4.85564e-54	-7.08757e-16	2.43105e-54	2.65492e-15	1.84215e-53	6.06908e-26	-1.38481e-54	-2.49378e-15	-6.51781e-55	9.40729e-15	5.23427e-54	-2.27994e-25	-3.90682e-55	-8.87608e-15	1.76078e-55	3.33210e-14	1.48984e-54	8.51287e-25	-1.04066e-55	-3.65308e-14	-5.25320e-56	1.24831e-13	4.46291e-55	-3.17715e-24	-3.54806e-56	-1.24173e-13	1.40767e-56	4.64221e-13	1.34764e-55	1.33904e-23	-1.01352e-56	-4.36569e-13	-3.77465e-57	1.64648e-12	3.83194e-56	-5.03844e-23	-2.85595e-57	-1.55735e-12	1.02195e-57	5.83728e-12	1.09209e-56	1.88147e-22	-7.44297e-58	-6.65189e-12	-3.13149e-58	2.22067e-11	3.32414e-57	-7.02205e-22	-2.68624e-58	-2.24584e-11	8.39138e-59	8.37281e-11	1.02193e-57	3.06840e-21	-7.69033e-59	-7.88743e-11	-2.25066e-59	2.97365e-10	2.90874e-58	-1.15714e-20	-2.16318e-59	-2.82266e-10	6.11254e-60	1.05565e-09	8.30541e-59	4.32171e-20	-5.43615e-60	-1.26840e-09	-1.94357e-60	4.10375e-09	2.58928e-59	-1.61297e-19	-2.14341e-60	-4.25087e-09	5.20828e-61	1.57829e-08	8.17321e-60	7.44430e-19	-6.15559e-61	-1.49059e-08	-1.39744e-61	5.61673e-08	2.32983e-60	-2.81642e-18	-1.72598e-61	-5.36267e-08	3.81496e-62	1.99831e-07	6.67431e-61	1.05213e-17	-4.01723e-62	-2.60574e-07	-1.28540e-62	8.04272e-07	2.17166e-61	-3.92686e-17	-1.87435e-62	-8.67733e-07	3.44437e-63	3.19857e-06	7.17412e-62	2.00057e-16	-5.41486e-63	-3.03045e-06	-9.23509e-64	1.14184e-05	2.04871e-62	-7.60958e-16	-1.52389e-63	-1.07327e-05	2.49668e-64	4.04038e-05	5.85062e-63	2.84378e-15	-3.87039e-64	-4.09917e-05	-7.51647e-65	1.46940e-04	1.81830e-63	-1.06141e-14	-1.40295e-64	2.62731e-04	2.01334e-65	-4.35477e-06	5.58961e-64	4.53139e-14	-4.07056e-65	-3.82965e-05	-5.36901e-66	-1.62325e-04	1.56975e-64	-1.70642e-13	-1.32040e-65	-1.43109e-05	1.34263e-66	-4.07801e-05	3.75091e-65	6.37252e-13	-1.28242e-68	-1.39813e-08	-1.51309e-69	-2.56205e-11	2.32653e-71	-2.37837e-12
1.81544e-29	-1.77217e-45	-3.53823e-28	4.32601e-47	4.47897e-31	-1.56921e-47	-2.61564e-30	2.55278e-46	1.69613e-25	1.06264e-45	1.08879e-29	4.20477e-48	-8.54690e-31	8.34165e-47	-6.78097e-25	3.16517e-46	3.24305e-30	-1.12698e-48	-2.43270e-31	2.37428e-47	2.54278e-24	9.00966e-47	9.23133e-31	3.03168e-49	-6.71240e-32	6.55121e-48	-9.49301e-24	2.62196e-47	2.68647e-31	-8.56888e-50	-2.07251e-32	2.02274e-48	3.75413e-23	7.65962e-48	7.84807e-32	2.29608e-50	-5.89542e-33	5.75385e-49	-1.40672e-22	2.17386e-48	2.22735e-32	-6.15433e-51	-1.66634e-33	1.62633e-49	5.25148e-22	6.17484e-49	6.32676e-33	1.65655e-51	-4.57586e-34	4.46598e-50	-1.95992e-21	1.80396e-49	1.84834e-33	-4.71873e-52	-1.43191e-34	1.39753e-50	7.82016e-21	5.29437e-50	5.42463e-34	1.26441e-52	-4.07562e-35	3.97775e-51	-2.93207e-20	1.50299e-50	1.53996e-34	-3.38930e-53	-1.15148e-35	1.12383e-51	1.09463e-19	4.27123e-51	4.37632e-35	9.13045e-54	-3.14146e-36	3.06605e-52	-4.08530e-19	1.25494e-51	1.28583e-35	-2.62882e-54	-1.00193e-36	9.77961e-53	1.65071e-18	3.70710e-52	3.79866e-36	7.04415e-55	-2.85116e-37	2.78586e-53	-6.19429e-18	1.05278e-52	1.07990e-36	-1.88836e-55	-7.94459e-38	7.86607e-54	2.31265e-17	2.99380e-53	3.11069e-37	5.09295e-56	-1.71742e-38	2.12544e-54	-8.63116e-17	8.86746e-54	1.06868e-37	-1.48820e-56	8.59754e-39	6.96822e-55	3.55069e-16	2.64363e-54	8.60364e-38	3.98779e-57	5.33355e-38	1.98731e-55	-1.33396e-15	7.51158e-55	2.16575e-37	-1.06915e-57	1.96510e-37	5.60659e-56	4.98078e-15	2.13803e-55	7.42047e-37	2.88811e-58	8.10974e-37	1.49342e-56	-1.85892e-14	6.40463e-56	2.77240e-36	-8.60927e-59	2.75709e-36	5.09175e-57	7.84316e-14	1.93397e-56	1.03077e-35	2.30697e-59	9.69355e-36	1.45448e-57	-2.95137e-13	5.49913e-57	3.65583e-35	-6.18610e-60	3.45793e-35	4.09851e-58	1.10212e-12	1.56723e-57	1.29611e-34	1.67472e-60	1.47698e-34	1.06812e-58	-4.11333e-12	4.77040e-58	4.93076e-34	-5.12774e-61	4.98665e-34	3.85496e-59	1.79934e-11	1.46655e-58	1.85909e-33	1.37407e-61	1.75132e-33	1.10362e-59	-6.78602e-11	4.17427e-59	6.60267e-33	-3.68539e-62	6.26741e-33	3.10434e-60	2.53447e-10	1.19189e-59	2.34397e-32	1.00085e-62	2.81634e-32	7.80130e-61	-9.45930e-10	3.71583e-60	9.11193e-32	-3.18024e-63	9.43861e-32	3.07597e-61	4.37024e-09	1.17292e-60	3.50442e-31	8.52225e-64	3.30970e-31	8.83376e-62	-1.65350e-08	3.34349e-61	1.24713e-30	-2.28661e-64	1.19073e-30	2.47692e-62	6.17699e-08	9.57816e-62	4.43704e-30	6.24206e-65	5.78577e-30	5.76505e-63	-2.30545e-07	3.11650e-62	1.78580e-29	-2.10210e-65	1.92675e-29	2.68984e-63	1.17564e-06	1.02954e-62	7.10215e-29	5.63281e-66	6.73131e-29	7.77075e-64	-4.47203e-06	2.94006e-63	2.53569e-28	-1.51028e-66	2.40031e-28	2.18691e-64	1.67125e-05	8.39610e-64	8.99514e-28	4.08294e-67	1.02765e-27	5.55431e-65	-6.23779e-05	2.60940e-64	3.42558e-27	-1.22901e-67	3.39617e-27	2.01334e-65	2.66360e-04	8.02153e-65	1.32405e-26	3.29199e-68	1.18145e-26	5.84158e-66	-7.10306e-05	2.25272e-65	4.69791e-26	-8.77864e-69	3.60652e-26	1.89488e-66	1.77627e-05	5.38284e-66	1.57759e-25	2.19466e-69	-2.55209e-25	1.84037e-69	-2.00178e-08	3.35635e-72	-4.85189e-31	4.14255e-75
4.92274e-44	-2.21520e-26	-3.79690e-44	4.75132e-28	1.16372e-45	-7.09939e-29	-7.08685e-45	-4.14003e-24	1.01740e-44	1.12212e-23	2.95013e-44	1.90230e-29	-2.31587e-45	-1.27803e-23	-2.72689e-45	4.69322e-23	8.78741e-45	-5.09823e-30	-6.59168e-46	-4.47361e-23	7.33607e-46	1.68055e-22	2.50134e-45	1.36989e-30	-1.81880e-46	-1.70632e-22	-2.07533e-46	6.11668e-22	7.27930e-46	-3.81320e-31	-5.61570e-47	-5.89674e-22	5.56096e-47	2.21577e-21	2.12653e-46	7.87814e-32	-1.59743e-47	-2.07732e-21	-1.49055e-47	7.83930e-21	6.03526e-47	6.61940e-32	-4.51515e-48	-7.36683e-21	4.01236e-48	2.77252e-20	1.71431e-47	-3.43558e-31	-1.23988e-48	-2.84392e-20	-1.14394e-48	1.01244e-19	5.00830e-48	1.30804e-30	-3.87994e-49	-9.80285e-20	3.06525e-49	3.68097e-19	1.46987e-48	-5.22174e-30	-1.10434e-49	-3.45244e-19	-8.21653e-50	1.30275e-18	4.17271e-49	1.95789e-29	-3.12007e-50	-1.22538e-18	2.21361e-50	4.60905e-18	1.18581e-49	-7.30939e-29	-8.51222e-51	-4.80298e-18	-6.37899e-51	1.69317e-17	3.48408e-50	2.72797e-28	-2.71510e-51	-1.64968e-17	1.70930e-51	6.18829e-17	1.02920e-50	-1.10111e-27	-7.73433e-52	-5.80766e-17	-4.58224e-52	2.19121e-16	2.92282e-51	4.13164e-27	-2.18385e-52	-2.06376e-16	1.23592e-52	7.75612e-16	8.31165e-52	-1.54255e-26	-5.90083e-53	-8.25977e-16	-3.61462e-53	2.87304e-15	2.46186e-52	5.75702e-26	-1.93458e-53	-2.82382e-15	9.68574e-54	1.05777e-14	7.33946e-53	-2.36577e-25	-5.51734e-54	-9.93568e-15	-2.59682e-54	3.74804e-14	2.08543e-53	8.88739e-25	-1.55655e-54	-3.53640e-14	7.01529e-55	1.32757e-13	5.93579e-54	-3.31838e-24	-4.14617e-55	-1.45545e-13	-2.09297e-55	4.97351e-13	1.77811e-54	1.23848e-23	-1.41362e-55	-4.94730e-13	5.60841e-56	1.84954e-12	5.36924e-55	-5.21967e-23	-4.03806e-56	-1.73937e-12	-1.50389e-56	6.55987e-12	1.52672e-55	1.96402e-22	-1.13786e-56	-6.20477e-12	4.07164e-57	2.32568e-11	4.35107e-56	-7.33412e-22	-2.96542e-57	-2.65024e-11	-1.24764e-57	8.84756e-11	1.32440e-56	2.73724e-21	-1.07025e-57	-8.94784e-11	3.34328e-58	3.33588e-10	4.07157e-57	-1.19608e-20	-3.06397e-58	-3.14250e-10	-8.96705e-59	1.18476e-09	1.15890e-57	4.51061e-20	-8.61853e-59	-1.12460e-09	2.43535e-59	4.20592e-09	3.30903e-58	-1.68464e-19	-2.16586e-59	-5.05353e-09	-7.74354e-60	1.63501e-08	1.03162e-58	6.28748e-19	-8.53976e-60	-1.69363e-08	2.07508e-60	6.28819e-08	3.25636e-59	-2.90184e-18	-2.45250e-60	-5.93879e-08	-5.56768e-61	2.23781e-07	9.28249e-60	1.09786e-17	-6.87664e-61	-2.13659e-07	1.51995e-61	7.96164e-07	2.65917e-60	-4.10126e-17	-1.60054e-61	-1.03817e-06	-5.12126e-62	3.20437e-06	8.65230e-61	1.53072e-16	-7.46776e-62	-3.45725e-06	1.37230e-62	1.27438e-05	2.85830e-61	-7.79836e-16	-2.15738e-62	-1.20767e-05	-3.67943e-63	4.54971e-05	8.16245e-62	2.96627e-15	-6.07148e-63	-4.29572e-05	9.94726e-64	1.61248e-04	2.33100e-62	-1.10852e-14	-1.54203e-63	-1.76697e-04	-2.99470e-64	6.03992e-04	7.24443e-63	4.13747e-14	-5.58961e-64	-4.35477e-06	8.02153e-65	1.50153e-03	2.22701e-63	-1.76637e-13	-1.62179e-64	1.64228e-04	-2.13912e-65	6.54475e-04	6.25419e-64	6.65173e-13	-5.26073e-65	5.60007e-05	5.34930e-66	1.59266e-04	1.49443e-64	-2.48406e-12	-5.10938e-68	5.45081e-08	-6.02843e-69	9.98704e-11	9.26932e-71	9.27105e-12
2.20942e-26	-4.94668e-44	-3.89032e-28	8.31794e-46	4.75144e-28	-1.41190e-44	4.14003e-24	7.08334e-45	1.04243e-28	2.94965e-44	1.12212e-23	3.78326e-45	1.27803e-23	2.31582e-45	-2.79399e-29	8.78734e-45	4.69322e-23	-1.01401e-45	4.47361e-23	6.59167e-46	7.51656e-30	2.50134e-45	1.68055e-22	2.72777e-46	1.70632e-22	1.81880e-46	-2.12639e-30	7.27930e-46	6.11668e-22	-7.70990e-47	5.89674e-22	5.61570e-47	5.69778e-31	2.12653e-46	2.21577e-21	2.06591e-47	2.07732e-21	1.59743e-47	-1.52722e-31	6.03526e-47	7.83930e-21	-5.53739e-48	7.36683e-21	4.51515e-48	4.11108e-32	1.71431e-47	2.77252e-20	1.49049e-48	2.84392e-20	1.23988e-48	-1.17208e-32	5.00830e-48	1.01244e-19	-4.24570e-49	9.80285e-20	3.87994e-49	3.14067e-33	1.46987e-48	3.68097e-19	1.13766e-49	3.45244e-19	1.10434e-49	-8.41869e-34	4.17271e-49	1.30275e-18	-3.04954e-50	1.22538e-18	3.12007e-50	2.26807e-34	1.18581e-49	4.60905e-18	8.21517e-51	4.80298e-18	8.51222e-51	-6.53593e-35	3.48408e-50	1.69317e-17	-2.36530e-51	1.64968e-17	2.71510e-51	1.75135e-35	1.02920e-50	6.18829e-17	6.33801e-52	5.80766e-17	7.73433e-52	-4.69474e-36	2.92282e-51	2.19121e-16	-1.69906e-52	2.06376e-16	2.18385e-52	1.26544e-36	8.31165e-52	7.75612e-16	4.58241e-53	8.25977e-16	5.90083e-53	-3.67039e-37	2.46186e-52	2.87304e-15	-1.33902e-53	2.82382e-15	1.93458e-53	8.56013e-38	7.33946e-53	1.05777e-14	3.58804e-54	9.93568e-15	5.51734e-54	2.46343e-38	2.08543e-53	3.74804e-14	-9.61974e-55	3.53640e-14	1.55655e-54	-1.84139e-37	5.93579e-54	1.32757e-13	2.59859e-55	1.45545e-13	4.14617e-55	7.11920e-37	1.77811e-54	4.97351e-13	-7.74623e-56	4.94730e-13	1.41362e-55	-3.01221e-36	5.36924e-55	1.84954e-12	2.07571e-56	1.73937e-12	4.03806e-56	1.13369e-35	1.52672e-55	6.55987e-12	-5.56598e-57	6.20477e-12	1.13786e-56	-4.23355e-35	4.35107e-56	2.32568e-11	1.50684e-57	2.65024e-11	2.96542e-57	1.58005e-34	1.32440e-56	8.84756e-11	-4.61371e-58	8.94784e-11	1.07025e-57	-6.91179e-34	4.07157e-57	3.33588e-10	1.23633e-58	3.14250e-10	3.06397e-58	2.60671e-33	1.15890e-57	1.18476e-09	-3.31595e-59	1.12460e-09	8.61853e-59	-9.73566e-33	3.30903e-58	4.20592e-09	9.00523e-60	5.05353e-09	2.16586e-59	3.63359e-32	1.03162e-58	1.63501e-08	-2.86144e-60	1.69363e-08	8.53976e-60	-1.67874e-31	3.25636e-59	6.28819e-08	7.66794e-61	5.93879e-08	2.45250e-60	6.35159e-31	9.28249e-60	2.23781e-07	-2.05739e-61	2.13659e-07	6.87664e-61	-2.37276e-30	2.65917e-60	7.96164e-07	5.61633e-62	1.03817e-06	1.60054e-61	8.85590e-30	8.65230e-61	3.20437e-06	-1.89137e-62	3.45725e-06	7.46776e-62	-4.51600e-29	2.85830e-61	1.27438e-05	5.06815e-63	1.20767e-05	2.15738e-62	1.71784e-28	8.16245e-62	4.54971e-05	-1.35888e-63	4.29572e-05	6.07148e-63	-6.41976e-28	2.33100e-62	1.61248e-04	3.67365e-64	1.76697e-04	1.54203e-63	2.39612e-27	7.24443e-63	6.03992e-04	-1.10581e-64	4.35477e-06	5.58961e-64	-1.02317e-26	2.22701e-63	1.50153e-03	2.96199e-65	-1.64228e-04	1.62179e-64	3.85305e-26	6.25419e-64	6.54475e-04	-7.89865e-66	-5.60007e-05	5.26074e-65	-1.43890e-25	1.49443e-64	1.59266e-04	1.97473e-66	-5.45081e-08	5.10938e-68	5.37031e-25	7.98353e-71	9.88959e-11	-2.69200e-70
6.52124e-46	-3.34888e-30	-1.55823e-47	-7.88552e-34	1.91064e-47	-4.12005e-30	-9.42957e-47	4.73425e-31	4.17534e-48	1.97098e-30	3.92430e-46	6.85464e-27	-3.08024e-47	1.55817e-31	-1.11910e-48	5.84171e-31	1.16876e-46	-2.74144e-26	-8.76715e-48	4.74089e-32	3.01068e-49	1.54789e-31	3.32686e-47	1.02803e-25	-2.41906e-48	2.48486e-32	-8.51703e-50	3.20975e-33	9.68169e-48	-3.83798e-25	-7.46905e-49	4.75927e-32	2.28219e-50	-1.50501e-31	2.82835e-48	1.51626e-24	-2.12463e-49	1.55499e-31	-6.11713e-51	-5.78748e-31	8.02708e-49	-5.68123e-24	-6.00529e-50	5.47961e-31	1.64665e-51	-2.05998e-30	2.28008e-49	2.12087e-23	-1.64908e-50	2.11429e-30	-4.69464e-52	-7.52626e-30	6.66120e-50	-7.91534e-23	-5.16044e-51	7.28759e-30	1.25796e-52	-2.73647e-29	1.95497e-50	3.15504e-22	-1.46880e-51	2.56659e-29	-3.37202e-53	-9.68484e-29	5.54984e-51	-1.18286e-21	-4.14979e-52	9.10963e-29	9.08452e-54	-3.42643e-28	1.57717e-51	4.41594e-21	-1.13215e-52	3.57059e-28	-2.61790e-54	-1.25872e-27	4.63394e-52	-1.64809e-20	-3.61116e-53	1.22639e-27	7.01488e-55	-4.60045e-27	1.36886e-52	6.65231e-20	-1.02869e-53	4.31749e-27	-1.88052e-55	-1.62897e-26	3.88744e-53	-2.49611e-19	-2.90458e-54	1.53423e-26	5.07216e-56	-5.76600e-26	1.10547e-53	9.31922e-19	-7.84828e-55	6.14041e-26	-1.48342e-56	-2.13586e-25	3.27435e-54	-3.47808e-18	-2.57305e-55	2.09926e-25	3.97497e-57	-7.86359e-25	9.76171e-55	1.42927e-17	-7.33823e-56	7.38631e-25	-1.06572e-57	-2.78634e-24	2.77368e-55	-5.36928e-17	-2.07026e-56	2.62900e-24	2.87903e-58	-9.86931e-24	7.89478e-56	2.00478e-16	-5.51454e-57	1.08200e-23	-8.58944e-59	-3.69737e-23	2.36494e-56	-7.48221e-16	-1.88015e-57	3.67788e-23	2.30166e-59	-1.37497e-22	7.14125e-57	3.15344e-15	-5.37074e-58	1.29307e-22	-6.17189e-60	-4.87669e-22	2.03058e-57	-1.18656e-14	-1.51339e-58	4.61270e-22	1.67098e-60	-1.72894e-21	5.78706e-58	4.43088e-14	-3.94410e-59	1.97022e-21	-5.12025e-61	-6.57739e-21	1.76149e-58	-1.65369e-13	-1.42346e-59	6.65193e-21	1.37206e-61	-2.47994e-20	5.41532e-59	7.22609e-13	-4.07518e-60	2.33617e-20	-3.68002e-62	-8.80763e-20	1.54137e-59	-2.72507e-12	-1.14629e-60	8.36041e-20	9.99453e-63	-3.12674e-19	4.40111e-60	1.01777e-11	-2.88066e-61	3.75686e-19	-3.17790e-63	-1.21549e-18	1.37209e-60	-3.79856e-11	-1.13581e-61	1.25906e-18	8.51599e-64	-4.67472e-18	4.33106e-61	1.75314e-10	-3.26190e-62	4.41497e-18	-2.28494e-64	-1.66361e-17	1.23460e-61	-6.63269e-10	-9.14614e-63	1.58837e-17	6.23779e-65	-5.91878e-17	3.53678e-62	2.47776e-09	-2.12877e-63	7.71792e-17	-2.10173e-65	-2.38217e-16	1.15078e-62	-9.24778e-09	-9.93235e-64	2.57018e-16	5.63184e-66	-9.47391e-16	3.80163e-63	4.71135e-08	-2.86938e-64	8.97923e-16	-1.51002e-66	-3.38248e-15	1.08563e-63	-1.79206e-07	-8.07525e-65	3.20189e-15	4.08230e-67	-1.19991e-14	3.10030e-64	6.69711e-07	-2.05095e-65	1.37084e-14	-1.22901e-67	-4.56957e-14	9.63531e-65	-2.49964e-06	-7.43436e-66	4.53139e-14	3.29199e-68	-1.76637e-13	2.96199e-65	1.06715e-05	-2.15703e-66	1.58333e-13	-8.77880e-69	-6.27744e-13	8.31827e-66	-2.84573e-06	-6.99694e-67	5.31081e-13	2.19532e-69	-2.17720e-12	1.98764e-66	7.11457e-07	-6.79564e-70	3.56756e-15	-2.47403e-72	-4.96152e-12	1.23285e-72	-1.00118e-10
-1.60898e-27	3.60235e-45	2.83307e-29	-6.05743e-47	-3.46017e-29	1.02820e-45	-3.01493e-25	-5.15835e-46	-7.59135e-30	-2.14804e-45	-8.17166e-25	-2.75511e-46	-9.30706e-25	-1.68647e-46	2.03468e-30	-6.39927e-46	-3.41778e-24	7.38439e-47	-3.25785e-24	-4.80030e-47	-5.47384e-31	-1.82157e-46	-1.22384e-23	-1.98646e-47	-1.24260e-23	-1.32452e-47	1.54852e-31	-5.30105e-47	-4.45439e-23	5.61463e-48	-4.29422e-23	-4.08956e-48	-4.14934e-32	-1.54862e-47	-1.61361e-22	-1.50447e-48	-1.51278e-22	-1.16331e-48	1.11218e-32	-4.39510e-48	-5.70887e-22	4.03254e-49	-5.36480e-22	-3.28810e-49	-2.99384e-33	-1.24842e-48	-2.01906e-21	-1.08543e-49	-2.07105e-21	-9.02928e-50	8.53553e-34	-3.64723e-49	-7.37295e-21	3.09188e-50	-7.13880e-21	-2.82552e-50	-2.28715e-34	-1.07041e-49	-2.68062e-20	-8.28489e-51	-2.51420e-20	-8.04219e-51	6.13080e-35	-3.03873e-50	-9.48714e-20	2.22079e-51	-8.92367e-20	-2.27215e-51	-1.65169e-35	-8.63554e-51	-3.35648e-19	-5.98259e-52	-3.49771e-19	-6.19891e-52	4.75972e-36	-2.53724e-51	-1.23303e-18	1.72250e-52	-1.20136e-18	-1.97723e-52	-1.27546e-36	-7.49500e-52	-4.50654e-18	-4.61557e-53	-4.22936e-18	-5.63243e-53	3.42118e-37	-2.12851e-52	-1.59572e-17	1.23732e-53	-1.50291e-17	-1.59036e-53	-9.30117e-38	-6.05285e-53	-5.64829e-17	-3.33708e-54	-6.01507e-17	-4.29720e-54	2.99290e-38	-1.79282e-53	-2.09226e-16	9.75122e-55	-2.05641e-16	-1.40883e-54	-1.93974e-38	-5.34487e-54	-7.70307e-16	-2.61294e-55	-7.23553e-16	-4.01793e-55	4.76604e-38	-1.51869e-54	-2.72946e-15	7.00545e-56	-2.57533e-15	-1.13354e-55	-1.71244e-37	-4.32266e-55	-9.66785e-15	-1.89239e-56	-1.05992e-14	-3.01940e-56	6.37316e-37	-1.29488e-55	-3.62189e-14	5.64109e-57	-3.60280e-14	-1.02945e-56	-2.68835e-36	-3.91008e-56	-1.34691e-13	-1.51161e-57	-1.26668e-13	-2.94066e-57	1.01161e-35	-1.11181e-56	-4.77714e-13	4.05335e-58	-4.51854e-13	-8.28633e-58	-3.77760e-35	-3.16861e-57	-1.69365e-12	-1.09734e-58	-1.93000e-12	-2.15953e-58	1.40988e-34	-9.64476e-58	-6.44312e-12	3.35988e-59	-6.51615e-12	-7.79394e-59	-6.16739e-34	-2.96507e-58	-2.42931e-11	-9.00339e-60	-2.28849e-11	-2.23130e-59	2.32597e-33	-8.43952e-59	-8.62784e-11	2.41480e-60	-8.18974e-11	-6.27633e-60	-8.68714e-33	-2.40976e-59	-3.06291e-10	-6.55794e-61	-3.68017e-10	-1.57726e-60	3.24226e-32	-7.51264e-60	-1.19067e-09	2.08380e-61	-1.23336e-09	-6.21897e-61	-1.49794e-31	-2.37140e-60	-4.57929e-09	-5.58408e-62	-4.32485e-09	-1.78600e-61	5.66753e-31	-6.75985e-61	-1.62966e-08	1.49827e-62	-1.55594e-08	-5.00782e-62	-2.11722e-30	-1.93651e-61	-5.79796e-08	-4.09002e-63	-7.56038e-08	-1.16557e-62	7.90212e-30	-6.30092e-62	-2.33354e-07	1.37737e-63	-2.51772e-07	-5.43830e-63	-4.02963e-29	-2.08152e-62	-9.28051e-07	-3.69082e-64	-8.79577e-07	-1.57108e-63	1.53283e-28	-5.94420e-63	-3.31341e-06	9.89586e-65	-3.13539e-06	-4.42148e-64	-5.72835e-28	-1.69752e-63	-1.17525e-05	-2.67529e-65	-1.33511e-05	-1.12297e-64	2.13806e-27	-5.27566e-64	-4.46554e-05	8.05290e-66	-3.82965e-05	-4.07056e-65	-9.12972e-27	-1.62179e-64	-1.64228e-04	-2.15703e-66	2.61943e-04	-1.18105e-65	3.43808e-26	-4.55454e-65	-7.99858e-06	5.75209e-67	-4.42960e-05	-3.83106e-66	-1.28394e-25	-1.08830e-65	1.34501e-04	-1.43807e-67	-4.86376e-08	-3.72084e-69	4.79193e-25	-5.81391e-72	8.86476e-11	1.96042e-71
3.58492e-45	-1.61319e-27	-2.76504e-45	3.46009e-29	8.47467e-47	-5.17004e-30	-5.16091e-46	-3.01492e-25	7.40906e-46	8.17169e-25	2.14840e-45	1.38544e-30	-1.68651e-46	-9.30705e-25	-1.98583e-46	3.41778e-24	6.39932e-46	-3.71712e-31	-4.80031e-47	-3.25785e-24	5.34240e-47	1.22384e-23	1.82157e-46	1.01410e-31	-1.32452e-47	-1.24260e-23	-1.51133e-47	4.45439e-23	5.30105e-47	-3.39262e-32	-4.08956e-48	-4.29422e-23	4.04970e-48	1.61361e-22	1.54862e-47	3.00616e-32	-1.16331e-48	-1.51278e-22	-1.08547e-48	5.70887e-22	4.39510e-48	-8.63202e-32	-3.28810e-49	-5.36480e-22	2.92195e-49	2.01906e-21	1.24842e-48	3.15219e-31	-9.02928e-50	-2.07105e-21	-8.33056e-50	7.37295e-21	3.64723e-49	-1.17456e-30	-2.82552e-50	-7.13880e-21	2.23223e-50	2.68062e-20	1.07041e-49	4.68118e-30	-8.04219e-51	-2.51420e-20	-5.98358e-51	9.48714e-20	3.03873e-50	-1.75502e-29	-2.27215e-51	-8.92367e-20	1.61203e-51	3.35648e-19	8.63554e-51	6.55194e-29	-6.19891e-52	-3.49771e-19	-4.64541e-52	1.23303e-18	2.53724e-51	-2.44528e-28	-1.97723e-52	-1.20136e-18	1.24478e-52	4.50654e-18	7.49500e-52	9.87004e-28	-5.63243e-53	-4.22936e-18	-3.33696e-53	1.59572e-17	2.12851e-52	-3.70349e-27	-1.59036e-53	-1.50291e-17	9.00046e-54	5.64829e-17	6.05285e-53	1.38270e-26	-4.29720e-54	-6.01507e-17	-2.63230e-54	2.09226e-16	1.79282e-53	-5.16043e-26	-1.40883e-54	-2.05641e-16	7.05352e-55	7.70307e-16	5.34487e-54	2.12061e-25	-4.01793e-55	-7.23553e-16	-1.89110e-55	2.72946e-15	1.51869e-54	-7.96641e-25	-1.13354e-55	-2.57533e-15	5.10879e-56	9.66785e-15	4.32266e-55	2.97450e-24	-3.01940e-56	-1.05992e-14	-1.52418e-56	3.62189e-14	1.29488e-55	-1.11014e-23	-1.02945e-56	-3.60280e-14	4.08425e-57	1.34691e-13	3.91008e-56	4.67877e-23	-2.94066e-57	-1.26668e-13	-1.09519e-57	4.77714e-13	1.11181e-56	-1.76049e-22	-8.28633e-58	-4.51854e-13	2.96512e-58	1.69365e-12	3.16861e-57	6.57410e-22	-2.15953e-58	-1.93000e-12	-9.08580e-59	6.44312e-12	9.64476e-58	-2.45359e-21	-7.79394e-59	-6.51615e-12	2.43470e-59	2.42931e-11	2.96507e-58	1.07214e-20	-2.23130e-59	-2.28849e-11	-6.53014e-60	8.62784e-11	8.43952e-59	-4.04319e-20	-6.27633e-60	-8.18974e-11	1.77351e-60	3.06291e-10	2.40976e-59	1.51006e-19	-1.57726e-60	-3.68017e-10	-5.63913e-61	1.19067e-09	7.51264e-60	-5.63592e-19	-6.21897e-61	-1.23336e-09	1.51115e-61	4.57929e-09	2.37140e-60	2.60113e-18	-1.78600e-61	-4.32485e-09	-4.05459e-62	1.62966e-08	6.75985e-61	-9.84094e-18	-5.00782e-62	-1.55594e-08	1.10689e-62	5.79796e-08	1.93651e-61	3.67626e-17	-1.16557e-62	-7.56038e-08	-3.72949e-63	2.33354e-07	6.30092e-62	-1.37210e-16	-5.43830e-63	-2.51772e-07	9.99360e-64	9.28051e-07	2.08152e-62	6.99023e-16	-1.57108e-63	-8.79577e-07	-2.67950e-64	3.31341e-06	5.94420e-63	-2.65888e-15	-4.42148e-64	-3.13539e-06	7.24396e-65	1.17525e-05	1.69752e-63	9.93651e-15	-1.12297e-64	-1.33511e-05	-2.18085e-65	4.46554e-05	5.27566e-64	-3.70872e-14	-4.07056e-65	-3.82965e-05	5.84158e-66	1.64228e-04	1.62179e-64	1.58333e-13	-1.18105e-65	2.61943e-04	-1.55778e-66	7.99858e-06	4.55454e-65	-5.96243e-13	-3.83106e-66	-4.42960e-05	3.89556e-67	-1.34501e-04	1.08830e-65	2.22664e-12	-3.72084e-69	-4.86376e-08	-4.39013e-70	-8.95211e-11	6.75026e-72	-8.31032e-12
-4.84126e-30	4.72588e-46	9.43545e-29	-1.15362e-47	-1.19442e-31	4.18463e-48	6.97517e-31	-6.80755e-47	-4.52309e-26	-2.83376e-46	-2.90350e-30	-1.12129e-48	2.27921e-31	-2.22448e-47	1.80829e-25	-8.44062e-47	-8.64829e-31	3.00535e-49	6.48732e-32	-6.33154e-48	-6.78086e-25	-2.40262e-47	-2.46173e-31	-8.08463e-50	1.79001e-32	-1.74702e-48	2.53152e-24	-6.99202e-48	-7.16404e-32	2.28508e-50	5.52679e-33	-5.39407e-49	-1.00112e-23	-2.04260e-48	-2.09286e-32	-6.12299e-51	1.57214e-33	-1.53439e-49	3.75133e-23	-5.79707e-49	-5.93970e-33	1.64119e-51	4.44366e-34	-4.33696e-50	-1.40042e-22	-1.64665e-49	-1.68717e-33	-4.41755e-52	1.22025e-34	-1.19095e-50	5.22655e-22	-4.81065e-50	-4.92901e-34	1.25835e-52	3.81851e-35	-3.72681e-51	-2.08542e-21	-1.41186e-50	-1.44659e-34	-3.37183e-53	1.08685e-35	-1.06075e-51	7.81901e-21	-4.00804e-51	-4.10665e-35	9.03829e-54	3.07064e-36	-2.99693e-52	-2.91906e-20	-1.13901e-51	-1.16705e-35	-2.43483e-54	8.37644e-37	-8.17628e-53	1.08943e-19	-3.34658e-52	-3.42927e-36	7.01033e-55	2.66865e-37	-2.60794e-53	-4.40197e-19	-9.88579e-53	-1.01420e-36	-1.87848e-55	7.48999e-38	-7.42909e-54	1.65184e-18	-2.80747e-53	-2.92253e-37	5.03572e-56	1.71615e-38	-2.09766e-54	-6.16718e-18	-7.98362e-54	-9.80782e-38	-1.35815e-56	-1.15273e-38	-5.66795e-55	2.30169e-17	-2.36470e-54	-8.45252e-38	3.96861e-57	-5.73594e-38	-1.85823e-55	-9.46867e-17	-7.04980e-55	-2.29217e-37	-1.06343e-57	-2.07977e-37	-5.29960e-56	3.55730e-16	-2.00313e-55	-7.88652e-37	2.85112e-58	-7.42028e-37	-1.49512e-56	-1.32823e-15	-5.70153e-56	-2.78675e-36	-7.70176e-59	-3.05451e-36	-3.98254e-57	4.95720e-15	-1.70793e-56	-1.04381e-35	2.29585e-59	-1.03829e-35	-1.35783e-57	-2.09155e-14	-5.15734e-57	-3.88163e-35	-6.15203e-60	-3.65041e-35	-3.87869e-58	7.87047e-14	-1.46646e-57	-1.37672e-34	1.64966e-60	-1.30219e-34	-1.09296e-58	-2.93903e-13	-4.17936e-58	-4.88090e-34	-4.46600e-61	-5.56204e-34	-2.84839e-59	1.09691e-12	-1.27213e-58	-1.85683e-33	1.36742e-61	-1.87788e-33	-1.02801e-59	-4.79833e-12	-3.91089e-59	-7.00100e-33	-3.66426e-62	-6.59515e-33	-2.94305e-60	1.80964e-11	-1.11316e-59	-2.48644e-32	9.82789e-63	-2.36019e-32	-8.27839e-61	-6.75873e-11	-3.17844e-60	-8.82695e-32	-2.66899e-63	-1.06058e-31	-2.08039e-61	2.52253e-10	-9.90906e-61	-3.43138e-31	8.48080e-64	-3.55440e-31	-8.20273e-62	-1.16542e-09	-3.12785e-61	-1.31970e-30	-2.27264e-64	-1.24637e-30	-2.35571e-62	4.40943e-09	-8.91615e-62	-4.69648e-30	6.09775e-65	-4.48405e-30	-6.60525e-63	-1.64723e-08	-2.55422e-62	-1.67091e-29	-1.66458e-65	-2.17881e-29	-1.53737e-63	6.14797e-08	-8.31083e-63	-6.72500e-29	5.60570e-66	-7.25577e-29	-7.17304e-64	-3.13511e-07	-2.74550e-63	-2.67454e-28	-1.50211e-66	-2.53489e-28	-2.07224e-64	1.19256e-06	-7.84031e-64	-9.54894e-28	4.02748e-67	-9.03911e-28	-5.83186e-65	-4.45675e-06	-2.23900e-64	-3.38740e-27	-1.08881e-67	-3.86993e-27	-1.48118e-65	1.66344e-05	-6.95852e-65	-1.29001e-26	3.27742e-68	-1.27894e-26	-5.36901e-66	-7.10306e-05	-2.13912e-65	-4.98612e-26	-8.77880e-69	-4.44912e-26	-1.55778e-66	2.67488e-04	-6.00737e-66	-1.76914e-25	2.34101e-69	-1.35815e-25	-5.05312e-67	-6.68908e-05	-1.43545e-66	-5.94090e-25	-5.85253e-70	9.61070e-25	-4.90774e-70	7.53831e-08	-8.95042e-73	1.82713e-30	-1.10470e-75
1.38247e-44	-6.22104e-27	-1.06630e-44	1.33433e-28	3.26814e-46	-1.99375e-29	-1.99023e-45	-1.16266e-24	2.85720e-45	3.15130e-24	8.28499e-45	5.34195e-30	-6.50377e-46	-3.58913e-24	-7.65805e-46	1.31802e-23	2.46781e-45	-1.43027e-30	-1.85117e-46	-1.25634e-23	2.06022e-46	4.71957e-23	7.02461e-46	3.79142e-31	-5.10782e-47	-4.79193e-23	-5.82824e-47	1.71777e-22	2.04428e-46	-8.62949e-32	-1.57708e-47	-1.65601e-22	1.56171e-47	6.22264e-22	5.97202e-47	-6.00205e-32	-4.48614e-48	-5.83383e-22	-4.18597e-48	2.20154e-21	1.69491e-47	3.26377e-31	-1.26801e-48	-2.06886e-21	1.12681e-48	7.78620e-21	4.81437e-48	-1.24549e-30	-3.48201e-49	-7.98670e-21	-3.21256e-49	2.84327e-20	1.40650e-48	4.65557e-30	-1.08962e-49	-2.75298e-20	8.60828e-50	1.03374e-19	4.12789e-49	-1.85592e-29	-3.10135e-50	-9.69564e-20	-2.30748e-50	3.65858e-19	1.17184e-49	6.95813e-29	-8.76222e-51	-3.44129e-19	6.21657e-51	1.29438e-18	3.33017e-50	-2.59766e-28	-2.39052e-51	-1.34884e-18	-1.79144e-51	4.75500e-18	9.78449e-51	9.69483e-28	-7.62492e-52	-4.63286e-18	4.80031e-52	1.73788e-17	2.89034e-51	-3.91319e-27	-2.17206e-52	-1.63099e-17	-1.28685e-52	6.15366e-17	8.20828e-52	1.46833e-26	-6.13298e-53	-5.79575e-17	3.47090e-53	2.17818e-16	2.33420e-52	-5.48200e-26	-1.65715e-53	-2.31963e-16	-1.01511e-53	8.06849e-16	6.91374e-53	2.04597e-25	-5.43295e-54	-7.93025e-16	2.72009e-54	2.97058e-15	2.06117e-53	-8.40763e-25	-1.54946e-54	-2.79028e-15	-7.29275e-55	1.05258e-14	5.85660e-54	3.15846e-24	-4.37132e-55	-9.93141e-15	1.97013e-55	3.72827e-14	1.66697e-54	-1.17931e-23	-1.16439e-55	-4.08741e-14	-5.87779e-56	1.39673e-13	4.99353e-55	4.40138e-23	-3.96991e-56	-1.38937e-13	1.57503e-56	5.19415e-13	1.50787e-55	-1.85500e-22	-1.13402e-56	-4.88476e-13	-4.22345e-57	1.84223e-12	4.28754e-56	6.97986e-22	-3.19551e-57	-1.74251e-12	1.14346e-57	6.53131e-12	1.22193e-56	-2.60644e-21	-8.32791e-58	-7.44277e-12	-3.50381e-58	2.48470e-11	3.71937e-57	9.72779e-21	-3.00562e-58	-2.51286e-11	9.38909e-59	9.36830e-11	1.14344e-57	-4.25072e-20	-8.60468e-59	-8.82522e-11	-2.51825e-59	3.32720e-10	3.25458e-58	1.60301e-19	-2.42038e-59	-3.15826e-10	6.83930e-60	1.18117e-09	9.29289e-59	-5.98696e-19	-6.08249e-60	-1.41921e-09	-2.17465e-60	4.59166e-09	2.89714e-59	2.23448e-18	-2.39826e-60	-4.75628e-09	5.82753e-61	1.76594e-08	9.14497e-60	-1.03128e-17	-6.88747e-61	-1.66782e-08	-1.56360e-61	6.28453e-08	2.60684e-60	3.90165e-17	-1.93119e-61	-6.00028e-08	4.26854e-62	2.23590e-07	7.46786e-61	-1.45753e-16	-4.49487e-62	-2.91555e-07	-1.43822e-62	8.99897e-07	2.42986e-61	5.43997e-16	-2.09720e-62	-9.70921e-07	3.85389e-63	3.57890e-06	8.02709e-62	-2.77143e-15	-6.05866e-63	-3.39200e-06	-1.03331e-63	1.27778e-05	2.29229e-62	1.05417e-14	-1.70508e-63	-1.20939e-05	2.79353e-64	4.53258e-05	6.54623e-63	-3.93955e-14	-4.33056e-64	-5.16728e-05	-8.41015e-65	1.72465e-04	2.03448e-63	1.47040e-13	-1.56975e-64	-1.62325e-04	2.25272e-65	6.54475e-04	6.25419e-64	-6.27744e-13	-4.55454e-65	7.99858e-06	-6.00737e-66	1.48929e-03	1.75639e-64	2.36393e-12	-1.47739e-65	1.90716e-04	1.50227e-66	5.54387e-04	4.19687e-65	-8.82800e-12	-1.43489e-68	1.93402e-07	-1.69299e-69	3.54926e-10	2.60314e-71	3.29480e-11
6.20482e-27	-1.38920e-44	-1.09253e-28	2.33596e-46	1.33437e-28	-3.96511e-45	1.16266e-24	1.98924e-45	2.92750e-29	8.28362e-45	3.15129e-24	1.06247e-45	3.58913e-24	6.50362e-46	-7.84647e-30	2.46779e-45	1.31802e-23	-2.84768e-46	1.25634e-23	1.85117e-46	2.11091e-30	7.02461e-46	4.71957e-23	7.66051e-47	4.79193e-23	5.10782e-47	-5.97163e-31	2.04428e-46	1.71777e-22	-2.16520e-47	1.65601e-22	1.57708e-47	1.60013e-31	5.97202e-47	6.22264e-22	5.80178e-48	5.83383e-22	4.48614e-48	-4.28896e-32	1.69491e-47	2.20154e-21	-1.55509e-48	2.06886e-21	1.26801e-48	1.15453e-32	4.81437e-48	7.78620e-21	4.18581e-49	7.98670e-21	3.48201e-49	-3.29160e-33	1.40650e-48	2.84327e-20	-1.19234e-49	2.75298e-20	1.08962e-49	8.82007e-34	4.12789e-49	1.03374e-19	3.19495e-50	9.69564e-20	3.10135e-50	-2.36426e-34	1.17184e-49	3.65858e-19	-8.56415e-51	3.44129e-19	8.76222e-51	6.36952e-35	3.33017e-50	1.29438e-18	2.30710e-51	1.34884e-18	2.39052e-51	-1.83551e-35	9.78449e-51	4.75500e-18	-6.64257e-52	4.63286e-18	7.62492e-52	4.91819e-36	2.89034e-51	1.73788e-17	1.77993e-52	1.63099e-17	2.17206e-52	-1.31767e-36	8.20828e-52	6.15366e-17	-4.77155e-53	5.79575e-17	6.13298e-53	3.52478e-37	2.33420e-52	2.17818e-16	1.28690e-53	2.31963e-16	1.65715e-53	-9.22445e-38	6.91374e-53	8.06849e-16	-3.76042e-54	7.93025e-16	5.43295e-54	-2.05237e-38	2.06117e-53	2.97058e-15	1.00764e-54	2.79028e-15	1.54946e-54	1.74339e-37	5.85660e-54	1.05258e-14	-2.70155e-55	9.93141e-15	4.37132e-55	-6.76834e-37	1.66697e-54	3.72827e-14	7.29773e-56	4.08741e-14	1.16439e-55	2.53300e-36	4.99353e-55	1.39673e-13	-2.17541e-56	1.38937e-13	3.96991e-56	-1.06896e-35	1.50787e-55	5.19415e-13	5.82930e-57	4.88476e-13	1.13402e-56	4.02255e-35	4.28754e-56	1.84223e-12	-1.56312e-57	1.74251e-12	3.19551e-57	-1.50212e-34	1.22193e-56	6.53131e-12	4.23172e-58	7.44277e-12	8.32791e-58	5.60624e-34	3.71937e-57	2.48470e-11	-1.29569e-58	2.51286e-11	3.00562e-58	-2.45240e-33	1.14344e-57	9.36830e-11	3.47203e-59	8.82522e-11	8.60468e-59	9.24896e-33	3.25458e-58	3.32720e-10	-9.31232e-60	3.15826e-10	2.42038e-59	-3.45435e-32	9.29289e-59	1.18117e-09	2.52898e-60	1.41921e-09	6.08249e-60	1.28925e-31	2.89714e-59	4.59166e-09	-8.03589e-61	4.75628e-09	2.39826e-60	-5.95639e-31	9.14497e-60	1.76594e-08	2.15342e-61	1.66782e-08	6.88747e-61	2.25363e-30	2.60684e-60	6.28453e-08	-5.77786e-62	6.00028e-08	1.93119e-61	-8.41889e-30	7.46786e-61	2.23590e-07	1.57726e-62	2.91555e-07	4.49487e-62	3.14219e-29	2.42986e-61	8.99897e-07	-5.31162e-63	9.70921e-07	2.09720e-62	-1.60234e-28	8.02709e-62	3.57890e-06	1.42331e-63	3.39200e-06	6.05866e-63	6.09513e-28	2.29229e-62	1.27778e-05	-3.81620e-64	1.20939e-05	1.70508e-63	-2.27782e-27	6.54623e-63	4.53258e-05	1.03169e-64	5.16728e-05	4.33056e-64	8.50175e-27	2.03448e-63	1.72465e-04	-3.10549e-65	1.62325e-04	1.56975e-64	-3.63033e-26	6.25419e-64	6.54475e-04	8.31827e-66	-7.99858e-06	4.55454e-65	1.36712e-25	1.75639e-64	1.48929e-03	-2.21821e-66	-1.90716e-04	1.47739e-65	-5.10543e-25	4.19687e-65	5.54387e-04	5.54571e-67	-1.93402e-07	1.43489e-68	1.90546e-24	2.24205e-71	3.51463e-10	-7.56006e-71
-1.73900e-46	8.93030e-31	4.15527e-48	2.10405e-34	-5.09506e-48	1.09868e-30	2.51456e-47	-1.27324e-31	-1.11342e-48	-5.22677e-31	-1.04648e-46	-1.82791e-27	8.21399e-48	-4.48758e-32	2.98427e-49	-1.43571e-31	-3.11670e-47	7.31053e-27	2.33791e-48	-2.42795e-32	-8.02848e-50	2.43865e-33	-8.87164e-48	-2.74142e-26	6.45085e-49	-5.10123e-32	2.27121e-50	1.58255e-31	-2.58179e-48	1.02346e-25	1.99175e-49	-1.66082e-31	-6.08583e-51	6.16516e-31	-7.54228e-49	-4.04336e-25	5.66571e-50	-5.81834e-31	1.63123e-51	2.19355e-30	-2.14056e-49	1.51500e-24	1.60141e-50	-2.06244e-30	-4.39106e-52	7.76142e-30	-6.08024e-50	-5.65566e-24	4.39756e-51	-7.96162e-30	1.25191e-52	2.83433e-29	-1.77632e-50	2.11076e-23	1.37612e-51	-2.74433e-29	-3.35456e-53	1.03049e-28	-5.21326e-51	-8.41345e-23	3.91681e-52	-9.66517e-29	8.99204e-54	3.64708e-28	-1.47996e-51	3.15431e-22	1.10661e-52	-3.43047e-28	-2.42254e-54	1.29031e-27	-4.20579e-52	-1.17759e-21	3.01908e-53	-1.34460e-27	6.98106e-55	4.74005e-27	-1.23572e-52	4.39492e-21	9.62979e-54	-4.61830e-27	-1.87063e-55	1.73242e-26	-3.65031e-53	-1.77395e-20	2.74318e-54	-1.62587e-26	5.01473e-56	6.13432e-26	-1.03665e-53	6.65632e-20	7.74557e-55	-5.77754e-26	-1.35258e-56	2.17134e-25	-2.94794e-54	-2.48513e-19	2.09288e-55	-2.31234e-25	3.95578e-57	8.04314e-25	-8.73161e-55	9.27490e-19	6.86147e-56	-7.90533e-25	-1.05999e-57	2.96124e-24	-2.60313e-55	-3.81140e-18	1.95687e-56	-2.78151e-24	2.84192e-58	1.04927e-23	-7.39651e-56	1.43181e-17	5.52070e-57	-9.90020e-24	-7.67742e-59	3.71655e-23	-2.10528e-56	-5.34610e-17	1.47055e-57	-4.07457e-23	2.29052e-59	1.39234e-22	-6.30651e-57	1.99526e-16	5.01375e-58	-1.38500e-22	-6.13775e-60	5.17782e-22	-1.90434e-57	-8.40920e-16	1.43220e-58	-4.86940e-22	1.64584e-60	1.83645e-21	-5.41489e-58	3.16415e-15	4.03572e-59	-1.73703e-21	-4.45594e-61	6.51078e-21	-1.54322e-58	-1.18157e-14	1.05176e-59	-7.41938e-21	1.36540e-61	2.47689e-20	-4.69732e-59	4.40986e-14	3.79591e-60	-2.50496e-20	-3.65884e-62	9.33886e-20	-1.44409e-59	-1.92696e-13	1.08672e-60	-8.79748e-20	9.81340e-63	3.31675e-19	-4.11033e-60	7.26686e-13	3.05678e-61	-3.14833e-19	-2.66521e-63	1.17746e-18	-1.17363e-60	-2.71405e-12	7.68179e-62	-1.41475e-18	8.47441e-64	4.57723e-18	-3.65890e-61	1.01295e-11	3.02885e-62	-4.74133e-18	-2.27093e-64	1.76039e-17	-1.15495e-61	-4.67504e-11	8.69843e-63	-1.66257e-17	6.09318e-65	6.26478e-17	-3.29227e-62	1.76872e-10	2.43898e-63	-5.98142e-17	-1.66341e-65	2.22887e-16	-9.43143e-63	-6.60738e-10	5.67673e-64	-2.90639e-16	5.60463e-66	8.97069e-16	-3.06876e-63	2.46608e-09	2.64863e-64	-9.67870e-16	-1.50182e-66	3.56765e-15	-1.01377e-63	-1.25636e-08	7.65170e-65	-3.38137e-15	4.02671e-67	1.27376e-14	-2.89502e-64	4.77884e-08	2.15341e-65	-1.20576e-14	-1.08861e-67	4.51856e-14	-8.26747e-65	-1.78590e-07	5.46922e-66	-5.16228e-14	3.27735e-68	1.72079e-13	-2.56942e-65	6.66571e-07	1.98250e-66	-1.70642e-13	-8.77864e-69	6.65173e-13	-7.89865e-66	-2.84573e-06	5.75209e-67	-5.96243e-13	2.34101e-69	2.36393e-12	-2.21821e-66	1.07163e-05	1.86585e-67	-1.99992e-12	-5.85419e-70	8.19881e-12	-5.30038e-67	-2.67918e-06	1.81217e-70	-1.34346e-14	6.59742e-73	1.86839e-11	-3.28760e-73	3.77022e-10
-5.21920e-28	1.16853e-45	9.18988e-30	-1.96490e-47	-1.12241e-29	3.33526e-46	-9.77978e-26	-1.67326e-46	-2.46247e-30	-6.96779e-46	-2.65071e-25	-8.93699e-47	-3.01901e-25	-5.47054e-47	6.60008e-31	-2.07579e-46	-1.10865e-24	2.39534e-47	-1.05678e-24	-1.55712e-47	-1.77560e-31	-5.90877e-47	-3.96988e-24	-6.44366e-48	-4.03074e-24	-4.29646e-48	5.02306e-32	-1.71955e-47	-1.44491e-23	1.82127e-48	-1.39295e-23	-1.32657e-48	-1.34596e-32	-5.02338e-48	-5.23419e-23	-4.88018e-49	-4.90714e-23	-3.77353e-49	3.60767e-33	-1.42568e-48	-1.85184e-22	1.30807e-49	-1.74023e-22	-1.06659e-49	-9.71137e-34	-4.04962e-49	-6.54939e-22	-3.52091e-50	-6.71804e-22	-2.92891e-50	2.76874e-34	-1.18308e-49	-2.39163e-21	1.00294e-50	-2.31568e-21	-9.16537e-51	-7.41903e-35	-3.47219e-50	-8.69535e-21	-2.68744e-51	-8.15552e-21	-2.60871e-51	1.98870e-35	-9.85698e-51	-3.07743e-20	7.20376e-52	-2.89465e-20	-7.37037e-52	-5.35775e-36	-2.80118e-51	-1.08877e-19	-1.94062e-52	-1.13458e-19	-2.01080e-52	1.54399e-36	-8.23026e-52	-3.99968e-19	5.58742e-53	-3.89694e-19	-6.41373e-53	-4.13886e-37	-2.43122e-52	-1.46183e-18	-1.49719e-53	-1.37191e-18	-1.82704e-53	1.11555e-37	-6.90442e-53	-5.17617e-18	4.01360e-54	-4.87512e-18	-5.15878e-54	-3.23337e-38	-1.96342e-53	-1.83219e-17	-1.08248e-54	-1.95116e-17	-1.39392e-54	1.77796e-38	-5.81552e-54	-6.78684e-17	3.16309e-55	-6.67056e-17	-4.56994e-55	-3.94956e-38	-1.73376e-54	-2.49871e-16	-8.47582e-56	-2.34705e-16	-1.30333e-55	1.40203e-37	-4.92630e-55	-8.85379e-16	2.27242e-56	-8.35383e-16	-3.67695e-56	-5.21315e-37	-1.40218e-55	-3.13604e-15	-6.13851e-57	-3.43814e-15	-9.79428e-57	1.94506e-36	-4.20033e-56	-1.17487e-14	1.82985e-57	-1.16867e-14	-3.33931e-57	-8.20641e-36	-1.26835e-56	-4.36907e-14	-4.90333e-58	-4.10883e-14	-9.53888e-58	3.08806e-35	-3.60648e-57	-1.54960e-13	1.31482e-58	-1.46572e-13	-2.68791e-58	-1.15316e-34	-1.02783e-57	-5.49383e-13	-3.55952e-59	-6.26051e-13	-7.00504e-59	4.30383e-34	-3.12856e-58	-2.09001e-12	1.08987e-59	-2.11370e-12	-2.52819e-59	-1.88267e-33	-9.61806e-59	-7.88018e-12	-2.92051e-60	-7.42336e-12	-7.23786e-60	7.10030e-33	-2.73760e-59	-2.79869e-11	7.83308e-61	-2.65658e-11	-2.03591e-60	-2.65185e-32	-7.81674e-60	-9.93543e-11	-2.12726e-61	-1.19377e-10	-5.11630e-61	9.89738e-32	-2.43694e-60	-3.86229e-10	6.75942e-62	-4.00076e-10	-2.01730e-61	-4.57264e-31	-7.69232e-61	-1.48543e-09	-1.81136e-62	-1.40289e-09	-5.79342e-62	1.73008e-30	-2.19275e-61	-5.28625e-09	4.86007e-63	-5.04715e-09	-1.62443e-62	-6.46306e-30	-6.28161e-62	-1.88074e-08	-1.32671e-63	-2.45242e-08	-3.78087e-63	2.41222e-29	-2.04389e-62	-7.56952e-08	4.46789e-64	-8.16694e-08	-1.76407e-63	-1.23009e-28	-6.75201e-63	-3.01040e-07	-1.19722e-64	-2.85321e-07	-5.09626e-64	4.67914e-28	-1.92817e-63	-1.07481e-06	3.21001e-65	-1.01741e-06	-1.43423e-64	-1.74865e-27	-5.50638e-64	-3.81276e-06	-8.67807e-66	-4.35484e-06	-3.64266e-65	6.52668e-27	-1.71131e-64	-1.45186e-05	2.61219e-66	-1.43109e-05	-1.32040e-65	-2.78696e-26	-5.26073e-65	-5.60007e-05	-6.99694e-67	-4.42960e-05	-3.83106e-66	1.04952e-25	-1.47739e-65	-1.90716e-04	1.86585e-67	2.41406e-04	-1.24272e-66	-3.91937e-25	-3.53021e-66	-9.46883e-05	-4.66480e-68	-1.48472e-07	-1.20696e-69	1.46280e-24	-1.88591e-72	2.97343e-10	6.35917e-72
1.16287e-45	-5.23285e-28	-8.96921e-46	1.12238e-29	2.74900e-47	-1.67705e-30	-1.67409e-46	-9.77976e-26	2.40334e-46	2.65072e-25	6.96894e-46	4.49715e-31	-5.47066e-47	-3.01901e-25	-6.44160e-47	1.10865e-24	2.07580e-46	-1.21808e-31	-1.55712e-47	-1.05678e-24	1.73296e-47	3.96988e-24	5.90877e-47	3.75165e-32	-4.29646e-48	-4.03074e-24	-4.90244e-48	1.44491e-23	1.71955e-47	-2.82580e-32	-1.32657e-48	-1.39295e-23	1.31364e-48	5.23419e-23	5.02338e-48	7.79127e-32	-3.77353e-49	-4.90714e-23	-3.52104e-49	1.85184e-22	1.42568e-48	-2.83393e-31	-1.06659e-49	-1.74023e-22	9.47817e-50	6.54939e-22	4.04962e-49	1.05566e-30	-2.92891e-50	-6.71804e-22	-2.70226e-50	2.39163e-21	1.18308e-49	-3.93924e-30	-9.16537e-51	-2.31568e-21	7.24088e-51	8.69535e-21	3.47219e-50	1.57015e-29	-2.60871e-51	-8.15552e-21	-1.94095e-51	3.07743e-20	9.85698e-51	-5.88669e-29	-7.37037e-52	-2.89465e-20	5.22909e-52	1.08877e-19	2.80118e-51	2.19766e-28	-2.01080e-52	-1.13458e-19	-1.50687e-52	3.99968e-19	8.23026e-52	-8.20197e-28	-6.41373e-53	-3.89694e-19	4.03779e-53	1.46183e-18	2.43122e-52	3.31062e-27	-1.82704e-53	-1.37191e-18	-1.08244e-53	5.17617e-18	6.90442e-53	-1.24223e-26	-5.15878e-54	-4.87512e-18	2.91956e-54	1.83219e-17	1.96342e-53	4.63785e-26	-1.39392e-54	-1.95116e-17	-8.53861e-55	6.78684e-17	5.81552e-54	-1.73092e-25	-4.56994e-55	-6.67056e-17	2.28801e-55	2.49871e-16	1.73376e-54	7.11298e-25	-1.30333e-55	-2.34705e-16	-6.13432e-56	8.85379e-16	4.92630e-55	-2.67210e-24	-3.67695e-56	-8.35383e-16	1.65718e-56	3.13604e-15	1.40218e-55	9.97710e-24	-9.79428e-57	-3.43814e-15	-4.94412e-57	1.17487e-14	4.20033e-56	-3.72363e-23	-3.33931e-57	-1.16867e-14	1.32484e-57	4.36907e-14	1.26835e-56	1.56936e-22	-9.53888e-58	-4.10883e-14	-3.55256e-58	1.54960e-13	3.60648e-57	-5.90507e-22	-2.68791e-58	-1.46572e-13	9.61822e-59	5.49383e-13	1.02783e-57	2.20509e-21	-7.00504e-59	-6.26051e-13	-2.94724e-59	2.09001e-12	3.12856e-58	-8.22986e-21	-2.52819e-59	-2.11370e-12	7.89766e-60	7.88018e-12	9.61806e-59	3.59617e-20	-7.23786e-60	-7.42336e-12	-2.11824e-60	2.79869e-11	2.73760e-59	-1.35617e-19	-2.03591e-60	-2.65658e-11	5.75290e-61	9.93543e-11	7.81674e-60	5.06506e-19	-5.11630e-61	-1.19377e-10	-1.82921e-61	3.86229e-10	2.43694e-60	-1.89041e-18	-2.01730e-61	-4.00076e-10	4.90184e-62	1.48543e-09	7.69232e-61	8.72474e-18	-5.79342e-62	-1.40289e-09	-1.31522e-62	5.28625e-09	2.19275e-61	-3.30086e-17	-1.62443e-62	-5.04715e-09	3.59050e-63	1.88074e-08	6.28161e-62	1.23310e-16	-3.78087e-63	-2.45242e-08	-1.20977e-63	7.56952e-08	2.04389e-62	-4.60230e-16	-1.76407e-63	-8.16694e-08	3.24171e-64	3.01040e-07	6.75201e-63	2.34467e-15	-5.09626e-64	-2.85321e-07	-8.69173e-65	1.07481e-06	1.92817e-63	-8.91845e-15	-1.43423e-64	-1.01741e-06	2.34979e-65	3.81276e-06	5.50638e-64	3.33291e-14	-3.64266e-65	-4.35484e-06	-7.07422e-66	1.45186e-05	1.71131e-64	-1.24398e-13	-1.32040e-65	-1.43109e-05	1.89488e-66	5.60007e-05	5.26074e-65	5.31081e-13	-3.83106e-66	-4.42960e-05	-5.05312e-67	1.90716e-04	1.47739e-65	-1.99992e-12	-1.24272e-66	2.41406e-04	1.26364e-67	9.46882e-05	3.53021e-66	7.46862e-12	-1.20696e-69	-1.48472e-07	-1.42406e-70	-3.00273e-10	2.18964e-72	-2.78745e-11
1.21066e-30	-1.18180e-46	-2.35953e-29	2.88487e-48	2.98688e-32	-1.04645e-48	-1.74428e-31	1.70237e-47	1.13109e-26	7.08639e-47	7.26079e-31	2.80402e-49	-5.69964e-32	5.56277e-48	-4.52201e-26	2.11075e-47	2.16268e-31	-7.51548e-50	-1.62229e-32	1.58333e-48	1.69569e-25	6.00824e-48	6.15607e-32	2.02173e-50	-4.47628e-33	4.36879e-49	-6.33057e-25	1.74850e-48	1.79152e-32	-5.71430e-51	-1.38209e-33	1.34890e-49	2.50351e-24	5.10795e-49	5.23362e-33	1.53118e-51	-3.93146e-34	3.83705e-50	-9.38097e-24	1.44968e-49	1.48534e-33	-4.10412e-52	-1.11123e-34	1.08455e-50	3.50204e-23	4.11779e-50	4.21911e-34	1.10470e-52	-3.05149e-35	2.97821e-51	-1.30701e-22	1.20300e-50	1.23260e-34	-3.14676e-53	-9.54895e-36	9.31966e-52	5.21501e-22	3.53064e-51	3.61751e-35	8.43196e-54	-2.71787e-36	2.65263e-52	-1.95530e-21	1.00229e-51	1.02696e-35	-2.26021e-54	-7.67788e-37	7.49445e-53	7.29971e-21	2.84834e-52	2.91878e-36	6.08879e-55	-2.09119e-37	2.04465e-53	-2.72435e-20	8.36881e-53	8.58798e-37	-1.75308e-55	-6.55286e-38	6.52170e-54	1.10080e-19	2.47214e-53	2.58147e-37	4.69751e-56	-1.44833e-38	1.85780e-54	-4.13077e-19	7.02065e-54	8.91074e-38	-1.25929e-56	1.08000e-38	5.24562e-55	1.54223e-18	1.99647e-54	8.12443e-38	3.39632e-57	6.32835e-38	1.41739e-55	-5.75584e-18	5.91342e-55	2.31233e-37	-9.92432e-58	2.20840e-37	4.64688e-56	2.36784e-17	1.76295e-55	8.30831e-37	2.65933e-58	7.78571e-37	1.32527e-56	-8.89576e-17	5.00923e-56	2.93803e-36	-7.12981e-59	2.77160e-36	3.73885e-57	3.32152e-16	1.42578e-56	1.04049e-35	1.92598e-59	1.14071e-35	9.95916e-58	-1.23965e-15	4.27104e-57	3.89798e-35	-5.74124e-60	3.87743e-35	3.39552e-58	5.23034e-15	1.28970e-57	1.44957e-34	1.53844e-60	1.36323e-34	9.69946e-59	-1.96817e-14	3.66719e-58	5.14128e-34	-4.12531e-61	4.86297e-34	2.73316e-59	7.34966e-14	1.04513e-58	1.82275e-33	1.11682e-61	2.07712e-33	7.12297e-60	-2.74304e-13	3.18122e-59	6.93426e-33	-3.41952e-62	7.01285e-33	2.57075e-60	1.19992e-12	9.77997e-60	2.61449e-32	9.16322e-63	2.46293e-32	7.35970e-61	-4.52537e-12	2.78369e-60	9.28551e-32	-2.45766e-63	8.81402e-32	2.07018e-61	1.69016e-11	7.94833e-61	3.29638e-31	6.67436e-64	3.96070e-31	5.20243e-62	-6.30809e-11	2.47796e-61	1.28143e-30	-2.12080e-64	1.32738e-30	2.05126e-62	2.91437e-10	7.82182e-62	4.92836e-30	5.68321e-65	4.65451e-30	5.89094e-63	-1.10267e-09	2.22967e-62	1.75388e-29	-1.52487e-65	1.67455e-29	1.65178e-63	4.11923e-09	6.38736e-63	6.23992e-29	4.16262e-66	8.13667e-29	3.84452e-64	-1.53743e-08	2.07829e-63	2.51142e-28	-1.40182e-66	2.70963e-28	1.79377e-64	7.83998e-08	6.86568e-64	9.98793e-28	3.75634e-67	9.46641e-28	5.18206e-65	-2.98225e-07	1.96063e-64	3.56601e-27	-1.00715e-67	3.37561e-27	1.45838e-65	1.11450e-06	5.59908e-65	1.26501e-26	2.72278e-68	1.44521e-26	3.70398e-66	-4.15978e-06	1.74012e-65	4.81748e-26	-8.19586e-69	4.77612e-26	1.34263e-66	1.77627e-05	5.34930e-66	1.86204e-25	2.19532e-69	1.66150e-25	3.89556e-67	-6.68908e-05	1.50227e-66	6.60678e-25	-5.85419e-70	5.07194e-25	1.26364e-67	2.49801e-04	3.58964e-67	2.21860e-24	1.46355e-70	-3.58907e-24	1.22728e-70	-2.81515e-07	2.23824e-73	-6.82333e-30	2.76253e-76
3.30340e-45	-1.48651e-27	-2.54791e-45	3.18837e-29	7.80916e-47	-4.76404e-30	-4.75563e-46	-2.77816e-25	6.82724e-46	7.52997e-25	1.97969e-45	1.27515e-30	-1.55407e-46	-8.57618e-25	-1.82988e-46	3.14938e-24	5.89679e-46	-3.36554e-31	-4.42334e-47	-3.00201e-24	4.92286e-47	1.12773e-23	1.67852e-46	7.10665e-32	-1.22051e-47	-1.14502e-23	-1.39265e-47	4.10459e-23	4.88477e-47	5.22880e-32	-3.76841e-48	-3.95700e-23	3.73168e-48	1.48689e-22	1.42701e-47	-3.02377e-31	-1.07196e-48	-1.39399e-22	-1.00023e-48	5.26056e-22	4.04995e-48	1.15722e-30	-3.02989e-49	-4.94351e-22	2.69249e-49	1.86050e-21	1.15039e-48	-4.32651e-30	-8.32022e-50	-1.90841e-21	-7.67637e-50	6.79396e-21	3.36082e-49	1.61488e-29	-2.60363e-50	-6.57820e-21	2.05694e-50	2.47011e-20	9.86353e-50	-6.43693e-29	-7.41064e-51	-2.31676e-20	-5.51370e-51	8.74212e-20	2.80010e-50	2.41328e-28	-2.09372e-51	-8.22290e-20	1.48544e-51	3.09290e-19	7.95740e-51	-9.00944e-28	-5.71212e-52	-3.22304e-19	-4.28061e-52	1.13620e-18	2.33799e-51	3.36245e-27	-1.82196e-52	-1.10701e-18	1.14703e-52	4.15265e-18	6.90642e-52	-1.35721e-26	-5.19012e-53	-3.89723e-18	-3.07491e-53	1.47041e-17	1.96136e-52	5.09259e-26	-1.46547e-53	-1.38489e-17	8.29367e-54	5.20474e-17	5.57753e-53	-1.90132e-25	-3.95975e-54	-5.54271e-17	-2.42559e-54	1.92795e-16	1.65203e-53	7.09600e-25	-1.29820e-54	-1.89492e-16	6.49961e-55	7.09815e-16	4.92514e-54	-2.91601e-24	-3.70241e-55	-6.66733e-16	-1.74259e-55	2.51512e-15	1.39943e-54	1.09544e-23	-1.04452e-55	-2.37310e-15	4.70761e-56	8.90864e-15	3.98321e-55	-4.09018e-23	-2.78229e-56	-9.76681e-15	-1.40449e-56	3.33747e-14	1.19320e-55	1.52653e-22	-9.48605e-57	-3.31988e-14	3.76352e-57	1.24113e-13	3.60302e-56	-6.43368e-22	-2.70973e-57	-1.16721e-13	-1.00919e-57	4.40199e-13	1.02450e-56	2.42082e-21	-7.63562e-58	-4.16371e-13	2.73227e-58	1.56065e-12	2.91979e-57	-9.03991e-21	-1.98994e-58	-1.77844e-12	-8.37230e-59	5.93715e-12	8.88737e-58	3.37388e-20	-7.18189e-59	-6.00444e-12	2.24351e-59	2.23854e-11	2.73223e-58	-1.47427e-19	-2.05608e-59	-2.10877e-11	-6.01733e-60	7.95030e-11	7.77677e-59	5.55970e-19	-5.78346e-60	-7.54661e-11	1.63424e-60	2.82238e-10	2.22052e-59	-2.07645e-18	-1.45340e-60	-3.39117e-10	-5.19630e-61	1.09717e-09	6.92268e-60	7.74984e-18	-5.73060e-61	-1.13651e-09	1.39248e-61	4.21969e-09	2.18518e-60	-3.57676e-17	-1.64575e-61	-3.98522e-09	-3.73619e-62	1.50168e-08	6.22901e-61	1.35321e-16	-4.61456e-62	-1.43376e-08	1.01996e-62	5.34265e-08	1.78443e-61	-5.05515e-16	-1.07404e-62	-6.96667e-08	-3.43662e-63	2.15029e-07	5.80612e-62	1.88674e-15	-5.01124e-63	-2.32000e-07	9.20881e-64	8.55172e-07	1.91806e-62	-9.61212e-15	-1.44771e-63	-8.10520e-07	-2.46908e-64	3.05323e-06	5.47740e-63	3.65617e-14	-4.07426e-64	-2.89020e-06	6.67510e-65	1.08310e-05	1.56421e-63	-1.36635e-13	-1.03478e-64	-1.23725e-05	-2.00959e-65	4.12456e-05	4.86137e-64	5.09978e-13	-3.75091e-65	-4.07801e-05	5.38284e-66	1.59266e-04	1.49443e-64	-2.17720e-12	-1.08830e-65	-1.34501e-04	-1.43545e-66	5.54387e-04	4.19687e-65	8.19881e-12	-3.53021e-66	9.46882e-05	3.58964e-67	1.12951e-03	1.00284e-65	-3.06180e-11	-3.42865e-69	6.49456e-07	-4.04537e-70	1.23099e-09	6.22017e-72	1.14273e-10
1.48263e-27	-3.31946e-45	-2.61059e-29	5.58175e-47	3.18845e-29	-9.47457e-46	2.77817e-25	4.75327e-46	6.99521e-30	1.97936e-45	7.52995e-25	2.53875e-46	8.57618e-25	1.55403e-46	-1.87490e-30	5.89674e-46	3.14938e-24	-6.80450e-47	3.00201e-24	4.42334e-47	5.04398e-31	1.67852e-46	1.12773e-23	1.83047e-47	1.14502e-23	1.22051e-47	-1.42691e-31	4.88477e-47	4.10459e-23	-5.17372e-48	3.95700e-23	3.76841e-48	3.82349e-32	1.42701e-47	1.48689e-22	1.38633e-48	1.39399e-22	1.07196e-48	-1.02484e-32	4.04995e-48	5.26056e-22	-3.71587e-49	4.94351e-22	3.02989e-49	2.75873e-33	1.15039e-48	1.86050e-21	1.00019e-49	1.90841e-21	8.32022e-50	-7.86524e-34	3.36082e-49	6.79396e-21	-2.84907e-50	6.57820e-21	2.60363e-50	2.10754e-34	9.86353e-50	2.47011e-20	7.63428e-51	2.31676e-20	7.41064e-51	-5.64935e-35	2.80010e-50	8.74212e-20	-2.04639e-51	8.22290e-20	2.09372e-51	1.52198e-35	7.95740e-51	3.09290e-19	5.51278e-52	3.22304e-19	5.71212e-52	-4.38575e-36	2.33799e-51	1.13620e-18	-1.58723e-52	1.10701e-18	1.82196e-52	1.17449e-36	6.90642e-52	4.15265e-18	4.25312e-53	3.89723e-18	5.19012e-53	-3.12221e-37	1.96136e-52	1.47041e-17	-1.14016e-53	1.38489e-17	1.46547e-53	7.43926e-38	5.57753e-53	5.20474e-17	3.07502e-54	5.54271e-17	3.95975e-54	1.46509e-38	1.65203e-53	1.92795e-16	-8.98546e-55	1.89492e-16	1.29820e-54	-1.55850e-37	4.92514e-54	7.09815e-16	2.40775e-55	6.66733e-16	3.70241e-55	6.08749e-37	1.39943e-54	2.51512e-15	-6.45532e-56	2.37310e-15	1.04452e-55	-2.27915e-36	3.98321e-55	8.90864e-15	1.74378e-56	9.76681e-15	2.78229e-56	8.50784e-36	1.19320e-55	3.33747e-14	-5.19810e-57	3.31988e-14	9.48605e-57	-3.58969e-35	3.60302e-56	1.24113e-13	1.39290e-57	1.16721e-13	2.70973e-57	1.35080e-34	1.02450e-56	4.40199e-13	-3.73505e-58	4.16371e-13	7.63562e-58	-5.04422e-34	2.91979e-57	1.56065e-12	1.01116e-58	1.77844e-12	1.98994e-58	1.88261e-33	8.88737e-58	5.93715e-12	-3.09603e-59	6.00444e-12	7.18189e-59	-8.23530e-33	2.73223e-58	2.23854e-11	8.29636e-60	2.10877e-11	2.05608e-59	3.10586e-32	7.77677e-59	7.95030e-11	-2.22516e-60	7.54661e-11	5.78346e-60	-1.15999e-31	2.22052e-59	2.82238e-10	6.04295e-61	3.39117e-10	1.45340e-60	4.32938e-31	6.92268e-60	1.09717e-09	-1.92017e-61	1.13651e-09	5.73060e-61	-2.00019e-30	2.18518e-60	4.21969e-09	5.14557e-62	3.98522e-09	1.64575e-61	7.56784e-30	6.22901e-61	1.50168e-08	-1.38061e-62	1.43376e-08	4.61456e-62	-2.82712e-29	1.78443e-61	5.34265e-08	3.76883e-63	6.96667e-08	1.07404e-62	1.05517e-28	5.80612e-62	2.15029e-07	-1.26920e-63	2.32000e-07	5.01124e-63	-5.38075e-28	1.91806e-62	8.55172e-07	3.40098e-64	8.10520e-07	1.44771e-63	2.04678e-27	5.47740e-63	3.05323e-06	-9.11875e-65	2.89020e-06	4.07426e-64	-7.64905e-27	1.56421e-63	1.08310e-05	2.46520e-65	1.23725e-05	1.03478e-64	2.85494e-26	4.86137e-64	4.12456e-05	-7.42052e-66	4.07801e-05	3.75091e-65	-1.21909e-25	1.49443e-64	1.59266e-04	1.98764e-66	1.34501e-04	1.08830e-65	4.59086e-25	4.19687e-65	5.54387e-04	-5.30038e-67	-9.46883e-05	3.53021e-66	-1.71443e-24	1.00284e-65	1.12951e-03	1.32514e-67	-6.49456e-07	3.42865e-69	6.39865e-24	5.35735e-72	1.21897e-09	-1.80647e-71
4.34765e-47	-2.23244e-31	-1.03882e-48	-5.30665e-35	1.27381e-48	-2.74680e-31	-6.28661e-48	3.58706e-32	2.78356e-49	1.19728e-31	2.61630e-47	4.56993e-28	-2.05357e-48	2.36862e-32	-7.46067e-50	-9.88715e-33	7.79202e-48	-1.82770e-27	-5.84498e-49	4.97090e-32	2.00712e-50	-1.64543e-31	2.21798e-48	6.85380e-27	-1.61277e-49	1.79201e-31	-5.67802e-51	-6.36232e-31	6.45469e-49	-2.55875e-26	-4.97955e-50	6.16734e-31	1.52146e-51	-2.31556e-30	1.88563e-49	1.01088e-25	-1.41647e-50	2.17184e-30	-4.07808e-52	-8.19545e-30	5.35158e-50	-3.78763e-25	-4.00367e-51	7.70178e-30	1.09776e-52	-2.89857e-29	1.52011e-50	1.41396e-24	-1.09943e-51	2.97322e-29	-3.12976e-53	-1.05847e-28	4.44096e-51	-5.27709e-24	-3.44042e-52	1.02485e-28	8.38641e-54	-3.84832e-28	1.30336e-51	2.10344e-23	-9.79236e-53	3.60941e-28	-2.24801e-54	-1.36198e-27	3.70003e-52	-7.88604e-23	-2.76663e-53	1.28109e-27	6.05634e-55	-4.81860e-27	1.05148e-52	2.94407e-22	-7.54795e-54	5.02135e-27	-1.74526e-55	-1.77015e-26	3.08940e-53	-1.09877e-21	-2.40753e-54	1.72468e-26	4.67658e-56	-6.46964e-26	9.12609e-54	4.43504e-21	-6.85818e-55	6.07171e-26	-1.25368e-56	-2.29083e-25	2.59172e-54	-1.66414e-20	-1.93646e-55	2.15759e-25	3.38144e-57	-8.10875e-25	7.37010e-55	6.21305e-20	-5.23238e-56	8.63530e-25	-9.88944e-58	-3.00367e-24	2.18298e-55	-2.31881e-19	-1.71543e-56	2.95221e-24	2.64998e-58	-1.10586e-23	6.50804e-56	9.52883e-19	-4.89233e-57	1.03874e-23	-7.10479e-59	-3.91845e-23	1.84919e-56	-3.57965e-18	-1.38022e-57	3.69718e-23	1.91935e-59	-1.38793e-22	5.26338e-57	1.33657e-17	-3.67649e-58	1.52163e-22	-5.72629e-60	-5.19963e-22	1.57668e-57	-4.98833e-17	-1.25348e-58	5.17223e-22	1.53444e-60	-1.93363e-21	4.76101e-58	2.10237e-16	-3.58062e-59	1.81845e-21	-4.11459e-61	-6.85811e-21	1.35377e-58	-7.91066e-16	-1.00896e-59	6.48687e-21	1.11398e-61	-2.43142e-20	3.85818e-59	2.95403e-15	-2.62949e-60	2.77073e-20	-3.41350e-62	-9.24982e-20	1.17437e-59	-1.10250e-14	-9.49009e-61	9.35465e-20	9.14709e-63	-3.48755e-19	3.61034e-60	4.81757e-14	-2.71688e-61	3.28537e-19	-2.45335e-63	-1.23862e-18	1.02762e-60	-1.81678e-13	-7.64221e-62	1.17573e-18	6.66302e-64	-4.39715e-18	2.93418e-61	6.78536e-13	-1.92051e-62	5.28330e-18	-2.11860e-64	-1.70934e-17	9.14757e-62	-2.53247e-12	-7.57237e-63	1.77063e-17	5.67733e-65	-6.57409e-17	2.88748e-62	1.16880e-11	-2.17468e-63	6.20880e-17	-1.52329e-65	-2.33955e-16	8.23096e-63	-4.42196e-11	-6.09765e-64	2.23373e-16	4.15853e-66	-8.32362e-16	2.35794e-63	1.65190e-10	-1.41923e-64	1.08538e-15	-1.40116e-66	-3.35006e-15	7.67216e-64	-6.16542e-10	-6.62181e-65	3.61446e-15	3.75456e-67	-1.33232e-14	2.53451e-64	3.14101e-09	-1.91299e-65	1.26275e-14	-1.00668e-67	-4.75680e-14	7.23780e-65	-1.19475e-08	-5.38370e-66	4.50284e-14	2.72153e-68	-1.68743e-13	2.06694e-65	4.46491e-08	-1.36735e-66	1.92783e-13	-8.19338e-69	-6.42621e-13	6.42377e-66	-1.66649e-07	-4.95642e-67	6.37252e-13	2.19466e-69	-2.48406e-12	1.97473e-66	7.11457e-07	-1.43807e-67	2.22664e-12	-5.85253e-70	-8.82800e-12	5.54571e-67	-2.67918e-06	-4.66480e-68	7.46862e-12	1.46355e-70	-3.06180e-11	1.32514e-67	1.00053e-05	-4.53059e-71	5.01707e-14	-1.64935e-73	-6.97741e-11	8.21928e-74	-1.40797e-09
-5.06904e-31	1.13491e-48	8.92549e-33	-1.90837e-50	-1.09011e-32	3.23931e-49	-9.49841e-29	-1.62512e-49	-2.39163e-33	-6.76733e-49	-2.57445e-28	-8.67987e-50	-2.93215e-28	-5.31315e-50	6.41020e-34	-2.01606e-49	-1.07676e-27	2.32642e-50	-1.02637e-27	-1.51232e-50	-1.72451e-34	-5.73877e-50	-3.85566e-27	-6.25828e-51	-3.91478e-27	-4.17285e-51	4.87854e-35	-1.67008e-50	-1.40334e-26	1.76887e-51	-1.35288e-26	-1.28840e-51	-1.30723e-35	-4.87886e-51	-5.08360e-26	-4.73978e-52	-4.76596e-26	-3.66496e-52	3.50388e-36	-1.38466e-51	-1.79856e-25	1.27044e-52	-1.69016e-25	-1.03590e-52	-9.43197e-37	-3.93311e-52	-6.36096e-25	-3.41961e-53	-6.52476e-25	-2.84464e-53	2.68907e-37	-1.14905e-52	-2.32282e-24	9.74084e-54	-2.24905e-24	-8.90168e-54	-7.20501e-38	-3.37229e-53	-8.44518e-24	-2.61012e-54	-7.92088e-24	-2.53366e-54	1.92932e-38	-9.57339e-54	-2.98889e-23	6.99650e-55	-2.81137e-23	-7.15832e-55	-5.12255e-39	-2.72059e-54	-1.05745e-22	-1.88479e-55	-1.10194e-22	-1.95294e-55	1.19705e-39	-7.99347e-55	-3.88461e-22	5.42666e-56	-3.78483e-22	-6.22920e-56	8.20382e-40	-2.36127e-55	-1.41977e-21	-1.45412e-56	-1.33244e-21	-1.77447e-56	-4.47858e-39	-6.70578e-56	-5.02725e-21	3.89813e-57	-4.73486e-21	-5.01036e-57	1.70939e-38	-1.90693e-56	-1.77947e-20	-1.05134e-57	-1.89502e-20	-1.35382e-57	-6.38971e-38	-5.64820e-57	-6.59158e-20	3.07208e-58	-6.47864e-20	-4.43847e-58	2.62893e-37	-1.68388e-57	-2.42682e-19	-8.23197e-59	-2.27953e-19	-1.26583e-58	-9.87673e-37	-4.78457e-58	-8.59907e-19	2.20704e-59	-8.11349e-19	-3.57116e-59	3.68780e-36	-1.36184e-58	-3.04582e-18	-5.96190e-60	-3.33922e-18	-9.51250e-60	-1.37635e-35	-4.07948e-59	-1.14106e-17	1.77721e-60	-1.13505e-17	-3.24323e-60	5.80712e-35	-1.23186e-59	-4.24337e-17	-4.76226e-61	-3.99062e-17	-9.26445e-61	-2.18521e-34	-3.50272e-60	-1.50502e-16	1.27699e-61	-1.42355e-16	-2.61058e-61	8.16014e-34	-9.98260e-61	-5.33577e-16	-3.45711e-62	-6.08040e-16	-6.80351e-62	-3.04554e-33	-3.03855e-61	-2.02988e-15	1.05852e-62	-2.05289e-15	-2.45545e-62	1.33224e-32	-9.34134e-62	-7.65346e-15	-2.83648e-63	-7.20979e-15	-7.02962e-63	-5.02441e-32	-2.65884e-62	-2.71817e-14	7.60772e-64	-2.58015e-14	-1.97733e-63	1.87654e-31	-7.59185e-63	-9.64958e-14	-2.06605e-64	-1.15942e-13	-4.96910e-64	-7.00372e-31	-2.36683e-63	-3.75117e-13	6.56495e-65	-3.88566e-13	-1.95926e-64	3.23575e-30	-7.47101e-64	-1.44269e-12	-1.75924e-65	-1.36253e-12	-5.62674e-65	-1.22426e-29	-2.12967e-64	-5.13417e-12	4.72024e-66	-4.90194e-12	-1.57770e-65	4.57348e-29	-6.10089e-65	-1.82663e-11	-1.28854e-66	-2.38187e-11	-3.67209e-66	-1.70697e-28	-1.98508e-65	-7.35174e-11	4.33935e-67	-7.93197e-11	-1.71332e-66	8.70454e-28	-6.55775e-66	-2.92379e-10	-1.16278e-67	-2.77113e-10	-4.94964e-67	-3.31112e-27	-1.87270e-66	-1.04389e-09	3.11765e-68	-9.88151e-10	-1.39297e-67	1.23740e-26	-5.34796e-67	-3.70309e-09	-8.42840e-69	-4.23059e-09	-3.53786e-68	-4.61850e-26	-1.66208e-67	-1.41023e-08	2.53704e-69	-1.39813e-08	-1.28242e-68	1.97214e-25	-5.10938e-68	-5.45081e-08	-6.79564e-70	-4.86376e-08	-3.72084e-69	-7.42672e-25	-1.43489e-68	-1.93402e-07	1.81217e-70	-1.48472e-07	-1.20696e-69	2.77348e-24	-3.42865e-69	-6.49456e-07	-4.53059e-71	1.05064e-06	-1.17224e-72	-1.03512e-23	-1.83165e-75	1.99741e-12	6.17622e-75
1.12942e-48	-5.08230e-31	-8.71116e-49	1.09009e-32	2.66991e-50	-1.62880e-33	-1.62593e-49	-9.49839e-29	2.33420e-49	2.57446e-28	6.76845e-49	4.38737e-34	-5.31327e-50	-2.93215e-28	-6.25627e-50	1.07676e-27	2.01608e-49	-1.26143e-34	-1.51232e-50	-1.02637e-27	1.68310e-50	3.85566e-27	5.73878e-50	6.58361e-35	-4.17285e-51	-3.91478e-27	-4.76139e-51	1.40334e-26	1.67008e-50	-1.37201e-34	-1.28840e-51	-1.35288e-26	1.27584e-51	5.08360e-26	4.87886e-51	5.09281e-34	-3.66496e-52	-4.76596e-26	-3.41974e-52	1.79856e-25	1.38466e-51	-1.89992e-33	-1.03590e-52	-1.69016e-25	9.20549e-53	6.36096e-25	3.93311e-52	7.09041e-33	-2.84464e-53	-6.52476e-25	-2.62451e-53	2.32282e-24	1.14905e-52	-2.64617e-32	-8.90168e-54	-2.24905e-24	7.03256e-54	8.44518e-24	3.37229e-53	1.05476e-31	-2.53366e-54	-7.92088e-24	-1.88511e-54	2.98889e-23	9.57339e-54	-3.95441e-31	-7.15832e-55	-2.81137e-23	5.07864e-55	1.05745e-22	2.72059e-54	1.47629e-30	-1.95294e-55	-1.10194e-22	-1.46352e-55	3.88461e-22	7.99347e-55	-5.50971e-30	-6.22920e-56	-3.78483e-22	3.92162e-56	1.41977e-21	2.36127e-55	2.22392e-29	-1.77447e-56	-1.33244e-21	-1.05130e-56	5.02725e-21	6.70578e-56	-8.34472e-29	-5.01036e-57	-4.73486e-21	2.83556e-57	1.77947e-20	1.90693e-56	3.11549e-28	-1.35382e-57	-1.89502e-20	-8.29295e-58	6.59158e-20	5.64820e-57	-1.16275e-27	-4.43847e-58	-6.47864e-20	2.22218e-58	2.42682e-19	1.68388e-57	4.77817e-27	-1.26583e-58	-2.27953e-19	-5.95784e-59	8.59907e-19	4.78457e-58	-1.79499e-26	-3.57116e-59	-8.11349e-19	1.60951e-59	3.04582e-18	1.36184e-58	6.70216e-26	-9.51250e-60	-3.33922e-18	-4.80187e-60	1.14106e-17	4.07948e-59	-2.50137e-25	-3.24323e-60	-1.13505e-17	1.28673e-60	4.24337e-17	1.23186e-59	1.05422e-24	-9.26445e-61	-3.99062e-17	-3.45036e-61	1.50502e-16	3.50272e-60	-3.96675e-24	-2.61058e-61	-1.42355e-16	9.34150e-62	5.33577e-16	9.98260e-61	1.48128e-23	-6.80351e-62	-6.08040e-16	-2.86245e-62	2.02988e-15	3.03855e-61	-5.52844e-23	-2.45545e-62	-2.05289e-15	7.67044e-63	7.65346e-15	9.34134e-62	2.41574e-22	-7.02962e-63	-7.20979e-15	-2.05729e-63	2.71817e-14	2.65884e-62	-9.11012e-22	-1.97733e-63	-2.58015e-14	5.58738e-64	9.64958e-14	7.59185e-63	3.40248e-21	-4.96911e-64	-1.15942e-13	-1.77659e-64	3.75117e-13	2.36683e-63	-1.26989e-20	-1.95926e-64	-3.88566e-13	4.76081e-65	1.44269e-12	7.47101e-64	5.86088e-20	-5.62674e-65	-1.36253e-12	-1.27738e-65	5.13417e-12	2.12967e-64	-2.21736e-19	-1.57770e-65	-4.90194e-12	3.48720e-66	1.82663e-11	6.10089e-65	8.28337e-19	-3.67210e-66	-2.38187e-11	-1.17496e-66	7.35174e-11	1.98508e-65	-3.09161e-18	-1.71332e-66	-7.93197e-11	3.14845e-67	2.92379e-10	6.55775e-66	1.57504e-17	-4.94964e-67	-2.77113e-10	-8.44166e-68	1.04389e-09	1.87270e-66	-5.99101e-17	-1.39297e-67	-9.88151e-10	2.28218e-68	3.70309e-09	5.34796e-67	2.23890e-16	-3.53786e-68	-4.23059e-09	-6.87069e-69	1.41023e-08	1.66208e-67	-8.35650e-16	-1.28242e-68	-1.39813e-08	1.84037e-69	5.45081e-08	5.10938e-68	3.56756e-15	-3.72084e-69	-4.86376e-08	-4.90774e-70	1.93402e-07	1.43489e-68	-1.34346e-14	-1.20696e-69	-1.48472e-07	1.22728e-70	6.49456e-07	3.42865e-69	5.01707e-14	-1.17224e-72	1.05064e-06	-1.38309e-73	-2.01709e-12	2.12664e-75	-1.87248e-13
-1.36436e-33	1.33184e-49	2.65909e-32	-3.25113e-51	-3.36609e-35	1.17931e-51	1.96573e-34	-1.91849e-50	-1.27469e-29	-7.98606e-50	-8.18260e-34	-3.16001e-52	6.42325e-35	-6.26901e-51	5.09611e-29	-2.37872e-50	-2.43725e-34	8.46963e-53	1.82825e-35	-1.78435e-51	-1.91097e-28	-6.77103e-51	-6.93763e-35	-2.27840e-53	5.04457e-36	-4.92344e-52	7.13429e-28	-1.97048e-51	-2.01896e-35	6.43978e-54	1.55755e-36	-1.52015e-52	-2.82135e-27	-5.75644e-52	-5.89807e-36	-1.72557e-54	4.43058e-37	-4.32420e-53	1.05720e-26	-1.63372e-52	-1.67392e-36	4.62517e-55	1.25229e-37	-1.22224e-53	-3.94665e-26	-4.64058e-53	-4.75483e-37	-1.24495e-55	3.43806e-38	-3.35632e-54	1.47294e-25	-1.35573e-53	-1.38938e-37	3.54627e-56	1.07326e-38	-1.05029e-54	-5.87709e-25	-3.97888e-54	-4.08754e-38	-9.50246e-57	2.96196e-39	-2.98940e-55	2.20354e-24	-1.12954e-54	-1.19544e-38	2.54716e-57	5.06934e-40	-8.44592e-56	-8.22646e-24	-3.20996e-55	-4.63714e-39	-6.86181e-58	-1.16884e-39	-2.30423e-56	3.07023e-23	-9.43129e-56	-5.91906e-39	1.97564e-58	-4.75020e-39	-7.34968e-57	-1.24056e-22	-2.78600e-56	-1.83869e-38	-5.29389e-59	-1.69667e-38	-2.09366e-57	4.65520e-22	-7.91197e-57	-6.41766e-38	1.41916e-59	-6.03615e-38	-5.91159e-58	-1.73803e-21	-2.24993e-57	-2.26899e-37	-3.82751e-60	-2.41607e-37	-1.59733e-58	6.48658e-21	-6.66417e-58	-8.40407e-37	1.11843e-60	-8.26001e-37	-5.23683e-59	-2.66845e-20	-1.98677e-58	-3.09411e-36	-2.99695e-61	-2.90631e-36	-1.49353e-59	1.00251e-19	-5.64519e-59	-1.09635e-35	8.03499e-62	-1.03444e-35	-4.21352e-60	-3.74321e-19	-1.60680e-59	-3.88330e-35	-2.17050e-62	-4.25738e-35	-1.12235e-60	1.39703e-18	-4.81328e-60	-1.45481e-34	6.47013e-63	-1.44714e-34	-3.82661e-61	-5.89437e-18	-1.45343e-60	-5.41014e-34	-1.73376e-63	-5.08788e-34	-1.09309e-61	2.21805e-17	-4.13277e-61	-1.91884e-33	4.64905e-64	-1.81497e-33	-3.08015e-62	-8.28275e-17	-1.17782e-61	-6.80290e-33	-1.25860e-64	-7.75227e-33	-8.02728e-63	3.09129e-16	-3.58510e-62	-2.58802e-32	3.85366e-65	-2.61735e-32	-2.89712e-63	-1.35226e-15	-1.10216e-62	-9.75787e-32	-1.03266e-65	-9.19220e-32	-8.29407e-64	5.09990e-15	-3.13710e-63	-3.46556e-31	2.76968e-66	-3.28959e-31	-2.33301e-64	-1.90474e-14	-8.95743e-64	-1.23028e-30	-7.52172e-67	-1.47822e-30	-5.86292e-65	7.10895e-14	-2.79256e-64	-4.78260e-30	2.39005e-67	-4.95406e-30	-2.31168e-65	-3.28437e-13	-8.81485e-65	-1.83937e-29	-6.40473e-68	-1.73717e-29	-6.63884e-66	1.24266e-12	-2.51274e-65	-6.54586e-29	1.71846e-68	-6.24978e-29	-1.86148e-66	-4.64220e-12	-7.19828e-66	-2.32888e-28	-4.69110e-69	-3.03679e-28	-4.33261e-67	1.73261e-11	-2.34215e-66	-9.37318e-28	1.57979e-69	-1.01130e-27	-2.02150e-67	-8.83533e-11	-7.73732e-67	-3.72772e-27	-4.23323e-70	-3.53308e-27	-5.83996e-68	3.36087e-10	-2.20955e-67	-1.33091e-26	1.13502e-70	-1.25985e-26	-1.64353e-68	-1.25599e-09	-6.30992e-68	-4.72130e-26	-3.06846e-71	-5.39384e-26	-4.17423e-69	4.68789e-09	-1.96104e-68	-1.79799e-25	9.23638e-72	-1.78256e-25	-1.51309e-69	-2.00178e-08	-6.02843e-69	-6.94956e-25	-2.47403e-72	-6.20110e-25	-4.39013e-70	7.53831e-08	-1.69299e-69	-2.46580e-24	6.59742e-73	-1.89296e-24	-1.42406e-70	-2.81515e-07	-4.04537e-70	-8.28031e-24	-1.64935e-73	1.33952e-23	-1.38309e-73	1.05068e-06	-2.52240e-76	2.54662e-29	-3.11325e-79
1.76596e-51	-9.29547e-34	-1.58869e-51	1.99714e-35	4.00310e-53	-1.06850e-36	-2.54037e-52	-1.74016e-31	4.25696e-52	4.71654e-31	1.05756e-51	-3.18615e-33	-8.30209e-53	-5.37186e-31	-1.14098e-52	1.97268e-30	3.15017e-52	1.27457e-32	-2.36303e-53	-1.88037e-30	3.06954e-53	7.06378e-30	8.96698e-53	-4.77965e-32	-6.52018e-54	-7.17208e-30	-8.68353e-54	2.57099e-29	2.60954e-53	1.78441e-31	-2.01316e-54	-2.47855e-29	2.32680e-54	9.31343e-29	7.62334e-54	-7.04959e-31	-5.72660e-55	-8.73150e-29	-6.23671e-55	3.29506e-28	2.16356e-54	2.64140e-30	-1.61862e-55	-3.09646e-28	1.67884e-55	1.16536e-27	6.14559e-55	-9.86062e-30	-4.44482e-56	-1.19537e-27	-4.78642e-56	4.25553e-27	1.79541e-55	3.68011e-29	-1.39091e-56	-4.12038e-27	1.28255e-56	1.54720e-26	5.26929e-56	-1.46688e-28	-3.95891e-57	-1.45115e-26	-3.43794e-57	5.47580e-26	1.49587e-56	5.49952e-28	-1.11851e-57	-5.15058e-26	9.26211e-58	1.93730e-25	4.25099e-57	-2.05312e-27	-3.05152e-58	-2.01881e-25	-2.66908e-58	7.11681e-25	1.24900e-57	7.66253e-27	-9.73328e-59	-6.93400e-25	7.15201e-59	2.60109e-24	3.68954e-58	-3.09288e-26	-2.77266e-59	-2.44111e-24	-1.91729e-59	9.21020e-24	1.04779e-58	1.16053e-25	-7.82881e-60	-8.67451e-24	5.17132e-60	3.26009e-23	2.97962e-59	-4.33282e-25	-2.11537e-60	-3.47179e-23	-1.51242e-60	1.20761e-22	8.82545e-60	1.61708e-24	-6.93521e-61	-1.18692e-22	4.05268e-61	4.44607e-22	2.63110e-60	-6.64516e-24	-1.97790e-61	-4.17621e-22	-1.08655e-61	1.57540e-21	7.47600e-61	2.49636e-23	-5.58003e-62	-1.48644e-21	2.93532e-62	5.58010e-21	2.12791e-61	-9.32091e-23	-1.48635e-62	-6.11764e-21	-8.75736e-63	2.09049e-20	6.37429e-62	3.47873e-22	-5.06763e-63	-2.07947e-20	2.34665e-63	7.77409e-20	1.92480e-62	-1.46614e-21	-1.44759e-63	-7.31102e-20	-6.29254e-64	2.75728e-19	5.47308e-63	5.51669e-21	-4.07909e-64	-2.60802e-19	1.70364e-64	9.77542e-19	1.55981e-63	-2.06006e-20	-1.06306e-64	-1.11396e-18	-5.22035e-65	3.71885e-18	4.74780e-64	7.68858e-20	-3.83670e-65	-3.76100e-18	1.39889e-65	1.40216e-17	1.45961e-64	-3.35965e-19	-1.09840e-65	-1.32087e-17	-3.75196e-66	4.97983e-17	4.15450e-65	1.26697e-18	-3.08963e-66	-4.72697e-17	1.01899e-66	1.76785e-16	1.18625e-65	-4.73193e-18	-7.76435e-67	-2.12413e-16	-3.24003e-67	6.87235e-16	3.69823e-66	1.76608e-17	-3.06140e-67	-7.11873e-16	8.68247e-68	2.64308e-15	1.16736e-66	-8.15092e-17	-8.79192e-68	-2.49622e-15	-2.32961e-68	9.40607e-15	3.32766e-67	3.08376e-16	-2.46519e-68	-8.98062e-15	6.35974e-69	3.34648e-14	9.53279e-68	-1.15200e-15	-5.73774e-69	-4.36371e-14	-2.14282e-69	1.34688e-13	3.10174e-68	4.29960e-15	-2.67710e-69	-1.45318e-13	5.74194e-70	5.35654e-13	1.02467e-68	-2.19046e-14	-7.73394e-70	-5.07685e-13	-1.53954e-70	1.91245e-12	2.92613e-69	8.33189e-14	-2.17655e-70	-1.81035e-12	4.16210e-71	6.78426e-12	8.35632e-70	-3.11371e-13	-5.52800e-71	-7.75075e-12	-1.25303e-71	2.58363e-11	2.59704e-70	1.16217e-12	-2.00381e-71	-2.56205e-11	3.35635e-72	9.98704e-11	7.98353e-71	-4.96152e-12	-5.81391e-72	-8.95211e-11	-8.95042e-73	3.54926e-10	2.24205e-71	1.86839e-11	-1.88591e-72	-3.00273e-10	2.23824e-73	1.23099e-09	5.35735e-72	-6.97741e-11	-1.83165e-75	-2.01709e-12	-2.52240e-76	2.80524e-09	3.32293e-78	2.60412e-10
9.19614e-34	-2.05892e-51	-1.61924e-35	3.46212e-53	1.97766e-35	-5.87667e-52	1.72318e-31	2.94825e-52	4.33883e-36	1.22771e-51	4.67051e-31	1.57468e-52	5.31944e-31	9.63900e-53	-1.16292e-36	3.65750e-52	1.95343e-30	-4.22054e-53	1.86202e-30	2.74361e-53	3.12857e-37	1.04111e-52	6.99485e-30	1.13536e-53	7.10210e-30	7.57029e-54	-8.85053e-38	3.02981e-53	2.54590e-29	-3.20904e-54	2.45436e-29	2.33739e-54	2.37155e-38	8.85111e-54	9.22255e-29	8.59880e-55	8.64630e-29	6.64889e-55	-6.35666e-39	2.51201e-54	3.26290e-28	-2.30479e-55	3.06625e-28	1.87931e-55	1.71113e-39	7.13536e-55	1.15399e-27	6.20377e-56	1.18371e-27	5.16068e-56	-4.87847e-40	2.08457e-55	4.21401e-27	-1.76716e-56	4.08018e-27	1.61492e-56	1.30722e-40	6.11793e-56	1.53210e-26	4.73522e-57	1.43699e-26	4.59651e-57	-3.50406e-41	1.73678e-56	5.42237e-26	-1.26929e-57	5.10032e-26	1.29865e-57	9.44040e-42	4.93563e-57	1.91839e-25	3.41935e-58	1.99911e-25	3.54298e-58	-2.72098e-42	1.45016e-57	7.04737e-25	-9.84492e-59	6.86634e-25	1.13009e-58	7.31280e-43	4.28376e-58	2.57571e-24	2.63803e-59	2.41729e-24	3.21921e-59	-2.04135e-43	1.21655e-58	9.12032e-24	-7.07190e-60	8.58986e-24	9.08967e-60	8.52609e-44	3.45950e-59	3.22828e-23	1.90731e-60	3.43791e-23	2.45606e-60	-1.36909e-43	1.02468e-59	1.19583e-22	-5.57330e-61	1.17534e-22	8.05216e-61	5.03931e-43	3.05486e-60	4.40268e-22	1.49342e-61	4.13546e-22	2.29645e-61	-1.87882e-42	8.68004e-61	1.56002e-21	-4.00396e-62	1.47193e-21	6.47872e-62	7.01133e-42	2.47061e-61	5.52565e-21	1.08159e-62	6.05794e-21	1.72573e-62	-2.61665e-41	7.40090e-62	2.07009e-20	-3.22416e-63	2.05918e-20	5.88380e-63	1.10402e-40	2.23480e-62	7.69823e-20	8.63958e-64	7.23968e-20	1.68073e-63	-4.15440e-40	6.35455e-63	2.73037e-19	-2.31669e-64	2.58257e-19	4.73605e-64	1.55136e-39	1.81102e-63	9.68003e-19	6.27181e-65	1.10309e-18	1.23428e-64	-5.78999e-39	5.51246e-64	3.68256e-18	-1.92034e-65	3.72430e-18	4.45462e-65	2.53278e-38	1.69468e-64	1.38847e-17	5.14588e-66	1.30798e-17	1.27530e-65	-9.55211e-38	4.82360e-65	4.93124e-17	-1.38018e-66	4.68084e-17	3.58723e-66	3.56757e-37	1.37730e-65	1.75060e-16	3.74819e-67	2.10340e-16	9.01483e-67	-1.33151e-36	4.29384e-66	6.80529e-16	-1.19100e-67	7.04927e-16	3.55445e-67	6.15162e-36	1.35537e-66	2.61729e-15	3.19158e-68	2.47186e-15	1.02079e-67	-2.32750e-35	3.86359e-67	9.31428e-15	-8.56335e-69	8.89299e-15	2.86222e-68	8.69483e-35	1.10681e-67	3.31382e-14	2.33765e-69	4.32113e-14	6.66183e-69	-3.24518e-34	3.60129e-68	1.33373e-13	-7.87234e-70	1.43900e-13	3.10826e-69	1.65486e-33	1.18969e-68	5.30427e-13	2.10948e-70	5.02731e-13	8.97952e-70	-6.29491e-33	3.39740e-69	1.89379e-12	-5.65597e-71	1.79268e-12	2.52709e-70	2.35248e-32	9.70215e-70	6.71806e-12	1.52906e-71	7.67512e-12	6.41831e-71	-8.78042e-32	3.01530e-70	2.55842e-11	-4.60263e-72	2.53705e-11	2.32653e-71	3.74932e-31	9.26932e-71	9.88959e-11	1.23285e-72	8.86476e-11	6.75026e-72	-1.41193e-30	2.60314e-71	3.51463e-10	-3.28760e-73	2.97343e-10	2.18964e-72	5.27277e-30	6.22017e-72	1.21897e-09	8.21928e-74	1.99741e-12	2.12664e-75	-1.96791e-29	3.32293e-78	2.77786e-09	-1.12047e-77
-5.92606e-51	-5.50164e-35	-1.96083e-54	1.86132e-36	-1.74713e-52	3.83768e-35	8.57018e-52	-1.61584e-32	5.25413e-55	4.37656e-32	-3.56662e-51	-6.43093e-32	2.79948e-52	-4.98688e-32	-1.40825e-55	1.83120e-31	-1.06223e-51	2.57199e-31	7.96803e-53	-1.74557e-31	3.78855e-56	6.55735e-31	-3.02362e-52	-9.64486e-31	2.19857e-53	-6.65790e-31	-1.07176e-56	2.38667e-30	-8.79921e-53	3.60074e-30	6.78825e-54	-2.30085e-30	2.87184e-57	8.64573e-30	-2.57055e-53	-1.42253e-29	1.93098e-54	-8.10552e-30	-7.69762e-58	3.05883e-29	-7.29541e-54	5.33006e-29	5.45791e-55	-2.87447e-29	2.07209e-58	1.08181e-28	-2.07226e-54	-1.98977e-28	1.49877e-55	-1.10967e-28	-5.90761e-59	3.95044e-28	-6.05403e-55	7.42608e-28	4.69007e-56	-3.82498e-28	1.58298e-59	1.43628e-27	-1.77677e-55	-2.96002e-27	1.33492e-56	-1.34711e-27	-4.24325e-60	5.08323e-27	-5.04397e-56	1.10975e-26	3.77154e-57	-4.78132e-27	1.14317e-60	1.79841e-26	-1.43341e-56	-4.14298e-26	1.02896e-57	-1.87408e-26	-3.29429e-61	6.60659e-26	-4.21155e-57	1.54622e-25	3.28201e-58	-6.43689e-26	8.82732e-62	2.41461e-25	-1.24409e-57	-6.24111e-25	9.34925e-59	-2.26610e-25	-2.36640e-62	8.54990e-25	-3.53310e-58	2.34182e-24	2.63983e-59	-8.05262e-25	6.38266e-63	3.02637e-24	-1.00471e-58	-8.74318e-24	7.13291e-60	-3.22289e-24	-1.86669e-63	1.12104e-23	-2.97589e-59	3.26309e-23	2.33851e-60	-1.10183e-23	5.00199e-64	4.12732e-23	-8.87193e-60	-1.34092e-22	6.66936e-61	-3.87681e-23	-1.34107e-64	1.46245e-22	-2.52086e-60	5.03739e-22	1.88155e-61	-1.37987e-22	3.62289e-65	5.18005e-22	-7.17517e-61	-1.88086e-21	5.01189e-62	-5.67905e-22	-1.08087e-65	1.94062e-21	-2.14937e-61	7.01971e-21	1.70878e-62	-1.93039e-21	2.89634e-66	7.21675e-21	-6.49033e-62	-2.95852e-20	4.88120e-63	-6.78688e-21	-7.76653e-67	2.55960e-20	-1.84549e-62	1.11321e-19	1.37545e-63	-2.42104e-20	2.10271e-67	9.07460e-20	-5.25957e-63	-4.15699e-19	3.58459e-64	-1.03410e-19	-6.44318e-68	3.45224e-19	-1.60093e-63	1.55148e-18	1.29371e-64	-3.49137e-19	1.72657e-68	1.30163e-18	-4.92171e-64	-6.77943e-18	3.70373e-65	-1.22618e-18	-4.63084e-69	4.62281e-18	-1.40087e-64	2.55662e-17	1.04181e-65	-4.38808e-18	1.25768e-69	1.64111e-17	-3.99995e-65	-9.54855e-17	2.61809e-66	-1.97184e-17	-3.99898e-70	6.37966e-17	-1.24702e-65	3.56376e-16	1.03229e-66	-6.60837e-17	1.07163e-70	2.45360e-16	-3.93628e-66	-1.64477e-15	2.96458e-67	-2.31726e-16	-2.87531e-71	8.73173e-16	-1.12207e-66	6.22271e-15	8.31247e-68	-8.33678e-16	7.84946e-72	3.10656e-15	-3.21440e-67	-2.32461e-14	1.93473e-68	-4.05086e-15	-2.64476e-72	1.25032e-14	-1.04589e-67	8.67615e-14	9.02702e-69	-1.34900e-14	7.08695e-73	4.97252e-14	-3.45511e-68	-4.42012e-13	2.60784e-69	-4.71288e-14	-1.90016e-73	1.77535e-13	-9.86676e-69	1.68129e-12	7.33920e-70	-1.68056e-13	5.13704e-74	6.29788e-13	-2.81770e-69	-6.28314e-12	1.86401e-70	-7.19508e-13	-1.54655e-74	2.39841e-12	-8.75706e-70	2.34513e-11	6.75672e-71	-2.37837e-12	4.14255e-75	9.27105e-12	-2.69200e-70	-1.00118e-10	1.96042e-71	-8.31032e-12	-1.10470e-75	3.29480e-11	-7.56006e-71	3.77022e-10	6.35917e-72	-2.78745e-11	2.76253e-76	1.14273e-10	-1.80647e-71	-1.40797e-09	6.17622e-75	-1.87248e-13	-3.11325e-79	2.60412e-10	-1.12047e-77	5.25485e-09
